"sample_key","cluster_dtw","Date","Sample_ID","MouseID","Sex","Age","Genotype","Replicate","Average_diameter..um.","C.s.a..um.squared.","C.s.a..mm.squared.","Date_ID","FileName","exclusion_reason"
"210330.MRC.Sample.A1Data",4,"30.03.2021","A","156.3","F","8wks","Tm1b Wt",1,181.414,25848.2699,0.02584827,210330,"210330 MRC Sample A1Data.csv",NA
"210330.MRC.Sample.A10Data",4,"30.03.2021","A","156.3","F","8wks","Tm1b Wt",10,207.4026667,33784.58227,0.033784582,210330,"210330 MRC Sample A10Data.csv",NA
"210330.MRC.Sample.A3Data",2,"30.03.2021","A","156.3","F","8wks","Tm1b Wt",3,137.292,14804.04323,0.014804043,210330,"210330 MRC Sample A3Data.csv",NA
"210330.MRC.Sample.A2Data",2,"30.03.2021","A","156.3","F","8wks","Tm1b Wt",2,166.145,21680.25737,0.021680257,210330,"210330 MRC Sample A2Data.csv",NA
"210330.MRC.Sample.A5Data",2,"30.03.2021","A","156.3","F","8wks","Tm1b Wt",5,170.9096667,22941.57002,0.02294157,210330,"210330 MRC Sample A5Data.csv",NA
"210330.MRC.Sample.A4Data",4,"30.03.2021","A","156.3","F","8wks","Tm1b Wt",4,139.3526667,15251.77709,0.015251777,210330,"210330 MRC Sample A4Data.csv",NA
"210330.MRC.Sample.A7Data",2,"30.03.2021","A","156.3","F","8wks","Tm1b Wt",7,143.5226667,16178.22502,0.016178225,210330,"210330 MRC Sample A7Data.csv",NA
"210330.MRC.Sample.A9Data",2,"30.03.2021","A","156.3","F","8wks","Tm1b Wt",9,120.313,11368.80961,0.01136881,210330,"210330 MRC Sample A9Data.csv",NA
"210330.MRC.Sample.B1Data",4,"30.03.2021","B","156.5","F","8wks","Tm1b Wt",1,179.37,25269.08392,0.025269084,210330,"210330 MRC Sample B1Data.csv",NA
"210330.MRC.Sample.B10Data",4,"30.03.2021","B","156.5","F","8wks","Tm1b Wt",10,129.494,13170.10307,0.013170103,210330,"210330 MRC Sample B10Data.csv",NA
"210330.MRC.Sample.B2Data",2,"30.03.2021","B","156.5","F","8wks","Tm1b Wt",2,194.3963333,29680.14507,0.029680145,210330,"210330 MRC Sample B2Data.csv",NA
"210330.MRC.Sample.B3Data",2,"30.03.2021","B","156.5","F","8wks","Tm1b Wt",3,177.088,24630.21187,0.024630212,210330,"210330 MRC Sample B3Data.csv",NA
"210330.MRC.Sample.B4Data",1,"30.03.2021","B","156.5","F","8wks","Tm1b Wt",4,223.92,39379.9946,0.039379995,210330,"210330 MRC Sample B4Data.csv",NA
"210330.MRC.Sample.B5Data",4,"30.03.2021","B","156.5","F","8wks","Tm1b Wt",5,100.7156667,7966.800561,0.007966801,210330,"210330 MRC Sample B5Data.csv",NA
"210330.MRC.Sample.B7Data",4,"30.03.2021","B","156.5","F","8wks","Tm1b Wt",7,204.748,32925.26035,0.03292526,210330,"210330 MRC Sample B7Data.csv",NA
"210330.MRC.Sample.B8Data",4,"30.03.2021","B","156.5","F","8wks","Tm1b Wt",8,108.513,9248.11927,0.009248119,210330,"210330 MRC Sample B8Data.csv",NA
"210330.MRC.Sample.C1Data",3,"30.03.2021","C","180.2","F","8wks","Tm1b Wt",1,168.4156667,22276.90532,0.022276905,210330,"210330 MRC Sample C1Data.csv",NA
"210330.MRC.Sample.C10Data",4,"30.03.2021","C","180.2","F","8wks","Tm1b Wt",10,139.0203333,15179.11783,0.015179118,210330,"210330 MRC Sample C10Data.csv",NA
"210330.MRC.Sample.C2Data",5,"30.03.2021","C","180.2","F","8wks","Tm1b Wt",2,128.1366667,12895.45665,0.012895457,210330,"210330 MRC Sample C2Data.csv",NA
"210330.MRC.Sample.C3Data",3,"30.03.2021","C","180.2","F","8wks","Tm1b Wt",3,176.4836667,24462.39181,0.024462392,210330,"210330 MRC Sample C3Data.csv",NA
"210330.MRC.Sample.C4Data",4,"30.03.2021","C","180.2","F","8wks","Tm1b Wt",4,143.5433333,16182.88453,0.016182885,210330,"210330 MRC Sample C4Data.csv",NA
"210330.MRC.Sample.C5Data",4,"30.03.2021","C","180.2","F","8wks","Tm1b Wt",5,151.0146667,17911.34249,0.017911342,210330,"210330 MRC Sample C5Data.csv",NA
"210330.MRC.Sample.C6Data",2,"30.03.2021","C","180.2","F","8wks","Tm1b Wt",6,210.427,34777.05551,0.034777056,210330,"210330 MRC Sample C6Data.csv",NA
"210330.MRC.Sample.C7Data",5,"30.03.2021","C","180.2","F","8wks","Tm1b Wt",7,148.529,17326.56194,0.017326562,210330,"210330 MRC Sample C7Data.csv",NA
"210330.MRC.Sample.C8Data",2,"30.03.2021","C","180.2","F","8wks","Tm1b Wt",8,161.0143333,20361.93082,0.020361931,210330,"210330 MRC Sample C8Data.csv",NA
"210330.MRC.Sample.C9Data",1,"30.03.2021","C","180.2","F","8wks","Tm1b Wt",9,172.8653333,23469.6005,0.023469601,210330,"210330 MRC Sample C9Data.csv",NA
"210407.MRC.Sample.A1Data",4,"07.04.2021","A","104.1","F","8wks","Tm1b Het",1,125.5006667,12370.34885,0.012370349,210407,"210407 MRC Sample A1Data.csv",NA
"210407.MRC.Sample.A10Data",4,"07.04.2021","A","104.1","F","8wks","Tm1b Het",10,129.085,13087.04029,0.01308704,210407,"210407 MRC Sample A10Data.csv",NA
"210407.MRC.Sample.A3Data",4,"07.04.2021","A","104.1","F","8wks","Tm1b Het",3,137.4383333,14835.61796,0.014835618,210407,"210407 MRC Sample A3Data.csv",NA
"210407.MRC.Sample.A4Data",4,"07.04.2021","A","104.1","F","8wks","Tm1b Het",4,155.272,18935.47376,0.018935474,210407,"210407 MRC Sample A4Data.csv",NA
"210407.MRC.Sample.A5Data",4,"07.04.2021","A","104.1","F","8wks","Tm1b Het",5,158.514,19734.45476,0.019734455,210407,"210407 MRC Sample A5Data.csv",NA
"210407.MRC.Sample.A6Data",4,"07.04.2021","A","104.1","F","8wks","Tm1b Het",6,96.62233333,7332.379313,0.007332379,210407,"210407 MRC Sample A6Data.csv",NA
"210407.MRC.Sample.A7Data",4,"07.04.2021","A","104.1","F","8wks","Tm1b Het",7,113.4313333,10105.45692,0.010105457,210407,"210407 MRC Sample A7Data.csv",NA
"210407.MRC.Sample.A8Data",3,"07.04.2021","A","104.1","F","8wks","Tm1b Het",8,165.826,21597.08469,0.021597085,210407,"210407 MRC Sample A8Data.csv",NA
"210407.MRC.Sample.A9Data",3,"07.04.2021","A","104.1","F","8wks","Tm1b Het",9,153.95,18614.40967,0.01861441,210407,"210407 MRC Sample A9Data.csv",NA
"210407.MRC.Sample.B1Data",4,"07.04.2021","B","106.3","F","8wks","Tm1b Het",1,109.6926667,9450.288579,0.009450289,210407,"210407 MRC Sample B1Data.csv",NA
"210407.MRC.Sample.B10Data",2,"07.04.2021","B","106.3","F","8wks","Tm1b Het",10,90.14866667,6382.759738,0.00638276,210407,"210407 MRC Sample B10Data.csv",NA
"210407.MRC.Sample.B2Data",4,"07.04.2021","B","106.3","F","8wks","Tm1b Het",2,73.79733333,4277.314846,0.004277315,210407,"210407 MRC Sample B2Data.csv",NA
"210407.MRC.Sample.B4Data",4,"07.04.2021","B","106.3","F","8wks","Tm1b Het",4,133.6743333,14034.14421,0.014034144,210407,"210407 MRC Sample B4Data.csv",NA
"210407.MRC.Sample.B6Data",3,"07.04.2021","B","106.3","F","8wks","Tm1b Het",6,116.057,10578.70634,0.010578706,210407,"210407 MRC Sample B6Data.csv",NA
"210407.MRC.Sample.B8Data",1,"07.04.2021","B","106.3","F","8wks","Tm1b Het",8,182.1336667,26053.75609,0.026053756,210407,"210407 MRC Sample B8Data.csv",NA
"210407.MRC.Sample.B9Data",3,"07.04.2021","B","106.3","F","8wks","Tm1b Het",9,89.033,6225.753136,0.006225753,210407,"210407 MRC Sample B9Data.csv",NA
"210407.MRC.Sample.C2Data",4,"07.04.2021","C","177.2","F","8wks","Tm1b Hom",2,129.5093333,13173.22218,0.013173222,210407,"210407 MRC Sample C2Data.csv",NA
"210407.MRC.Sample.C4Data",1,"07.04.2021","C","177.2","F","8wks","Tm1b Hom",4,143.2556667,16118.08723,0.016118087,210407,"210407 MRC Sample C4Data.csv",NA
"210407.MRC.Sample.C5Data",3,"07.04.2021","C","177.2","F","8wks","Tm1b Hom",5,165.2366667,21443.84859,0.021443849,210407,"210407 MRC Sample C5Data.csv",NA
"210407.MRC.Sample.C6Data",3,"07.04.2021","C","177.2","F","8wks","Tm1b Hom",6,140.4568,15494.42346,0.015494423,210407,"210407 MRC Sample C6Data.csv",NA
"210407.MRC.Sample.C7Data",4,"07.04.2021","C","177.2","F","8wks","Tm1b Hom",7,125.2983333,12330.49381,0.012330494,210407,"210407 MRC Sample C7Data.csv",NA
"210407.MRC.Sample.C8Data",3,"07.04.2021","C","177.2","F","8wks","Tm1b Hom",8,156.496,19235.18486,0.019235185,210407,"210407 MRC Sample C8Data.csv",NA
"210407.MRC.Sample.C9Data",3,"07.04.2021","C","177.2","F","8wks","Tm1b Hom",9,133.0625,13905.96842,0.013905968,210407,"210407 MRC Sample C9Data.csv",NA
"210408.MRC.Sample.A1Data",1,"08.04.2021","A","107.1","F","8wks","Tm1b Het",1,154.612,18774.84142,0.018774841,210408,"210408 MRC Sample A1Data.csv",NA
"210408.MRC.Sample.A10Data",4,"08.04.2021","A","107.1","F","8wks","Tm1b Het",10,116.2836667,10620.06847,0.010620068,210408,"210408 MRC Sample A10Data.csv",NA
"210408.MRC.Sample.A2Data",4,"08.04.2021","A","107.1","F","8wks","Tm1b Het",2,150.8093333,17862.66779,0.017862668,210408,"210408 MRC Sample A2Data.csv",NA
"210408.MRC.Sample.A3Data",2,"08.04.2021","A","107.1","F","8wks","Tm1b Het",3,165.8553333,21604.72607,0.021604726,210408,"210408 MRC Sample A3Data.csv",NA
"210408.MRC.Sample.A4Data",2,"08.04.2021","A","107.1","F","8wks","Tm1b Het",4,121.0736667,11513.02033,0.01151302,210408,"210408 MRC Sample A4Data.csv",NA
"210408.MRC.Sample.A5Data",2,"08.04.2021","A","107.1","F","8wks","Tm1b Het",5,153.5913333,18527.77646,0.018527776,210408,"210408 MRC Sample A5Data.csv",NA
"210408.MRC.Sample.A6Data",4,"08.04.2021","A","107.1","F","8wks","Tm1b Het",6,83.30233333,5450.096776,0.005450097,210408,"210408 MRC Sample A6Data.csv",NA
"210408.MRC.Sample.A7Data",2,"08.04.2021","A","107.1","F","8wks","Tm1b Het",7,137.209,14786.14905,0.014786149,210408,"210408 MRC Sample A7Data.csv",NA
"210408.MRC.Sample.A8Data",1,"08.04.2021","A","107.1","F","8wks","Tm1b Het",8,168.599,22325.43194,0.022325432,210408,"210408 MRC Sample A8Data.csv",NA
"210408.MRC.Sample.A9Data",4,"08.04.2021","A","107.1","F","8wks","Tm1b Het",9,100.26,7894.875431,0.007894875,210408,"210408 MRC Sample A9Data.csv",NA
"210408.MRC.Sample.B1Data",1,"08.04.2021","B","227.2","F","8wks","Tm1b Hom",1,108.822,9300.863874,0.009300864,210408,"210408 MRC Sample B1Data.csv",NA
"210408.MRC.Sample.B10Data",2,"08.04.2021","B","227.2","F","8wks","Tm1b Hom",10,94.44766667,7006.035727,0.007006036,210408,"210408 MRC Sample B10Data.csv",NA
"210408.MRC.Sample.B2Data",4,"08.04.2021","B","227.2","F","8wks","Tm1b Hom",2,88.59833333,6165.112214,0.006165112,210408,"210408 MRC Sample B2Data.csv",NA
"210408.MRC.Sample.B3Data",2,"08.04.2021","B","227.2","F","8wks","Tm1b Hom",3,126.8586667,12639.50793,0.012639508,210408,"210408 MRC Sample B3Data.csv",NA
"210408.MRC.Sample.B4Data",1,"08.04.2021","B","227.2","F","8wks","Tm1b Hom",4,159.698,20030.36374,0.020030364,210408,"210408 MRC Sample B4Data.csv",NA
"210408.MRC.Sample.B5Data",1,"08.04.2021","B","227.2","F","8wks","Tm1b Hom",5,141.3276667,15687.15758,0.015687158,210408,"210408 MRC Sample B5Data.csv",NA
"210408.MRC.Sample.B6Data",4,"08.04.2021","B","227.2","F","8wks","Tm1b Hom",6,102.9756667,8328.352647,0.008328353,210408,"210408 MRC Sample B6Data.csv",NA
"210408.MRC.Sample.B7Data",3,"08.04.2021","B","227.2","F","8wks","Tm1b Hom",7,121.7463333,11641.30484,0.011641305,210408,"210408 MRC Sample B7Data.csv",NA
"210408.MRC.Sample.B8Data",4,"08.04.2021","B","227.2","F","8wks","Tm1b Hom",8,144.0266667,16292.04874,0.016292049,210408,"210408 MRC Sample B8Data.csv",NA
"210408.MRC.Sample.B9Data",4,"08.04.2021","B","227.2","F","8wks","Tm1b Hom",9,117.701,10880.53341,0.010880533,210408,"210408 MRC Sample B9Data.csv",NA
"210408.MRC.Sample.C10Data",3,"08.04.2021","C","227.3","F","8wks","Tm1b Hom",10,94.3475,6991.183076,0.006991183,210408,"210408 MRC Sample C10Data.csv",NA
"210408.MRC.Sample.C2Data",4,"08.04.2021","C","227.3","F","8wks","Tm1b Hom",2,101.549,8099.18247,0.008099182,210408,"210408 MRC Sample C2Data.csv",NA
"210408.MRC.Sample.C3Data",2,"08.04.2021","C","227.3","F","8wks","Tm1b Hom",3,135.4073333,14400.38992,0.01440039,210408,"210408 MRC Sample C3Data.csv",NA
"210408.MRC.Sample.C4Data",3,"08.04.2021","C","227.3","F","8wks","Tm1b Hom",4,125.3386667,12338.43344,0.012338433,210408,"210408 MRC Sample C4Data.csv",NA
"210408.MRC.Sample.C6Data",3,"08.04.2021","C","227.3","F","8wks","Tm1b Hom",6,101.2553333,8052.406607,0.008052407,210408,"210408 MRC Sample C6Data.csv",NA
"210408.MRC.Sample.C7Data",3,"08.04.2021","C","227.3","F","8wks","Tm1b Hom",7,137.515,14852.17397,0.014852174,210408,"210408 MRC Sample C7Data.csv",NA
"210408.MRC.Sample.C8Data",3,"08.04.2021","C","227.3","F","8wks","Tm1b Hom",8,103.6176667,8432.522299,0.008432522,210408,"210408 MRC Sample C8Data.csv",NA
"210408.MRC.Sample.C9Data",3,"08.04.2021","C","227.3","F","8wks","Tm1b Hom",9,104.823,8629.846107,0.008629846,210408,"210408 MRC Sample C9Data.csv",NA
"210409.MRC.Sample.A1Data",1,"09.04.2021","A","175.1","F","8wks","Tm1b Wt",1,128.4556667,12959.74381,0.012959744,210409,"210409 MRC Sample A1Data.csv",NA
"210409.MRC.Sample.A2Data",4,"09.04.2021","A","175.1","F","8wks","Tm1b Wt",2,89.829,6337.573534,0.006337574,210409,"210409 MRC Sample A2Data.csv",NA
"210409.MRC.Sample.A3Data",2,"09.04.2021","A","175.1","F","8wks","Tm1b Wt",3,194.5676667,29732.48599,0.029732486,210409,"210409 MRC Sample A3Data.csv",NA
"210409.MRC.Sample.A4Data",3,"09.04.2021","A","175.1","F","8wks","Tm1b Wt",4,180.3016667,25532.26622,0.025532266,210409,"210409 MRC Sample A4Data.csv",NA
"210409.MRC.Sample.A5Data",2,"09.04.2021","A","175.1","F","8wks","Tm1b Wt",5,135.9643333,14519.10601,0.014519106,210409,"210409 MRC Sample A5Data.csv",NA
"210409.MRC.Sample.A6Data",2,"09.04.2021","A","175.1","F","8wks","Tm1b Wt",6,176.869,24569.33048,0.02456933,210409,"210409 MRC Sample A6Data.csv",NA
"210409.MRC.Sample.A7Data",2,"09.04.2021","A","175.1","F","8wks","Tm1b Wt",7,114.6273333,10319.68069,0.010319681,210409,"210409 MRC Sample A7Data.csv",NA
"210409.MRC.Sample.A8Data",1,"09.04.2021","A","175.1","F","8wks","Tm1b Wt",8,132.534,13795.72385,0.013795724,210409,"210409 MRC Sample A8Data.csv",NA
"210409.MRC.Sample.A9Data",2,"09.04.2021","A","175.1","F","8wks","Tm1b Wt",9,106.0523333,8833.44964,0.00883345,210409,"210409 MRC Sample A9Data.csv",NA
"210409.MRC.Sample.B1Data",2,"09.04.2021","B","107.3","F","8wks","Tm1b Het",1,136.457,14624.51659,0.014624517,210409,"210409 MRC Sample B1Data.csv",NA
"210409.MRC.Sample.B10Data",4,"09.04.2021","B","107.3","F","8wks","Tm1b Het",10,128.483,12965.25965,0.01296526,210409,"210409 MRC Sample B10Data.csv",NA
"210409.MRC.Sample.B2Data",2,"09.04.2021","B","107.3","F","8wks","Tm1b Het",2,103.4416667,8403.900471,0.0084039,210409,"210409 MRC Sample B2Data.csv",NA
"210409.MRC.Sample.B3Data",2,"09.04.2021","B","107.3","F","8wks","Tm1b Het",3,99.17233333,7724.51008,0.00772451,210409,"210409 MRC Sample B3Data.csv",NA
"210409.MRC.Sample.B4Data",1,"09.04.2021","B","107.3","F","8wks","Tm1b Het",4,144.2723333,16347.67491,0.016347675,210409,"210409 MRC Sample B4Data.csv",NA
"210409.MRC.Sample.B5Data",1,"09.04.2021","B","107.3","F","8wks","Tm1b Het",5,115.425,10463.80524,0.010463805,210409,"210409 MRC Sample B5Data.csv",NA
"210409.MRC.Sample.B6Data",2,"09.04.2021","B","107.3","F","8wks","Tm1b Het",6,95.87433333,7219.29179,0.007219292,210409,"210409 MRC Sample B6Data.csv",NA
"210409.MRC.Sample.B7Data",2,"09.04.2021","B","107.3","F","8wks","Tm1b Het",7,149.043,17446.69017,0.01744669,210409,"210409 MRC Sample B7Data.csv",NA
"210409.MRC.Sample.B8Data",2,"09.04.2021","B","107.3","F","8wks","Tm1b Het",8,116.4433333,10649.25287,0.010649253,210409,"210409 MRC Sample B8Data.csv",NA
"210409.MRC.Sample.B9Data",2,"09.04.2021","B","107.3","F","8wks","Tm1b Het",9,105.5033333,8742.230308,0.00874223,210409,"210409 MRC Sample B9Data.csv",NA
"210409.MRC.Sample.C1Data",4,"09.04.2021","C","227.4","F","8wks","Tm1b Hom",1,104.2863333,8541.707142,0.008541707,210409,"210409 MRC Sample C1Data.csv",NA
"210409.MRC.Sample.C10Data",4,"09.04.2021","C","227.4","F","8wks","Tm1b Hom",10,102.979,8328.891829,0.008328892,210409,"210409 MRC Sample C10Data.csv",NA
"210409.MRC.Sample.C3Data",2,"09.04.2021","C","227.4","F","8wks","Tm1b Hom",3,160.9443333,20344.23022,0.02034423,210409,"210409 MRC Sample C3Data.csv",NA
"210409.MRC.Sample.C4Data",3,"09.04.2021","C","227.4","F","8wks","Tm1b Hom",4,111.0046667,9677.704467,0.009677704,210409,"210409 MRC Sample C4Data.csv",NA
"210409.MRC.Sample.C5Data",4,"09.04.2021","C","227.4","F","8wks","Tm1b Hom",5,107.0593333,9001.998794,0.009001999,210409,"210409 MRC Sample C5Data.csv",NA
"210409.MRC.Sample.C7Data",4,"09.04.2021","C","227.4","F","8wks","Tm1b Hom",7,110.3326667,9560.885374,0.009560885,210409,"210409 MRC Sample C7Data.csv",NA
"210409.MRC.Sample.C8Data",4,"09.04.2021","C","227.4","F","8wks","Tm1b Hom",8,109.0726667,9343.761486,0.009343761,210409,"210409 MRC Sample C8Data.csv",NA
"210409.MRC.Sample.C9Data",3,"09.04.2021","C","227.4","F","8wks","Tm1b Hom",9,105.4823333,8738.750445,0.00873875,210409,"210409 MRC Sample C9Data.csv",NA
"210412.MRC.Sample.A1Data",3,"12.04.2021","A","106.1","F","8wks","oim Wt",1,111.659,9792.134035,0.009792134,210412,"210412 MRC Sample A1Data.csv",NA
"210412.MRC.Sample.A10Data",3,"12.04.2021","A","106.1","F","8wks","oim Wt",10,154.2873333,18696.07437,0.018696074,210412,"210412 MRC Sample A10Data.csv",NA
"210412.MRC.Sample.A2Data",3,"12.04.2021","A","106.1","F","8wks","oim Wt",2,89.809,6334.751787,0.006334752,210412,"210412 MRC Sample A2Data.csv",NA
"210412.MRC.Sample.A3Data",4,"12.04.2021","A","106.1","F","8wks","oim Wt",3,88.22466667,6113.218711,0.006113219,210412,"210412 MRC Sample A3Data.csv",NA
"210412.MRC.Sample.A4Data",4,"12.04.2021","A","106.1","F","8wks","oim Wt",4,146.8063333,16926.97936,0.016926979,210412,"210412 MRC Sample A4Data.csv",NA
"210412.MRC.Sample.A5Data",4,"12.04.2021","A","106.1","F","8wks","oim Wt",5,124.3303333,12140.70977,0.01214071,210412,"210412 MRC Sample A5Data.csv",NA
"210412.MRC.Sample.A6Data",5,"12.04.2021","A","106.1","F","8wks","oim Wt",6,120.5673333,11416.92615,0.011416926,210412,"210412 MRC Sample A6Data.csv",NA
"210412.MRC.Sample.A8Data",4,"12.04.2021","A","106.1","F","8wks","oim Wt",8,106.6613333,8935.192178,0.008935192,210412,"210412 MRC Sample A8Data.csv",NA
"210412.MRC.Sample.A9Data",2,"12.04.2021","A","106.1","F","8wks","oim Wt",9,127.8223333,12832.26629,0.012832266,210412,"210412 MRC Sample A9Data.csv",NA
"210412.MRC.Sample.B1Data",4,"12.04.2021","B","114.1","F","8wks","oim Het",1,91.07833333,6515.08417,0.006515084,210412,"210412 MRC Sample B1Data.csv",NA
"210412.MRC.Sample.B2Data",4,"12.04.2021","B","114.1","F","8wks","oim Het",2,93.38933333,6849.903159,0.006849903,210412,"210412 MRC Sample B2Data.csv",NA
"210412.MRC.Sample.B4Data",3,"12.04.2021","B","114.1","F","8wks","oim Het",4,128.8663333,13042.73962,0.01304274,210412,"210412 MRC Sample B4Data.csv",NA
"210412.MRC.Sample.B5Data",4,"12.04.2021","B","114.1","F","8wks","oim Het",5,101.066,8022.321014,0.008022321,210412,"210412 MRC Sample B5Data.csv",NA
"210412.MRC.Sample.B6Data",3,"12.04.2021","B","114.1","F","8wks","oim Het",6,131.651,13612.50982,0.01361251,210412,"210412 MRC Sample B6Data.csv",NA
"210412.MRC.Sample.B7Data",4,"12.04.2021","B","114.1","F","8wks","oim Het",7,101.5056667,8092.271729,0.008092272,210412,"210412 MRC Sample B7Data.csv",NA
"210412.MRC.Sample.B9Data",4,"12.04.2021","B","114.1","F","8wks","oim Het",9,108.2323333,9200.340988,0.009200341,210412,"210412 MRC Sample B9Data.csv",NA
"210412.MRC.Sample.C1Data",4,"12.04.2021","C","114.3","F","8wks","oim Hom",1,102.1303333,8192.177994,0.008192178,210412,"210412 MRC Sample C1Data.csv",NA
"210412.MRC.Sample.C2Data",3,"12.04.2021","C","114.3","F","8wks","oim Hom",2,88.67366667,6175.600808,0.006175601,210412,"210412 MRC Sample C2Data.csv",NA
"210412.MRC.Sample.C3Data",3,"12.04.2021","C","114.3","F","8wks","oim Hom",3,102.244,8210.42323,0.008210423,210412,"210412 MRC Sample C3Data.csv",NA
"210412.MRC.Sample.C6Data",3,"12.04.2021","C","114.3","F","8wks","oim Hom",6,97.913,7529.577296,0.007529577,210412,"210412 MRC Sample C6Data.csv",NA
"210412.MRC.Sample.C7Data",4,"12.04.2021","C","114.3","F","8wks","oim Hom",7,87.541,6018.841241,0.006018841,210412,"210412 MRC Sample C7Data.csv",NA
"210412.MRC.Sample.C8Data",3,"12.04.2021","C","114.3","F","8wks","oim Hom",8,129.012,13072.24254,0.013072243,210412,"210412 MRC Sample C8Data.csv",NA
"210413.MRC.Sample.A1Data",3,"13.04.2021","A","108.1","F","8wks","oim Wt",1,86.59333333,5889.233812,0.005889234,210413,"210413 MRC Sample A1Data.csv",NA
"210413.MRC.Sample.A10Data",4,"13.04.2021","A","108.1","F","8wks","oim Wt",10,115.2663333,10435.05729,0.010435057,210413,"210413 MRC Sample A10Data.csv",NA
"210413.MRC.Sample.A11Data",4,"13.04.2021","A","108.1","F","8wks","oim Wt",11,134.1183333,14127.52801,0.014127528,210413,"210413 MRC Sample A11Data.csv",NA
"210413.MRC.Sample.A2Data",3,"13.04.2021","A","108.1","F","8wks","oim Wt",2,99.64033333,7797.586925,0.007797587,210413,"210413 MRC Sample A2Data.csv",NA
"210413.MRC.Sample.A3Data",3,"13.04.2021","A","108.1","F","8wks","oim Wt",3,90.289,6402.647133,0.006402647,210413,"210413 MRC Sample A3Data.csv",NA
"210413.MRC.Sample.A4Data",3,"13.04.2021","A","108.1","F","8wks","oim Wt",4,101.5203333,8094.61041,0.00809461,210413,"210413 MRC Sample A4Data.csv",NA
"210413.MRC.Sample.A6Data",3,"13.04.2021","A","108.1","F","8wks","oim Wt",6,89.33566667,6268.153838,0.006268154,210413,"210413 MRC Sample A6Data.csv",NA
"210413.MRC.Sample.A7Data",3,"13.04.2021","A","108.1","F","8wks","oim Wt",7,112.7003333,9975.628843,0.009975629,210413,"210413 MRC Sample A7Data.csv",NA
"210413.MRC.Sample.A8Data",3,"13.04.2021","A","108.1","F","8wks","oim Wt",8,111.848,9825.311471,0.009825311,210413,"210413 MRC Sample A8Data.csv",NA
"210413.MRC.Sample.A9Data",4,"13.04.2021","A","108.1","F","8wks","oim Wt",9,106.5396667,8914.819389,0.008914819,210413,"210413 MRC Sample A9Data.csv",NA
"210413.MRC.Sample.B1Data",3,"13.04.2021","B","116.1","F","8wks","oim Het",1,98.877,7678.571695,0.007678572,210413,"210413 MRC Sample B1Data.csv",NA
"210413.MRC.Sample.B10Data",4,"13.04.2021","B","116.1","F","8wks","oim Het",10,76.10033333,4548.445543,0.004548446,210413,"210413 MRC Sample B10Data.csv",NA
"210413.MRC.Sample.B2Data",4,"13.04.2021","B","116.1","F","8wks","oim Het",2,84.08933333,5553.562964,0.005553563,210413,"210413 MRC Sample B2Data.csv",NA
"210413.MRC.Sample.B3Data",4,"13.04.2021","B","116.1","F","8wks","oim Het",3,73.43066667,4234.916226,0.004234916,210413,"210413 MRC Sample B3Data.csv",NA
"210413.MRC.Sample.B4Data",3,"13.04.2021","B","116.1","F","8wks","oim Het",4,89.41233333,6278.916944,0.006278917,210413,"210413 MRC Sample B4Data.csv",NA
"210413.MRC.Sample.B6Data",3,"13.04.2021","B","116.1","F","8wks","oim Het",6,70.30233333,3881.766076,0.003881766,210413,"210413 MRC Sample B6Data.csv",NA
"210413.MRC.Sample.B7Data",3,"13.04.2021","B","116.1","F","8wks","oim Het",7,66.17766667,3439.638349,0.003439638,210413,"210413 MRC Sample B7Data.csv",NA
"210413.MRC.Sample.B9Data",3,"13.04.2021","B","116.1","F","8wks","oim Het",9,63.38366667,3155.32864,0.003155329,210413,"210413 MRC Sample B9Data.csv",NA
"210413.MRC.Sample.C2Data",3,"13.04.2021","C","152.2","F","8wks","oim Hom",2,66.781,3502.641729,0.003502642,210413,"210413 MRC Sample C2Data.csv",NA
"210413.MRC.Sample.C5Data",3,"13.04.2021","C","152.2","F","8wks","oim Hom",5,93.96433333,6934.512814,0.006934513,210413,"210413 MRC Sample C5Data.csv",NA
"210413.MRC.Sample.C8Data",3,"13.04.2021","C","152.2","F","8wks","oim Hom",8,90.01966667,6364.505737,0.006364506,210413,"210413 MRC Sample C8Data.csv",NA
"210415.MRC.Sample.A1Data",1,"15.04.2021","A","108.2","F","8wks","oim Wt",1,143.835,16248.71558,0.016248716,210415,"210415 MRC Sample A1Data.csv",NA
"210415.MRC.Sample.A2Data",4,"15.04.2021","A","108.2","F","8wks","oim Wt",2,172.8923333,23476.93255,0.023476933,210415,"210415 MRC Sample A2Data.csv",NA
"210415.MRC.Sample.A3Data",4,"15.04.2021","A","108.2","F","8wks","oim Wt",3,90.97,6499.594624,0.006499595,210415,"210415 MRC Sample A3Data.csv",NA
"210415.MRC.Sample.A4Data",3,"15.04.2021","A","108.2","F","8wks","oim Wt",4,118.753,11075.90089,0.011075901,210415,"210415 MRC Sample A4Data.csv",NA
"210415.MRC.Sample.A5Data",3,"15.04.2021","A","108.2","F","8wks","oim Wt",5,81.56533333,5225.17827,0.005225178,210415,"210415 MRC Sample A5Data.csv",NA
"210415.MRC.Sample.A6Data",3,"15.04.2021","A","108.2","F","8wks","oim Wt",6,67.62966667,3592.231982,0.003592232,210415,"210415 MRC Sample A6Data.csv",NA
"210415.MRC.Sample.A7Data",4,"15.04.2021","A","108.2","F","8wks","oim Wt",7,97.27333333,7431.517043,0.007431517,210415,"210415 MRC Sample A7Data.csv",NA
"210415.MRC.Sample.A8Data",4,"15.04.2021","A","108.2","F","8wks","oim Wt",8,84.85033333,5654.536176,0.005654536,210415,"210415 MRC Sample A8Data.csv",NA
"210415.MRC.Sample.A9Data",3,"15.04.2021","A","108.2","F","8wks","oim Wt",9,129.2896667,13128.57269,0.013128573,210415,"210415 MRC Sample A9Data.csv",NA
"210415.MRC.Sample.B2Data",3,"15.04.2021","B","116.2","F","8wks","oim Het",2,101.2466667,8051.02823,0.008051028,210415,"210415 MRC Sample B2Data.csv",NA
"210415.MRC.Sample.B3Data",3,"15.04.2021","B","116.2","F","8wks","oim Het",3,90.33866667,6409.693077,0.006409693,210415,"210415 MRC Sample B3Data.csv",NA
"210415.MRC.Sample.B6Data",4,"15.04.2021","B","116.2","F","8wks","oim Het",6,91.17266667,6528.587006,0.006528587,210415,"210415 MRC Sample B6Data.csv",NA
"210415.MRC.Sample.B7Data",4,"15.04.2021","B","116.2","F","8wks","oim Het",7,72.325,4108.343671,0.004108344,210415,"210415 MRC Sample B7Data.csv",NA
"210415.MRC.Sample.B8Data",3,"15.04.2021","B","116.2","F","8wks","oim Het",8,77.81333333,4755.518998,0.004755519,210415,"210415 MRC Sample B8Data.csv",NA
"210415.MRC.Sample.B9Data",4,"15.04.2021","B","116.2","F","8wks","oim Het",9,65.905,3411.352595,0.003411353,210415,"210415 MRC Sample B9Data.csv",NA
"210415.MRC.Sample.C9Data",3,"15.04.2021","C","159.1","F","8wks","oim Hom",9,71.483,4013.242685,0.004013243,210415,"210415 MRC Sample C9Data.csv",NA
"210416.MRC.Sample.A1Data",4,"16.04.2021","A","108.5","F","8wks","oim Wt",1,100.2216667,7888.839549,0.00788884,210416,"210416 MRC Sample A1Data.csv",NA
"210416.MRC.Sample.A10Data",4,"16.04.2021","A","108.5","F","8wks","oim Wt",10,154.314,18702.53771,0.018702538,210416,"210416 MRC Sample A10Data.csv",NA
"210416.MRC.Sample.A2Data",5,"16.04.2021","A","108.5","F","8wks","oim Wt",2,129.968,13266.69525,0.013266695,210416,"210416 MRC Sample A2Data.csv",NA
"210416.MRC.Sample.A3Data",4,"16.04.2021","A","108.5","F","8wks","oim Wt",3,111.609,9783.366321,0.009783366,210416,"210416 MRC Sample A3Data.csv",NA
"210416.MRC.Sample.A4Data",5,"16.04.2021","A","108.5","F","8wks","oim Wt",4,112.129,9874.742497,0.009874742,210416,"210416 MRC Sample A4Data.csv",NA
"210416.MRC.Sample.A5Data",3,"16.04.2021","A","108.5","F","8wks","oim Wt",5,85.24,5706.591215,0.005706591,210416,"210416 MRC Sample A5Data.csv",NA
"210416.MRC.Sample.A6Data",4,"16.04.2021","A","108.5","F","8wks","oim Wt",6,100.9166667,7998.631255,0.007998631,210416,"210416 MRC Sample A6Data.csv",NA
"210416.MRC.Sample.A7Data",4,"16.04.2021","A","108.5","F","8wks","oim Wt",7,108.435,9234.828806,0.009234829,210416,"210416 MRC Sample A7Data.csv",NA
"210416.MRC.Sample.A9Data",4,"16.04.2021","A","108.5","F","8wks","oim Wt",9,129.0443333,13078.79576,0.013078796,210416,"210416 MRC Sample A9Data.csv",NA
"210416.MRC.Sample.B1Data",3,"16.04.2021","B","118.1","F","8wks","oim Het",1,103.473,8408.992458,0.008408992,210416,"210416 MRC Sample B1Data.csv",NA
"210416.MRC.Sample.B10Data",4,"16.04.2021","B","118.1","F","8wks","oim Het",10,76.779,4629.933829,0.004629934,210416,"210416 MRC Sample B10Data.csv",NA
"210416.MRC.Sample.B3Data",3,"16.04.2021","B","118.1","F","8wks","oim Het",3,103.3423333,8387.767955,0.008387768,210416,"210416 MRC Sample B3Data.csv",NA
"210416.MRC.Sample.B4Data",3,"16.04.2021","B","118.1","F","8wks","oim Het",4,85.79233333,5780.785311,0.005780785,210416,"210416 MRC Sample B4Data.csv",NA
"210416.MRC.Sample.B5Data",1,"16.04.2021","B","118.1","F","8wks","oim Het",5,103.623,8433.390381,0.00843339,210416,"210416 MRC Sample B5Data.csv",NA
"210416.MRC.Sample.B6Data",3,"16.04.2021","B","118.1","F","8wks","oim Het",6,114.329,10266.03383,0.010266034,210416,"210416 MRC Sample B6Data.csv",NA
"210416.MRC.Sample.B8Data",4,"16.04.2021","B","118.1","F","8wks","oim Het",8,75.59766667,4488.556163,0.004488556,210416,"210416 MRC Sample B8Data.csv",NA
"210416.MRC.Sample.B9Data",3,"16.04.2021","B","118.1","F","8wks","oim Het",9,77.14366667,4674.018594,0.004674019,210416,"210416 MRC Sample B9Data.csv",NA
"210416.MRC.Sample.C2Data",3,"16.04.2021","C","159.2","F","8wks","oim Hom",2,66.13166667,3434.858236,0.003434858,210416,"210416 MRC Sample C2Data.csv",NA
"210416.MRC.Sample.C6Data",3,"16.04.2021","C","159.2","F","8wks","oim Hom",6,99.665,7801.448098,0.007801448,210416,"210416 MRC Sample C6Data.csv",NA
"210419.MRC.Sample.A1Data",2,"19.04.2021","A","157.3","M","8wks","Tm1b Wt",1,150.7673333,17852.71977,0.01785272,210419,"210419 MRC Sample A1Data.csv",NA
"210419.MRC.Sample.A10Data",4,"19.04.2021","A","157.3","M","8wks","Tm1b Wt",10,118.998,11121.64955,0.01112165,210419,"210419 MRC Sample A10Data.csv",NA
"210419.MRC.Sample.A2Data",1,"19.04.2021","A","157.3","M","8wks","Tm1b Wt",2,154.5873333,18768.85125,0.018768851,210419,"210419 MRC Sample A2Data.csv",NA
"210419.MRC.Sample.A3Data",2,"19.04.2021","A","157.3","M","8wks","Tm1b Wt",3,153.7463333,18565.19074,0.018565191,210419,"210419 MRC Sample A3Data.csv",NA
"210419.MRC.Sample.A4Data",2,"19.04.2021","A","157.3","M","8wks","Tm1b Wt",4,144.7446667,16454.89148,0.016454891,210419,"210419 MRC Sample A4Data.csv",NA
"210419.MRC.Sample.A5Data",1,"19.04.2021","A","157.3","M","8wks","Tm1b Wt",5,124.5593333,12185.47411,0.012185474,210419,"210419 MRC Sample A5Data.csv",NA
"210419.MRC.Sample.A6Data",2,"19.04.2021","A","157.3","M","8wks","Tm1b Wt",6,110.2123333,9540.041748,0.009540042,210419,"210419 MRC Sample A6Data.csv",NA
"210419.MRC.Sample.A7Data",2,"19.04.2021","A","157.3","M","8wks","Tm1b Wt",7,131.4283333,13566.50197,0.013566502,210419,"210419 MRC Sample A7Data.csv",NA
"210419.MRC.Sample.A8Data",2,"19.04.2021","A","157.3","M","8wks","Tm1b Wt",8,112.572,9952.923027,0.009952923,210419,"210419 MRC Sample A8Data.csv",NA
"210419.MRC.Sample.A9Data",2,"19.04.2021","A","157.3","M","8wks","Tm1b Wt",9,133.8676667,14074.76878,0.014074769,210419,"210419 MRC Sample A9Data.csv",NA
"210419.MRC.Sample.B1Data",2,"19.04.2021","B","91.3","M","8wks","Tm1b Het",1,118.345,10999.92463,0.010999925,210419,"210419 MRC Sample B1Data.csv",NA
"210419.MRC.Sample.B10Data",1,"19.04.2021","B","91.3","M","8wks","Tm1b Het",10,146.9706667,16964.89632,0.016964896,210419,"210419 MRC Sample B10Data.csv",NA
"210419.MRC.Sample.B3Data",2,"19.04.2021","B","91.3","M","8wks","Tm1b Het",3,140.2923333,15458.15857,0.015458159,210419,"210419 MRC Sample B3Data.csv",NA
"210419.MRC.Sample.B4Data",4,"19.04.2021","B","91.3","M","8wks","Tm1b Het",4,148.553,17332.16181,0.017332162,210419,"210419 MRC Sample B4Data.csv",NA
"210419.MRC.Sample.B5Data",2,"19.04.2021","B","91.3","M","8wks","Tm1b Het",5,109.733,9457.239479,0.009457239,210419,"210419 MRC Sample B5Data.csv",NA
"210419.MRC.Sample.B6Data",2,"19.04.2021","B","91.3","M","8wks","Tm1b Het",6,118.1736667,10968.09753,0.010968098,210419,"210419 MRC Sample B6Data.csv",NA
"210419.MRC.Sample.B7Data",2,"19.04.2021","B","91.3","M","8wks","Tm1b Het",7,154.7303333,18803.59131,0.018803591,210419,"210419 MRC Sample B7Data.csv",NA
"210419.MRC.Sample.B8Data",2,"19.04.2021","B","91.3","M","8wks","Tm1b Het",8,152.1543333,18182.70665,0.018182707,210419,"210419 MRC Sample B8Data.csv",NA
"210419.MRC.Sample.B9Data",2,"19.04.2021","B","91.3","M","8wks","Tm1b Het",9,143.5083333,16174.99379,0.016174994,210419,"210419 MRC Sample B9Data.csv",NA
"210419.MRC.Sample.C1Data",4,"19.04.2021","C","155.2","M","8wks","Tm1b Hom",1,84.799,5647.696406,0.005647696,210419,"210419 MRC Sample C1Data.csv",NA
"210419.MRC.Sample.C10Data",4,"19.04.2021","C","155.2","M","8wks","Tm1b Hom",10,122.2893333,11745.37902,0.011745379,210419,"210419 MRC Sample C10Data.csv",NA
"210419.MRC.Sample.C2Data",2,"19.04.2021","C","155.2","M","8wks","Tm1b Hom",2,80.54633333,5095.436943,0.005095437,210419,"210419 MRC Sample C2Data.csv",NA
"210419.MRC.Sample.C3Data",1,"19.04.2021","C","155.2","M","8wks","Tm1b Hom",3,121.4906667,11592.46283,0.011592463,210419,"210419 MRC Sample C3Data.csv",NA
"210419.MRC.Sample.C4Data",2,"19.04.2021","C","155.2","M","8wks","Tm1b Hom",4,121.531,11600.1612,0.011600161,210419,"210419 MRC Sample C4Data.csv",NA
"210419.MRC.Sample.C5Data",4,"19.04.2021","C","155.2","M","8wks","Tm1b Hom",5,103.8253333,8466.356452,0.008466356,210419,"210419 MRC Sample C5Data.csv",NA
"210419.MRC.Sample.C6Data",5,"19.04.2021","C","155.2","M","8wks","Tm1b Hom",6,91.309,6548.126404,0.006548126,210419,"210419 MRC Sample C6Data.csv",NA
"210419.MRC.Sample.C7Data",4,"19.04.2021","C","155.2","M","8wks","Tm1b Hom",7,92.22033333,6679.489272,0.006679489,210419,"210419 MRC Sample C7Data.csv",NA
"210419.MRC.Sample.C8Data",1,"19.04.2021","C","155.2","M","8wks","Tm1b Hom",8,103.422,8400.705215,0.008400705,210419,"210419 MRC Sample C8Data.csv",NA
"210419.MRC.Sample.C9Data",1,"19.04.2021","C","155.2","M","8wks","Tm1b Hom",9,93.145,6814.107417,0.006814107,210419,"210419 MRC Sample C9Data.csv",NA
"210422.MRC.Sample.A1Data",3,"22.04.2021","A","157.4","M","8wks","Tm1b Wt",1,107.4086667,9060.841481,0.009060841,210422,"210422 MRC Sample A1Data.csv",NA
"210422.MRC.Sample.A2Data",4,"22.04.2021","A","157.4","M","8wks","Tm1b Wt",2,168.668,22343.70927,0.022343709,210422,"210422 MRC Sample A2Data.csv",NA
"210422.MRC.Sample.A3Data",1,"22.04.2021","A","157.4","M","8wks","Tm1b Wt",3,129.158,13101.84641,0.013101846,210422,"210422 MRC Sample A3Data.csv",NA
"210422.MRC.Sample.A4Data",3,"22.04.2021","A","157.4","M","8wks","Tm1b Wt",4,139.2526667,15229.89548,0.015229895,210422,"210422 MRC Sample A4Data.csv",NA
"210422.MRC.Sample.A5Data",4,"22.04.2021","A","157.4","M","8wks","Tm1b Wt",5,89.933,6352.256747,0.006352257,210422,"210422 MRC Sample A5Data.csv",NA
"210422.MRC.Sample.A6Data",1,"22.04.2021","A","157.4","M","8wks","Tm1b Wt",6,177.2623333,24678.72989,0.02467873,210422,"210422 MRC Sample A6Data.csv",NA
"210422.MRC.Sample.A7Data",3,"22.04.2021","A","157.4","M","8wks","Tm1b Wt",7,146.2063333,16788.9004,0.0167889,210422,"210422 MRC Sample A7Data.csv",NA
"210422.MRC.Sample.A8Data",3,"22.04.2021","A","157.4","M","8wks","Tm1b Wt",8,111.618,9784.94422,0.009784944,210422,"210422 MRC Sample A8Data.csv",NA
"210422.MRC.Sample.A9Data",3,"22.04.2021","A","157.4","M","8wks","Tm1b Wt",9,108.301,9212.018783,0.009212019,210422,"210422 MRC Sample A9Data.csv",NA
"210422.MRC.Sample.B10Data",3,"22.04.2021","B","91.4","M","8wks","Tm1b Het",10,105.2253333,8696.219666,0.00869622,210422,"210422 MRC Sample B10Data.csv",NA
"210422.MRC.Sample.B2Data",3,"22.04.2021","B","91.4","M","8wks","Tm1b Het",2,140.8053333,15571.41542,0.015571415,210422,"210422 MRC Sample B2Data.csv",NA
"210422.MRC.Sample.B8Data",4,"22.04.2021","B","91.4","M","8wks","Tm1b Het",8,118.2676667,10985.55338,0.010985553,210422,"210422 MRC Sample B8Data.csv",NA
"210422.MRC.Sample.C1Data",4,"22.04.2021","C","176.2","M","8wks","Tm1b Hom",1,85.552,5748.442808,0.005748443,210422,"210422 MRC Sample C1Data.csv",NA
"210422.MRC.Sample.C10Data",4,"22.04.2021","C","176.2","M","8wks","Tm1b Hom",10,96.69566667,7343.513631,0.007343514,210422,"210422 MRC Sample C10Data.csv",NA
"210422.MRC.Sample.C2Data",1,"22.04.2021","C","176.2","M","8wks","Tm1b Hom",2,107.0426667,8999.196217,0.008999196,210422,"210422 MRC Sample C2Data.csv",NA
"210422.MRC.Sample.C3Data",4,"22.04.2021","C","176.2","M","8wks","Tm1b Hom",3,91.39333333,6560.227737,0.006560228,210422,"210422 MRC Sample C3Data.csv",NA
"210422.MRC.Sample.C4Data",3,"22.04.2021","C","176.2","M","8wks","Tm1b Hom",4,117.9303333,10922.97484,0.010922975,210422,"210422 MRC Sample C4Data.csv",NA
"210422.MRC.Sample.C6Data",3,"22.04.2021","C","176.2","M","8wks","Tm1b Hom",6,85.69266667,5767.361807,0.005767362,210422,"210422 MRC Sample C6Data.csv",NA
"210422.MRC.Sample.C7Data",3,"22.04.2021","C","176.2","M","8wks","Tm1b Hom",7,110.6653333,9618.626789,0.009618627,210422,"210422 MRC Sample C7Data.csv",NA
"210422.MRC.Sample.C8Data",4,"22.04.2021","C","176.2","M","8wks","Tm1b Hom",8,101.4113333,8077.237755,0.008077238,210422,"210422 MRC Sample C8Data.csv",NA
"210422.MRC.Sample.C9Data",3,"22.04.2021","C","176.2","M","8wks","Tm1b Hom",9,130.509,13377.37204,0.013377372,210422,"210422 MRC Sample C9Data.csv",NA
"210422.MRC.Sample.D1Data",2,"22.04.2021","D","81.2","M","52wks","Tm1b Hom",1,91.063,6512.890684,0.006512891,210422,"210422 MRC Sample D1Data.csv",NA
"210422.MRC.Sample.D10Data",2,"22.04.2021","D","81.2","M","52wks","Tm1b Hom",10,182.969,26293.28872,0.026293289,210422,"210422 MRC Sample D10Data.csv",NA
"210422.MRC.Sample.D3Data",3,"22.04.2021","D","81.2","M","52wks","Tm1b Hom",3,115.742,10521.35917,0.010521359,210422,"210422 MRC Sample D3Data.csv",NA
"210422.MRC.Sample.D4Data",2,"22.04.2021","D","81.2","M","52wks","Tm1b Hom",4,127.961,12860.12329,0.012860123,210422,"210422 MRC Sample D4Data.csv",NA
"210422.MRC.Sample.D5Data",3,"22.04.2021","D","81.2","M","52wks","Tm1b Hom",5,121.2783333,11551.97715,0.011551977,210422,"210422 MRC Sample D5Data.csv",NA
"210422.MRC.Sample.D6Data",3,"22.04.2021","D","81.2","M","52wks","Tm1b Hom",6,99.14466667,7720.200782,0.007720201,210422,"210422 MRC Sample D6Data.csv",NA
"210422.MRC.Sample.D8Data",4,"22.04.2021","D","81.2","M","52wks","Tm1b Hom",8,97.852,7520.198335,0.007520198,210422,"210422 MRC Sample D8Data.csv",NA
"210422.MRC.Sample.D9Data",4,"22.04.2021","D","81.2","M","52wks","Tm1b Hom",9,93.52033333,6869.133764,0.006869134,210422,"210422 MRC Sample D9Data.csv",NA
"210423.MRC.Sample.A1Data",4,"23.04.2021","A","174.1","M","8wks","Tm1b Wt",1,152.038,18154.91322,0.018154913,210423,"210423 MRC Sample A1Data.csv",NA
"210423.MRC.Sample.A10Data",4,"23.04.2021","A","174.1","M","8wks","Tm1b Wt",10,150.8556667,17873.64543,0.017873645,210423,"210423 MRC Sample A10Data.csv",NA
"210423.MRC.Sample.A2Data",4,"23.04.2021","A","174.1","M","8wks","Tm1b Wt",2,126.5373333,12575.5572,0.012575557,210423,"210423 MRC Sample A2Data.csv",NA
"210423.MRC.Sample.A3Data",4,"23.04.2021","A","174.1","M","8wks","Tm1b Wt",3,104.6786667,8606.097185,0.008606097,210423,"210423 MRC Sample A3Data.csv",NA
"210423.MRC.Sample.A4Data",4,"23.04.2021","A","174.1","M","8wks","Tm1b Wt",4,122.171,11722.65918,0.011722659,210423,"210423 MRC Sample A4Data.csv",NA
"210423.MRC.Sample.A5Data",3,"23.04.2021","A","174.1","M","8wks","Tm1b Wt",5,102.7393333,8290.168689,0.008290169,210423,"210423 MRC Sample A5Data.csv",NA
"210423.MRC.Sample.A6Data",4,"23.04.2021","A","174.1","M","8wks","Tm1b Wt",6,122.818,11847.15098,0.011847151,210423,"210423 MRC Sample A6Data.csv",NA
"210423.MRC.Sample.A7Data",3,"23.04.2021","A","174.1","M","8wks","Tm1b Wt",7,94.266,6979.109935,0.00697911,210423,"210423 MRC Sample A7Data.csv",NA
"210423.MRC.Sample.A8Data",4,"23.04.2021","A","174.1","M","8wks","Tm1b Wt",8,119.3406667,11185.79358,0.011185794,210423,"210423 MRC Sample A8Data.csv",NA
"210423.MRC.Sample.A9Data",4,"23.04.2021","A","174.1","M","8wks","Tm1b Wt",9,120.233,11353.69566,0.011353696,210423,"210423 MRC Sample A9Data.csv",NA
"210423.MRC.Sample.B1Data",1,"23.04.2021","B","92.3","M","8wks","Tm1b Het",1,117.7656667,10892.49255,0.010892493,210423,"210423 MRC Sample B1Data.csv",NA
"210423.MRC.Sample.B10Data",2,"23.04.2021","B","92.3","M","8wks","Tm1b Het",10,113.3506667,10091.08906,0.010091089,210423,"210423 MRC Sample B10Data.csv",NA
"210423.MRC.Sample.B2Data",3,"23.04.2021","B","92.3","M","8wks","Tm1b Het",2,103.719,8449.023599,0.008449024,210423,"210423 MRC Sample B2Data.csv",NA
"210423.MRC.Sample.B4Data",4,"23.04.2021","B","92.3","M","8wks","Tm1b Het",4,113.5653333,10129.34682,0.010129347,210423,"210423 MRC Sample B4Data.csv",NA
"210423.MRC.Sample.B5Data",4,"23.04.2021","B","92.3","M","8wks","Tm1b Het",5,105.91,8809.754729,0.008809755,210423,"210423 MRC Sample B5Data.csv",NA
"210423.MRC.Sample.B6Data",4,"23.04.2021","B","92.3","M","8wks","Tm1b Het",6,85.999,5808.669729,0.00580867,210423,"210423 MRC Sample B6Data.csv",NA
"210423.MRC.Sample.B8Data",3,"23.04.2021","B","92.3","M","8wks","Tm1b Het",8,152.307,18219.21283,0.018219213,210423,"210423 MRC Sample B8Data.csv",NA
"210423.MRC.Sample.B9Data",3,"23.04.2021","B","92.3","M","8wks","Tm1b Het",9,120.1736667,11342.49264,0.011342493,210423,"210423 MRC Sample B9Data.csv",NA
"210423.MRC.Sample.C1Data",2,"23.04.2021","C","176.3","M","8wks","Tm1b Hom",1,140.1763333,15432.60614,0.015432606,210423,"210423 MRC Sample C1Data.csv",NA
"210423.MRC.Sample.C10Data",3,"23.04.2021","C","176.3","M","8wks","Tm1b Hom",10,91.53433333,6580.485355,0.006580485,210423,"210423 MRC Sample C10Data.csv",NA
"210423.MRC.Sample.C2Data",4,"23.04.2021","C","176.3","M","8wks","Tm1b Hom",2,117.4983333,10843.09578,0.010843096,210423,"210423 MRC Sample C2Data.csv",NA
"210423.MRC.Sample.C3Data",3,"23.04.2021","C","176.3","M","8wks","Tm1b Hom",3,84.92866667,5664.981466,0.005664981,210423,"210423 MRC Sample C3Data.csv",NA
"210423.MRC.Sample.C4Data",3,"23.04.2021","C","176.3","M","8wks","Tm1b Hom",4,103.175,8360.626772,0.008360627,210423,"210423 MRC Sample C4Data.csv",NA
"210423.MRC.Sample.C5Data",3,"23.04.2021","C","176.3","M","8wks","Tm1b Hom",5,112.5013333,9940.43112,0.009940431,210423,"210423 MRC Sample C5Data.csv",NA
"210423.MRC.Sample.C6Data",3,"23.04.2021","C","176.3","M","8wks","Tm1b Hom",6,121.596,11612.57304,0.011612573,210423,"210423 MRC Sample C6Data.csv",NA
"210423.MRC.Sample.C8Data",3,"23.04.2021","C","176.3","M","8wks","Tm1b Hom",8,118.7036667,11066.70033,0.0110667,210423,"210423 MRC Sample C8Data.csv",NA
"210423.MRC.Sample.C9Data",3,"23.04.2021","C","176.3","M","8wks","Tm1b Hom",9,129.4586667,13162.91695,0.013162917,210423,"210423 MRC Sample C9Data.csv",NA
"210423.MRC.Sample.D1Data",3,"23.04.2021","D","88.2","M","52wks","Tm1b Hom",1,178.6916667,25078.32236,0.025078322,210423,"210423 MRC Sample D1Data.csv",NA
"210423.MRC.Sample.D10Data",3,"23.04.2021","D","88.2","M","52wks","Tm1b Hom",10,137.878,14930.68839,0.014930688,210423,"210423 MRC Sample D10Data.csv",NA
"210423.MRC.Sample.D3Data",3,"23.04.2021","D","88.2","M","52wks","Tm1b Hom",3,162.0466667,20623.86634,0.020623866,210423,"210423 MRC Sample D3Data.csv",NA
"210423.MRC.Sample.D6Data",3,"23.04.2021","D","88.2","M","52wks","Tm1b Hom",6,162.6326667,20773.29783,0.020773298,210423,"210423 MRC Sample D6Data.csv",NA
"210423.MRC.Sample.D8Data",3,"23.04.2021","D","88.2","M","52wks","Tm1b Hom",8,180.753,25660.25156,0.025660252,210423,"210423 MRC Sample D8Data.csv",NA
"210426.MRC.Sample.A1Data",3,"26.04.2021","A","176.1","M","8wks","Tm1b Wt",1,127.3013333,12727.87161,0.012727872,210426,"210426 MRC Sample A1Data.csv",NA
"210426.MRC.Sample.A10Data",4,"26.04.2021","A","176.1","M","8wks","Tm1b Wt",10,111.0386667,9683.633809,0.009683634,210426,"210426 MRC Sample A10Data.csv",NA
"210426.MRC.Sample.A2Data",3,"26.04.2021","A","176.1","M","8wks","Tm1b Wt",2,105.1333333,8681.019857,0.00868102,210426,"210426 MRC Sample A2Data.csv",NA
"210426.MRC.Sample.A3Data",4,"26.04.2021","A","176.1","M","8wks","Tm1b Wt",3,101.792,8137.990457,0.00813799,210426,"210426 MRC Sample A3Data.csv",NA
"210426.MRC.Sample.A4Data",3,"26.04.2021","A","176.1","M","8wks","Tm1b Wt",4,110.6316667,9612.775324,0.009612775,210426,"210426 MRC Sample A4Data.csv",NA
"210426.MRC.Sample.A5Data",4,"26.04.2021","A","176.1","M","8wks","Tm1b Wt",5,135.0413333,14322.64791,0.014322648,210426,"210426 MRC Sample A5Data.csv",NA
"210426.MRC.Sample.A6Data",1,"26.04.2021","A","176.1","M","8wks","Tm1b Wt",6,122.752,11834.42155,0.011834422,210426,"210426 MRC Sample A6Data.csv",NA
"210426.MRC.Sample.A7Data",4,"26.04.2021","A","176.1","M","8wks","Tm1b Wt",7,133.3213333,13960.12085,0.013960121,210426,"210426 MRC Sample A7Data.csv",NA
"210426.MRC.Sample.A8Data",3,"26.04.2021","A","176.1","M","8wks","Tm1b Wt",8,129.593,13190.24823,0.013190248,210426,"210426 MRC Sample A8Data.csv",NA
"210426.MRC.Sample.A9Data",4,"26.04.2021","A","176.1","M","8wks","Tm1b Wt",9,122.539,11793.38686,0.011793387,210426,"210426 MRC Sample A9Data.csv",NA
"210426.MRC.Sample.B1Data",2,"26.04.2021","B","102.2","M","8wks","Tm1b Het",1,162.676,20784.36936,0.020784369,210426,"210426 MRC Sample B1Data.csv",NA
"210426.MRC.Sample.B10Data",4,"26.04.2021","B","102.2","M","8wks","Tm1b Het",10,121.9776667,11685.58677,0.011685587,210426,"210426 MRC Sample B10Data.csv",NA
"210426.MRC.Sample.B3Data",1,"26.04.2021","B","102.2","M","8wks","Tm1b Het",3,122.7603333,11836.02842,0.011836028,210426,"210426 MRC Sample B3Data.csv",NA
"210426.MRC.Sample.B4Data",4,"26.04.2021","B","102.2","M","8wks","Tm1b Het",4,110.7356667,9630.856919,0.009630857,210426,"210426 MRC Sample B4Data.csv",NA
"210426.MRC.Sample.B5Data",1,"26.04.2021","B","102.2","M","8wks","Tm1b Het",5,101.5316667,8096.417823,0.008096418,210426,"210426 MRC Sample B5Data.csv",NA
"210426.MRC.Sample.B7Data",1,"26.04.2021","B","102.2","M","8wks","Tm1b Het",7,85.987,5807.048799,0.005807049,210426,"210426 MRC Sample B7Data.csv",NA
"210426.MRC.Sample.B9Data",3,"26.04.2021","B","102.2","M","8wks","Tm1b Het",9,106.3503333,8883.162198,0.008883162,210426,"210426 MRC Sample B9Data.csv",NA
"210426.MRC.Sample.C1Data",4,"26.04.2021","C","190.2","M","8wks","Tm1b Hom",1,104.5976667,8592.7836,0.008592784,210426,"210426 MRC Sample C1Data.csv",NA
"210426.MRC.Sample.C10Data",3,"26.04.2021","C","190.2","M","8wks","Tm1b Hom",10,98.70033333,7651.157113,0.007651157,210426,"210426 MRC Sample C10Data.csv",NA
"210426.MRC.Sample.C3Data",3,"26.04.2021","C","190.2","M","8wks","Tm1b Hom",3,123.6413333,12006.52255,0.012006523,210426,"210426 MRC Sample C3Data.csv",NA
"210426.MRC.Sample.C4Data",3,"26.04.2021","C","190.2","M","8wks","Tm1b Hom",4,142.5763333,15965.58236,0.015965582,210426,"210426 MRC Sample C4Data.csv",NA
"210426.MRC.Sample.C5Data",4,"26.04.2021","C","190.2","M","8wks","Tm1b Hom",5,104.706,8610.592156,0.008610592,210426,"210426 MRC Sample C5Data.csv",NA
"210426.MRC.Sample.C6Data",3,"26.04.2021","C","190.2","M","8wks","Tm1b Hom",6,107.6963333,9109.44076,0.009109441,210426,"210426 MRC Sample C6Data.csv",NA
"210426.MRC.Sample.C7Data",4,"26.04.2021","C","190.2","M","8wks","Tm1b Hom",7,103.6873333,8443.865203,0.008443865,210426,"210426 MRC Sample C7Data.csv",NA
"210426.MRC.Sample.C8Data",3,"26.04.2021","C","190.2","M","8wks","Tm1b Hom",8,126.151,12498.88512,0.012498885,210426,"210426 MRC Sample C8Data.csv",NA
"210426.MRC.Sample.C9Data",4,"26.04.2021","C","190.2","M","8wks","Tm1b Hom",9,95.26433333,7127.718615,0.007127719,210426,"210426 MRC Sample C9Data.csv",NA
"210426.MRC.Sample.D10Data",2,"26.04.2021","D","92.1","M","52wks","Tm1b Hom",10,144.5936667,16420.57737,0.016420577,210426,"210426 MRC Sample D10Data.csv",NA
"210426.MRC.Sample.D2Data",3,"26.04.2021","D","92.1","M","52wks","Tm1b Hom",2,142.862,16029.62391,0.016029624,210426,"210426 MRC Sample D2Data.csv",NA
"210426.MRC.Sample.D3Data",3,"26.04.2021","D","92.1","M","52wks","Tm1b Hom",3,162.0526667,20625.39362,0.020625394,210426,"210426 MRC Sample D3Data.csv",NA
"210426.MRC.Sample.D5Data",2,"26.04.2021","D","92.1","M","52wks","Tm1b Hom",5,126.3873333,12545.76021,0.01254576,210426,"210426 MRC Sample D5Data.csv",NA
"210426.MRC.Sample.D6Data",2,"26.04.2021","D","92.1","M","52wks","Tm1b Hom",6,127.6376667,12795.21519,0.012795215,210426,"210426 MRC Sample D6Data.csv",NA
"210426.MRC.Sample.D7Data",3,"26.04.2021","D","92.1","M","52wks","Tm1b Hom",7,127.3643333,12740.47249,0.012740472,210426,"210426 MRC Sample D7Data.csv",NA
"210426.MRC.Sample.D8Data",3,"26.04.2021","D","92.1","M","52wks","Tm1b Hom",8,127.2916667,12725.93871,0.012725939,210426,"210426 MRC Sample D8Data.csv",NA
"210426.MRC.Sample.D9Data",4,"26.04.2021","D","92.1","M","52wks","Tm1b Hom",9,101.99,8169.680358,0.00816968,210426,"210426 MRC Sample D9Data.csv",NA
"210427.MRC.Sample.A1Data",4,"27.04.2021","A","107.3","M","8wks","oim Wt",1,92.562,6729.074572,0.006729075,210427,"210427 MRC Sample A1Data.csv",NA
"210427.MRC.Sample.A10Data",4,"27.04.2021","A","107.3","M","8wks","oim Wt",10,115.4313333,10464.95356,0.010464954,210427,"210427 MRC Sample A10Data.csv",NA
"210427.MRC.Sample.A2Data",3,"27.04.2021","A","107.3","M","8wks","oim Wt",2,81.69566667,5241.890248,0.00524189,210427,"210427 MRC Sample A2Data.csv",NA
"210427.MRC.Sample.A3Data",4,"27.04.2021","A","107.3","M","8wks","oim Wt",3,109.1893333,9363.760775,0.009363761,210427,"210427 MRC Sample A3Data.csv",NA
"210427.MRC.Sample.A4Data",4,"27.04.2021","A","107.3","M","8wks","oim Wt",4,103.3883333,8395.236785,0.008395237,210427,"210427 MRC Sample A4Data.csv",NA
"210427.MRC.Sample.A5Data",3,"27.04.2021","A","107.3","M","8wks","oim Wt",5,114.21,10244.67403,0.010244674,210427,"210427 MRC Sample A5Data.csv",NA
"210427.MRC.Sample.A6Data",4,"27.04.2021","A","107.3","M","8wks","oim Wt",6,104.2233333,8531.390066,0.00853139,210427,"210427 MRC Sample A6Data.csv",NA
"210427.MRC.Sample.A7Data",3,"27.04.2021","A","107.3","M","8wks","oim Wt",7,93.706,6896.435531,0.006896436,210427,"210427 MRC Sample A7Data.csv",NA
"210427.MRC.Sample.A8Data",4,"27.04.2021","A","107.3","M","8wks","oim Wt",8,95.61666667,7180.539579,0.00718054,210427,"210427 MRC Sample A8Data.csv",NA
"210427.MRC.Sample.A9Data",4,"27.04.2021","A","107.3","M","8wks","oim Wt",9,119.963,11302.76029,0.01130276,210427,"210427 MRC Sample A9Data.csv",NA
"210427.MRC.Sample.B1Data",3,"27.04.2021","B","103.2","M","8wks","oim Het",1,77.26,4688.126146,0.004688126,210427,"210427 MRC Sample B1Data.csv",NA
"210427.MRC.Sample.B2Data",4,"27.04.2021","B","103.2","M","8wks","oim Het",2,89.64766667,6312.012671,0.006312013,210427,"210427 MRC Sample B2Data.csv",NA
"210427.MRC.Sample.B4Data",4,"27.04.2021","B","103.2","M","8wks","oim Het",4,102.632,8272.856013,0.008272856,210427,"210427 MRC Sample B4Data.csv",NA
"210427.MRC.Sample.B6Data",3,"27.04.2021","B","103.2","M","8wks","oim Het",6,79.10866667,4915.163975,0.004915164,210427,"210427 MRC Sample B6Data.csv",NA
"210427.MRC.Sample.B7Data",3,"27.04.2021","B","103.2","M","8wks","oim Het",7,105.2746667,8704.375775,0.008704376,210427,"210427 MRC Sample B7Data.csv",NA
"210427.MRC.Sample.B8Data",3,"27.04.2021","B","103.2","M","8wks","oim Het",8,108.698,9279.679737,0.00927968,210427,"210427 MRC Sample B8Data.csv",NA
"210427.MRC.Sample.C2Data",4,"27.04.2021","C","160.3","M","8wks","oim Hom",2,49.95066667,1959.622689,0.001959623,210427,"210427 MRC Sample C2Data.csv",NA
"210427.MRC.Sample.C3Data",3,"27.04.2021","C","160.3","M","8wks","oim Hom",3,48.83533333,1873.088054,0.001873088,210427,"210427 MRC Sample C3Data.csv",NA
"210427.MRC.Sample.C4Data",3,"27.04.2021","C","160.3","M","8wks","oim Hom",4,48.69233333,1862.134533,0.001862135,210427,"210427 MRC Sample C4Data.csv",NA
"210427.MRC.Sample.C5Data",3,"27.04.2021","C","160.3","M","8wks","oim Hom",5,68.148,3647.506805,0.003647507,210427,"210427 MRC Sample C5Data.csv",NA
"210427.MRC.Sample.C8Data",4,"27.04.2021","C","160.3","M","8wks","oim Hom",8,85.065,5683.183699,0.005683184,210427,"210427 MRC Sample C8Data.csv",NA
"210427.MRC.Sample.C9Data",4,"27.04.2021","C","160.3","M","8wks","oim Hom",9,73.60566667,4255.125588,0.004255126,210427,"210427 MRC Sample C9Data.csv",NA
"210427.MRC.Sample.D1Data",3,"27.04.2021","D","120.2","M","52wks","Tm1b Hom",1,120.0126667,11312.1213,0.011312121,210427,"210427 MRC Sample D1Data.csv",NA
"210427.MRC.Sample.D10Data",3,"27.04.2021","D","120.2","M","52wks","Tm1b Hom",10,122.259,11739.55297,0.011739553,210427,"210427 MRC Sample D10Data.csv",NA
"210427.MRC.Sample.D2Data",3,"27.04.2021","D","120.2","M","52wks","Tm1b Hom",2,117.0066667,10752.54072,0.010752541,210427,"210427 MRC Sample D2Data.csv",NA
"210427.MRC.Sample.D3Data",3,"27.04.2021","D","120.2","M","52wks","Tm1b Hom",3,121.5323333,11600.41573,0.011600416,210427,"210427 MRC Sample D3Data.csv",NA
"210427.MRC.Sample.D4Data",3,"27.04.2021","D","120.2","M","52wks","Tm1b Hom",4,138.387,15041.1302,0.01504113,210427,"210427 MRC Sample D4Data.csv",NA
"210427.MRC.Sample.D5Data",3,"27.04.2021","D","120.2","M","52wks","Tm1b Hom",5,109.0656667,9342.562208,0.009342562,210427,"210427 MRC Sample D5Data.csv",NA
"210427.MRC.Sample.D6Data",4,"27.04.2021","D","120.2","M","52wks","Tm1b Hom",6,119.22,11163.18485,0.011163185,210427,"210427 MRC Sample D6Data.csv",NA
"210427.MRC.Sample.D9Data",3,"27.04.2021","D","120.2","M","52wks","Tm1b Hom",9,160.0446667,20117.42052,0.020117421,210427,"210427 MRC Sample D9Data.csv",NA
"210428.MRC.Sample.A1Data",3,"28.04.2021","A","109.1","M","8wks","oim Wt",1,92.43166667,6710.137962,0.006710138,210428,"210428 MRC Sample A1Data.csv",NA
"210428.MRC.Sample.A10Data",4,"28.04.2021","A","109.1","M","8wks","oim Wt",10,110.2156667,9540.618838,0.009540619,210428,"210428 MRC Sample A10Data.csv",NA
"210428.MRC.Sample.A2Data",3,"28.04.2021","A","109.1","M","8wks","oim Wt",2,76.231,4564.078602,0.004564079,210428,"210428 MRC Sample A2Data.csv",NA
"210428.MRC.Sample.A4Data",4,"28.04.2021","A","109.1","M","8wks","oim Wt",4,93.94866667,6932.200626,0.006932201,210428,"210428 MRC Sample A4Data.csv",NA
"210428.MRC.Sample.A5Data",3,"28.04.2021","A","109.1","M","8wks","oim Wt",5,111.4313333,9752.243474,0.009752243,210428,"210428 MRC Sample A5Data.csv",NA
"210428.MRC.Sample.A7Data",3,"28.04.2021","A","109.1","M","8wks","oim Wt",7,103.9703333,8490.020791,0.008490021,210428,"210428 MRC Sample A7Data.csv",NA
"210428.MRC.Sample.A8Data",3,"28.04.2021","A","109.1","M","8wks","oim Wt",8,122.943,11871.27851,0.011871279,210428,"210428 MRC Sample A8Data.csv",NA
"210428.MRC.Sample.A9Data",4,"28.04.2021","A","109.1","M","8wks","oim Wt",9,123.9786667,12072.12724,0.012072127,210428,"210428 MRC Sample A9Data.csv",NA
"210428.MRC.Sample.B1Data",4,"28.04.2021","B","103.3","M","8wks","oim Het",1,93.27733333,6833.483102,0.006833483,210428,"210428 MRC Sample B1Data.csv",NA
"210428.MRC.Sample.B10Data",1,"28.04.2021","B","103.3","M","8wks","oim Het",10,102.6966667,8283.284473,0.008283284,210428,"210428 MRC Sample B10Data.csv",NA
"210428.MRC.Sample.B2Data",2,"28.04.2021","B","103.3","M","8wks","oim Het",2,112.8786667,10007.22405,0.010007224,210428,"210428 MRC Sample B2Data.csv",NA
"210428.MRC.Sample.B3Data",1,"28.04.2021","B","103.3","M","8wks","oim Het",3,104.219,8530.680661,0.008530681,210428,"210428 MRC Sample B3Data.csv",NA
"210428.MRC.Sample.B4Data",4,"28.04.2021","B","103.3","M","8wks","oim Het",4,113.0566667,10038.81001,0.01003881,210428,"210428 MRC Sample B4Data.csv",NA
"210428.MRC.Sample.B5Data",3,"28.04.2021","B","103.3","M","8wks","oim Het",5,75.86633333,4520.516628,0.004520517,210428,"210428 MRC Sample B5Data.csv",NA
"210428.MRC.Sample.B6Data",4,"28.04.2021","B","103.3","M","8wks","oim Het",6,109.1926667,9364.332509,0.009364333,210428,"210428 MRC Sample B6Data.csv",NA
"210428.MRC.Sample.B7Data",4,"28.04.2021","B","103.3","M","8wks","oim Het",7,101.9563333,8164.287657,0.008164288,210428,"210428 MRC Sample B7Data.csv",NA
"210428.MRC.Sample.B8Data",4,"28.04.2021","B","103.3","M","8wks","oim Het",8,72.47033333,4124.871266,0.004124871,210428,"210428 MRC Sample B8Data.csv",NA
"210428.MRC.Sample.B9Data",4,"28.04.2021","B","103.3","M","8wks","oim Het",9,86.53333333,5881.07541,0.005881075,210428,"210428 MRC Sample B9Data.csv",NA
"210428.MRC.Sample.C1Data",4,"28.04.2021","C","161.1","M","8wks","oim Hom",1,76.721,4622.941429,0.004622941,210428,"210428 MRC Sample C1Data.csv",NA
"210428.MRC.Sample.C2Data",3,"28.04.2021","C","161.1","M","8wks","oim Hom",2,74.97533333,4414.959173,0.004414959,210428,"210428 MRC Sample C2Data.csv",NA
"210428.MRC.Sample.C3Data",4,"28.04.2021","C","161.1","M","8wks","oim Hom",3,45.96166667,1659.133831,0.001659134,210428,"210428 MRC Sample C3Data.csv",NA
"210428.MRC.Sample.C5Data",3,"28.04.2021","C","161.1","M","8wks","oim Hom",5,52.53433333,2167.585974,0.002167586,210428,"210428 MRC Sample C5Data.csv",NA
"210428.MRC.Sample.C6Data",4,"28.04.2021","C","161.1","M","8wks","oim Hom",6,52.601,2173.090847,0.002173091,210428,"210428 MRC Sample C6Data.csv",NA
"210428.MRC.Sample.C9Data",4,"28.04.2021","C","161.1","M","8wks","oim Hom",9,65.11833333,3330.40028,0.0033304,210428,"210428 MRC Sample C9Data.csv",NA
"210428.MRC.Sample.D1Data",2,"28.04.2021","D","24.4","M","52wks","Tm1b Het",1,98.56933333,7630.860598,0.007630861,210428,"210428 MRC Sample D1Data.csv",NA
"210428.MRC.Sample.D10Data",3,"28.04.2021","D","24.4","M","52wks","Tm1b Het",10,106.796,8957.768916,0.008957769,210428,"210428 MRC Sample D10Data.csv",NA
"210428.MRC.Sample.D2Data",2,"28.04.2021","D","24.4","M","52wks","Tm1b Het",2,90.627,6450.673923,0.006450674,210428,"210428 MRC Sample D2Data.csv",NA
"210428.MRC.Sample.D3Data",2,"28.04.2021","D","24.4","M","52wks","Tm1b Het",3,126.3753333,12543.37798,0.012543378,210428,"210428 MRC Sample D3Data.csv",NA
"210428.MRC.Sample.D4Data",2,"28.04.2021","D","24.4","M","52wks","Tm1b Het",4,126.458,12559.7935,0.012559794,210428,"210428 MRC Sample D4Data.csv",NA
"210428.MRC.Sample.D5Data",3,"28.04.2021","D","24.4","M","52wks","Tm1b Het",5,95.168,7113.310501,0.007113311,210428,"210428 MRC Sample D5Data.csv",NA
"210428.MRC.Sample.D6Data",3,"28.04.2021","D","24.4","M","52wks","Tm1b Het",6,116.4046667,10642.18158,0.010642182,210428,"210428 MRC Sample D6Data.csv",NA
"210428.MRC.Sample.D7Data",4,"28.04.2021","D","24.4","M","52wks","Tm1b Het",7,128.665,13002.01702,0.013002017,210428,"210428 MRC Sample D7Data.csv",NA
"210428.MRC.Sample.D8Data",3,"28.04.2021","D","24.4","M","52wks","Tm1b Het",8,105.2596667,8701.895476,0.008701895,210428,"210428 MRC Sample D8Data.csv",NA
"210428.MRC.Sample.D9Data",3,"28.04.2021","D","24.4","M","52wks","Tm1b Het",9,101.1823333,8040.800032,0.0080408,210428,"210428 MRC Sample D9Data.csv",NA
"210429.MRC.Sample.A1Data",4,"29.04.2021","A","109.2","M","8wks","oim Wt",1,154.665,18787.71542,0.018787715,210429,"210429 MRC Sample A1Data.csv",NA
"210429.MRC.Sample.A10Data",4,"29.04.2021","A","109.2","M","8wks","oim Wt",10,177.234,24670.84131,0.024670841,210429,"210429 MRC Sample A10Data.csv",NA
"210429.MRC.Sample.A2Data",2,"29.04.2021","A","109.2","M","8wks","oim Wt",2,170.6223333,22864.49611,0.022864496,210429,"210429 MRC Sample A2Data.csv",NA
"210429.MRC.Sample.A3Data",4,"29.04.2021","A","109.2","M","8wks","oim Wt",3,178.475,25017.54344,0.025017543,210429,"210429 MRC Sample A3Data.csv",NA
"210429.MRC.Sample.A4Data",4,"29.04.2021","A","109.2","M","8wks","oim Wt",4,193.6173333,29442.74855,0.029442749,210429,"210429 MRC Sample A4Data.csv",NA
"210429.MRC.Sample.A6Data",4,"29.04.2021","A","109.2","M","8wks","oim Wt",6,176.8763333,24571.3679,0.024571368,210429,"210429 MRC Sample A6Data.csv",NA
"210429.MRC.Sample.A8Data",4,"29.04.2021","A","109.2","M","8wks","oim Wt",8,130.1733333,13308.64783,0.013308648,210429,"210429 MRC Sample A8Data.csv",NA
"210429.MRC.Sample.A9Data",4,"29.04.2021","A","109.2","M","8wks","oim Wt",9,167.357,21997.71878,0.021997719,210429,"210429 MRC Sample A9Data.csv",NA
"210429.MRC.Sample.B1Data",2,"29.04.2021","B","103.4","M","8wks","oim Het",1,145.9086667,16720.60776,0.016720608,210429,"210429 MRC Sample B1Data.csv",NA
"210429.MRC.Sample.B10Data",4,"29.04.2021","B","103.4","M","8wks","oim Het",10,92.89466667,6777.529909,0.00677753,210429,"210429 MRC Sample B10Data.csv",NA
"210429.MRC.Sample.B2Data",4,"29.04.2021","B","103.4","M","8wks","oim Het",2,157.1683333,19400.81511,0.019400815,210429,"210429 MRC Sample B2Data.csv",NA
"210429.MRC.Sample.B3Data",4,"29.04.2021","B","103.4","M","8wks","oim Het",3,108.2066667,9195.977903,0.009195978,210429,"210429 MRC Sample B3Data.csv",NA
"210429.MRC.Sample.B4Data",4,"29.04.2021","B","103.4","M","8wks","oim Het",4,101.6723333,8118.867656,0.008118868,210429,"210429 MRC Sample B4Data.csv",NA
"210429.MRC.Sample.B5Data",4,"29.04.2021","B","103.4","M","8wks","oim Het",5,128.4456667,12957.72611,0.012957726,210429,"210429 MRC Sample B5Data.csv",NA
"210429.MRC.Sample.B6Data",4,"29.04.2021","B","103.4","M","8wks","oim Het",6,112.535,9946.381478,0.009946381,210429,"210429 MRC Sample B6Data.csv",NA
"210429.MRC.Sample.B7Data",3,"29.04.2021","B","103.4","M","8wks","oim Het",7,99.193,7727.72986,0.00772773,210429,"210429 MRC Sample B7Data.csv",NA
"210429.MRC.Sample.B8Data",3,"29.04.2021","B","103.4","M","8wks","oim Het",8,113.057,10038.8692,0.010038869,210429,"210429 MRC Sample B8Data.csv",NA
"210429.MRC.Sample.B9Data",4,"29.04.2021","B","103.4","M","8wks","oim Het",9,132.494,13787.39775,0.013787398,210429,"210429 MRC Sample B9Data.csv",NA
"210429.MRC.Sample.C2Data",4,"29.04.2021","C","161.2","M","8wks","oim Hom",2,65.54866667,3374.563506,0.003374564,210429,"210429 MRC Sample C2Data.csv",NA
"210429.MRC.Sample.C3Data",3,"29.04.2021","C","161.2","M","8wks","oim Hom",3,53.902,2281.915933,0.002281916,210429,"210429 MRC Sample C3Data.csv",NA
"210429.MRC.Sample.C4Data",3,"29.04.2021","C","161.2","M","8wks","oim Hom",4,64.246,3241.769024,0.003241769,210429,"210429 MRC Sample C4Data.csv",NA
"210429.MRC.Sample.C5Data",3,"29.04.2021","C","161.2","M","8wks","oim Hom",5,76.04033333,4541.276083,0.004541276,210429,"210429 MRC Sample C5Data.csv",NA
"210429.MRC.Sample.C6Data",4,"29.04.2021","C","161.2","M","8wks","oim Hom",6,58.413,2679.840241,0.00267984,210429,"210429 MRC Sample C6Data.csv",NA
"210429.MRC.Sample.C7Data",3,"29.04.2021","C","161.2","M","8wks","oim Hom",7,95.38866667,7146.336105,0.007146336,210429,"210429 MRC Sample C7Data.csv",NA
"210429.MRC.Sample.C8Data",3,"29.04.2021","C","161.2","M","8wks","oim Hom",8,60.41166667,2866.365159,0.002866365,210429,"210429 MRC Sample C8Data.csv",NA
"210429.MRC.Sample.D1Data",2,"29.04.2021","D","26.3","M","52wks","Tm1b Het",1,144.394,16375.25894,0.016375259,210429,"210429 MRC Sample D1Data.csv",NA
"210429.MRC.Sample.D10Data",3,"29.04.2021","D","26.3","M","52wks","Tm1b Het",10,106.1816667,8855.007991,0.008855008,210429,"210429 MRC Sample D10Data.csv",NA
"210429.MRC.Sample.D2Data",3,"29.04.2021","D","26.3","M","52wks","Tm1b Het",2,163.4396667,20979.9678,0.020979968,210429,"210429 MRC Sample D2Data.csv",NA
"210429.MRC.Sample.D3Data",3,"29.04.2021","D","26.3","M","52wks","Tm1b Het",3,122.6436667,11813.54211,0.011813542,210429,"210429 MRC Sample D3Data.csv",NA
"210429.MRC.Sample.D4Data",4,"29.04.2021","D","26.3","M","52wks","Tm1b Het",4,138.2323333,15007.52788,0.015007528,210429,"210429 MRC Sample D4Data.csv",NA
"210429.MRC.Sample.D5Data",4,"29.04.2021","D","26.3","M","52wks","Tm1b Het",5,98.077,7554.821847,0.007554822,210429,"210429 MRC Sample D5Data.csv",NA
"210429.MRC.Sample.D6Data",4,"29.04.2021","D","26.3","M","52wks","Tm1b Het",6,103.931,8483.59824,0.008483598,210429,"210429 MRC Sample D6Data.csv",NA
"210429.MRC.Sample.D7Data",3,"29.04.2021","D","26.3","M","52wks","Tm1b Het",7,106.0366667,8830.839987,0.00883084,210429,"210429 MRC Sample D7Data.csv",NA
"210429.MRC.Sample.D8Data",4,"29.04.2021","D","26.3","M","52wks","Tm1b Het",8,75.01,4419.042845,0.004419043,210429,"210429 MRC Sample D8Data.csv",NA
"210429.MRC.Sample.D9Data",3,"29.04.2021","D","26.3","M","52wks","Tm1b Het",9,96.04966667,7245.720969,0.007245721,210429,"210429 MRC Sample D9Data.csv",NA
"210430.MRC.Sample.A1Data",4,"30.04.2021","A","109.3","M","8wks","oim Wt",1,106.254,8867.076555,0.008867077,210430,"210430 MRC Sample A1Data.csv",NA
"210430.MRC.Sample.A10Data",3,"30.04.2021","A","109.3","M","8wks","oim Wt",10,99.40033333,7760.068643,0.007760069,210430,"210430 MRC Sample A10Data.csv",NA
"210430.MRC.Sample.A2Data",4,"30.04.2021","A","109.3","M","8wks","oim Wt",2,104.1333333,8516.662202,0.008516662,210430,"210430 MRC Sample A2Data.csv",NA
"210430.MRC.Sample.A3Data",4,"30.04.2021","A","109.3","M","8wks","oim Wt",3,128.6703333,13003.09493,0.013003095,210430,"210430 MRC Sample A3Data.csv",NA
"210430.MRC.Sample.A4Data",4,"30.04.2021","A","109.3","M","8wks","oim Wt",4,111.4163333,9749.618112,0.009749618,210430,"210430 MRC Sample A4Data.csv",NA
"210430.MRC.Sample.A5Data",4,"30.04.2021","A","109.3","M","8wks","oim Wt",5,103.3093333,8382.411928,0.008382412,210430,"210430 MRC Sample A5Data.csv",NA
"210430.MRC.Sample.A6Data",2,"30.04.2021","A","109.3","M","8wks","oim Wt",6,142.558,15961.47673,0.015961477,210430,"210430 MRC Sample A6Data.csv",NA
"210430.MRC.Sample.A7Data",4,"30.04.2021","A","109.3","M","8wks","oim Wt",7,101.314,8061.740337,0.00806174,210430,"210430 MRC Sample A7Data.csv",NA
"210430.MRC.Sample.A8Data",4,"30.04.2021","A","109.3","M","8wks","oim Wt",8,86.364,5858.081087,0.005858081,210430,"210430 MRC Sample A8Data.csv",NA
"210430.MRC.Sample.A9Data",4,"30.04.2021","A","109.3","M","8wks","oim Wt",9,109.6263333,9438.862469,0.009438862,210430,"210430 MRC Sample A9Data.csv",NA
"210430.MRC.Sample.B1Data",4,"30.04.2021","B","105.1","M","8wks","oim Het",1,92.08833333,6660.381521,0.006660382,210430,"210430 MRC Sample B1Data.csv",NA
"210430.MRC.Sample.B10Data",3,"30.04.2021","B","105.1","M","8wks","oim Het",10,97.52066667,7469.356781,0.007469357,210430,"210430 MRC Sample B10Data.csv",NA
"210430.MRC.Sample.B2Data",4,"30.04.2021","B","105.1","M","8wks","oim Het",2,88.85366667,6200.698143,0.006200698,210430,"210430 MRC Sample B2Data.csv",NA
"210430.MRC.Sample.B3Data",4,"30.04.2021","B","105.1","M","8wks","oim Het",3,99.08366667,7710.703804,0.007710704,210430,"210430 MRC Sample B3Data.csv",NA
"210430.MRC.Sample.B4Data",4,"30.04.2021","B","105.1","M","8wks","oim Het",4,88.06666667,6091.342207,0.006091342,210430,"210430 MRC Sample B4Data.csv",NA
"210430.MRC.Sample.B5Data",4,"30.04.2021","B","105.1","M","8wks","oim Het",5,75.82533333,4515.631955,0.004515632,210430,"210430 MRC Sample B5Data.csv",NA
"210430.MRC.Sample.B6Data",4,"30.04.2021","B","105.1","M","8wks","oim Het",6,106.28,8871.416574,0.008871417,210430,"210430 MRC Sample B6Data.csv",NA
"210430.MRC.Sample.B7Data",4,"30.04.2021","B","105.1","M","8wks","oim Het",7,106.9863333,8989.726686,0.008989727,210430,"210430 MRC Sample B7Data.csv",NA
"210430.MRC.Sample.B8Data",4,"30.04.2021","B","105.1","M","8wks","oim Het",8,93.47633333,6862.671623,0.006862672,210430,"210430 MRC Sample B8Data.csv",NA
"210430.MRC.Sample.B9Data",4,"30.04.2021","B","105.1","M","8wks","oim Het",9,88.97766667,6218.017025,0.006218017,210430,"210430 MRC Sample B9Data.csv",NA
"210430.MRC.Sample.C10Data",4,"30.04.2021","C","161.3","M","8wks","oim Hom",10,124.133,12102.20163,0.012102202,210430,"210430 MRC Sample C10Data.csv",NA
"210430.MRC.Sample.C2Data",4,"30.04.2021","C","161.3","M","8wks","oim Hom",2,92.48533333,6717.932157,0.006717932,210430,"210430 MRC Sample C2Data.csv",NA
"210430.MRC.Sample.C8Data",3,"30.04.2021","C","161.3","M","8wks","oim Hom",8,124.0973333,12095.24806,0.012095248,210430,"210430 MRC Sample C8Data.csv",NA
"210430.MRC.Sample.D1Data",4,"30.04.2021","D","33.1","M","52wks","Tm1b Het",1,137.5693333,14863.91272,0.014863913,210430,"210430 MRC Sample D1Data.csv",NA
"210430.MRC.Sample.D10Data",4,"30.04.2021","D","33.1","M","52wks","Tm1b Het",10,116.9293333,10738.33203,0.010738332,210430,"210430 MRC Sample D10Data.csv",NA
"210430.MRC.Sample.D2Data",1,"30.04.2021","D","33.1","M","52wks","Tm1b Het",2,116.7366667,10702.97369,0.010702974,210430,"210430 MRC Sample D2Data.csv",NA
"210430.MRC.Sample.D3Data",4,"30.04.2021","D","33.1","M","52wks","Tm1b Het",3,121.7426667,11640.60365,0.011640604,210430,"210430 MRC Sample D3Data.csv",NA
"210430.MRC.Sample.D4Data",4,"30.04.2021","D","33.1","M","52wks","Tm1b Het",4,118.3663333,11003.89076,0.011003891,210430,"210430 MRC Sample D4Data.csv",NA
"210430.MRC.Sample.D5Data",3,"30.04.2021","D","33.1","M","52wks","Tm1b Het",5,133.9336667,14088.6506,0.014088651,210430,"210430 MRC Sample D5Data.csv",NA
"210430.MRC.Sample.D6Data",4,"30.04.2021","D","33.1","M","52wks","Tm1b Het",6,123.8926667,12055.38496,0.012055385,210430,"210430 MRC Sample D6Data.csv",NA
"210430.MRC.Sample.D7Data",4,"30.04.2021","D","33.1","M","52wks","Tm1b Het",7,104.2516667,8536.029261,0.008536029,210430,"210430 MRC Sample D7Data.csv",NA
"210430.MRC.Sample.D8Data",4,"30.04.2021","D","33.1","M","52wks","Tm1b Het",8,109.9156667,9488.751615,0.009488752,210430,"210430 MRC Sample D8Data.csv",NA
"210430.MRC.Sample.D9Data",3,"30.04.2021","D","33.1","M","52wks","Tm1b Het",9,128.361,12940.64922,0.012940649,210430,"210430 MRC Sample D9Data.csv",NA
"210506.MRC.Sample.A1Data",2,"06.05.2021","A","57.1","M","52wks","Tm1b Wt",1,143.67,16211.4576,0.016211458,210506,"210506 MRC Sample A1Data.csv",NA
"210506.MRC.Sample.A10Data",1,"06.05.2021","A","57.1","M","52wks","Tm1b Wt",10,137.653,14881.99804,0.014881998,210506,"210506 MRC Sample A10Data.csv",NA
"210506.MRC.Sample.A2Data",3,"06.05.2021","A","57.1","M","52wks","Tm1b Wt",2,114.5473333,10305.28122,0.010305281,210506,"210506 MRC Sample A2Data.csv",NA
"210506.MRC.Sample.A3Data",2,"06.05.2021","A","57.1","M","52wks","Tm1b Wt",3,156.252,19175.25073,0.019175251,210506,"210506 MRC Sample A3Data.csv",NA
"210506.MRC.Sample.A4Data",2,"06.05.2021","A","57.1","M","52wks","Tm1b Wt",4,148.0433333,17213.43688,0.017213437,210506,"210506 MRC Sample A4Data.csv",NA
"210506.MRC.Sample.A5Data",4,"06.05.2021","A","57.1","M","52wks","Tm1b Wt",5,120.3736667,11380.27773,0.011380278,210506,"210506 MRC Sample A5Data.csv",NA
"210506.MRC.Sample.A6Data",3,"06.05.2021","A","57.1","M","52wks","Tm1b Wt",6,100.16,7879.134481,0.007879134,210506,"210506 MRC Sample A6Data.csv",NA
"210506.MRC.Sample.A7Data",3,"06.05.2021","A","57.1","M","52wks","Tm1b Wt",7,116.3186667,10626.46246,0.010626462,210506,"210506 MRC Sample A7Data.csv",NA
"210506.MRC.Sample.A8Data",4,"06.05.2021","A","57.1","M","52wks","Tm1b Wt",8,112.0193333,9855.436147,0.009855436,210506,"210506 MRC Sample A8Data.csv",NA
"210506.MRC.Sample.A9Data",4,"06.05.2021","A","57.1","M","52wks","Tm1b Wt",9,129.138,13097.78911,0.013097789,210506,"210506 MRC Sample A9Data.csv",NA
"210506.MRC.Sample.B1Data",4,"06.05.2021","B","59.2","M","52wks","Tm1b Wt",1,144.503,16399.99095,0.016399991,210506,"210506 MRC Sample B1Data.csv",NA
"210506.MRC.Sample.B10Data",4,"06.05.2021","B","59.2","M","52wks","Tm1b Wt",10,129.4126667,13153.56436,0.013153564,210506,"210506 MRC Sample B10Data.csv",NA
"210506.MRC.Sample.B2Data",4,"06.05.2021","B","59.2","M","52wks","Tm1b Wt",2,152.507,18267.0929,0.018267093,210506,"210506 MRC Sample B2Data.csv",NA
"210506.MRC.Sample.B3Data",1,"06.05.2021","B","59.2","M","52wks","Tm1b Wt",3,146.8106667,16927.97867,0.016927979,210506,"210506 MRC Sample B3Data.csv",NA
"210506.MRC.Sample.B4Data",3,"06.05.2021","B","59.2","M","52wks","Tm1b Wt",4,139.2886667,15237.77105,0.015237771,210506,"210506 MRC Sample B4Data.csv",NA
"210506.MRC.Sample.B5Data",2,"06.05.2021","B","59.2","M","52wks","Tm1b Wt",5,137.4566667,14839.57618,0.014839576,210506,"210506 MRC Sample B5Data.csv",NA
"210506.MRC.Sample.B6Data",3,"06.05.2021","B","59.2","M","52wks","Tm1b Wt",6,105.462,8735.38172,0.008735382,210506,"210506 MRC Sample B6Data.csv",NA
"210506.MRC.Sample.B7Data",3,"06.05.2021","B","59.2","M","52wks","Tm1b Wt",7,90.907,6490.595335,0.006490595,210506,"210506 MRC Sample B7Data.csv",NA
"210506.MRC.Sample.B9Data",4,"06.05.2021","B","59.2","M","52wks","Tm1b Wt",9,102.143,8194.210188,0.00819421,210506,"210506 MRC Sample B9Data.csv",NA
"210506.MRC.Sample.C1Data",4,"06.05.2021","C","61.2","M","52wks","Tm1b Wt",1,151.4493333,18014.59957,0.0180146,210506,"210506 MRC Sample C1Data.csv",NA
"210506.MRC.Sample.C10Data",3,"06.05.2021","C","61.2","M","52wks","Tm1b Wt",10,135.4216667,14403.43876,0.014403439,210506,"210506 MRC Sample C10Data.csv",NA
"210506.MRC.Sample.C2Data",4,"06.05.2021","C","61.2","M","52wks","Tm1b Wt",2,139.9813333,15389.69925,0.015389699,210506,"210506 MRC Sample C2Data.csv",NA
"210506.MRC.Sample.C3Data",4,"06.05.2021","C","61.2","M","52wks","Tm1b Wt",3,118.877,11099.04353,0.011099044,210506,"210506 MRC Sample C3Data.csv",NA
"210506.MRC.Sample.C4Data",3,"06.05.2021","C","61.2","M","52wks","Tm1b Wt",4,138.1316667,14985.67762,0.014985678,210506,"210506 MRC Sample C4Data.csv",NA
"210506.MRC.Sample.C5Data",2,"06.05.2021","C","61.2","M","52wks","Tm1b Wt",5,153.2076667,18435.3284,0.018435328,210506,"210506 MRC Sample C5Data.csv",NA
"210506.MRC.Sample.C6Data",3,"06.05.2021","C","61.2","M","52wks","Tm1b Wt",6,124.1076667,12097.26245,0.012097262,210506,"210506 MRC Sample C6Data.csv",NA
"210506.MRC.Sample.C7Data",3,"06.05.2021","C","61.2","M","52wks","Tm1b Wt",7,154.291,18696.96302,0.018696963,210506,"210506 MRC Sample C7Data.csv",NA
"210506.MRC.Sample.C9Data",4,"06.05.2021","C","61.2","M","52wks","Tm1b Wt",9,106.9686667,8986.757993,0.008986758,210506,"210506 MRC Sample C9Data.csv",NA
"210506.MRC.Sample.D1Data",4,"06.05.2021","D","36.1","M","52wks","Tm1b Het",1,173.646,23682.05845,0.023682058,210506,"210506 MRC Sample D1Data.csv",NA
"210506.MRC.Sample.D10Data",2,"06.05.2021","D","36.1","M","52wks","Tm1b Het",10,118.9046667,11104.21038,0.01110421,210506,"210506 MRC Sample D10Data.csv",NA
"210506.MRC.Sample.D2Data",3,"06.05.2021","D","36.1","M","52wks","Tm1b Het",2,133.0233333,13897.78324,0.013897783,210506,"210506 MRC Sample D2Data.csv",NA
"210506.MRC.Sample.D3Data",3,"06.05.2021","D","36.1","M","52wks","Tm1b Het",3,133.9003333,14081.63871,0.014081639,210506,"210506 MRC Sample D3Data.csv",NA
"210506.MRC.Sample.D4Data",1,"06.05.2021","D","36.1","M","52wks","Tm1b Het",4,147.606,17111.88702,0.017111887,210506,"210506 MRC Sample D4Data.csv",NA
"210506.MRC.Sample.D6Data",3,"06.05.2021","D","36.1","M","52wks","Tm1b Het",6,116.129,10591.83615,0.010591836,210506,"210506 MRC Sample D6Data.csv",NA
"210506.MRC.Sample.D8Data",3,"06.05.2021","D","36.1","M","52wks","Tm1b Het",8,130.0303333,13279.42385,0.013279424,210506,"210506 MRC Sample D8Data.csv",NA
"210506.MRC.Sample.D9Data",3,"06.05.2021","D","36.1","M","52wks","Tm1b Het",9,102.5413333,8258.245731,0.008258246,210506,"210506 MRC Sample D9Data.csv",NA
"210507.MRC.Sample.A1Data",1,"07.05.2021","A","68.3","F","18wks","Tm1b Wt",1,159.7626667,20046.58886,0.020046589,210507,"210507 MRC Sample A1Data.csv",NA
"210507.MRC.Sample.A10Data",4,"07.05.2021","A","68.3","F","18wks","Tm1b Wt",10,139.2136667,15221.36591,0.015221366,210507,"210507 MRC Sample A10Data.csv",NA
"210507.MRC.Sample.A2Data",4,"07.05.2021","A","68.3","F","18wks","Tm1b Wt",2,109.5853333,9431.803563,0.009431804,210507,"210507 MRC Sample A2Data.csv",NA
"210507.MRC.Sample.A3Data",1,"07.05.2021","A","68.3","F","18wks","Tm1b Wt",3,110.5843333,9604.551494,0.009604551,210507,"210507 MRC Sample A3Data.csv",NA
"210507.MRC.Sample.A4Data",4,"07.05.2021","A","68.3","F","18wks","Tm1b Wt",4,89.28433333,6260.952396,0.006260952,210507,"210507 MRC Sample A4Data.csv",NA
"210507.MRC.Sample.A5Data",4,"07.05.2021","A","68.3","F","18wks","Tm1b Wt",5,99.797,7822.126834,0.007822127,210507,"210507 MRC Sample A5Data.csv",NA
"210507.MRC.Sample.A6Data",1,"07.05.2021","A","68.3","F","18wks","Tm1b Wt",6,115.175,10418.52704,0.010418527,210507,"210507 MRC Sample A6Data.csv",NA
"210507.MRC.Sample.A7Data",3,"07.05.2021","A","68.3","F","18wks","Tm1b Wt",7,118.1066667,10955.66406,0.010955664,210507,"210507 MRC Sample A7Data.csv",NA
"210507.MRC.Sample.A9Data",4,"07.05.2021","A","68.3","F","18wks","Tm1b Wt",9,150.0173333,17675.54298,0.017675543,210507,"210507 MRC Sample A9Data.csv",NA
"210507.MRC.Sample.B1Data",3,"07.05.2021","B","64.2","F","18wks","Tm1b Het",1,132.0456667,13694.248,0.013694248,210507,"210507 MRC Sample B1Data.csv",NA
"210507.MRC.Sample.B10Data",3,"07.05.2021","B","64.2","F","18wks","Tm1b Het",10,85.14833333,5694.324135,0.005694324,210507,"210507 MRC Sample B10Data.csv",NA
"210507.MRC.Sample.B2Data",3,"07.05.2021","B","64.2","F","18wks","Tm1b Het",2,141.328,15687.23157,0.015687232,210507,"210507 MRC Sample B2Data.csv",NA
"210507.MRC.Sample.B3Data",4,"07.05.2021","B","64.2","F","18wks","Tm1b Het",3,94.35433333,6992.195817,0.006992196,210507,"210507 MRC Sample B3Data.csv",NA
"210507.MRC.Sample.B4Data",3,"07.05.2021","B","64.2","F","18wks","Tm1b Het",4,92.02366667,6651.030643,0.006651031,210507,"210507 MRC Sample B4Data.csv",NA
"210507.MRC.Sample.B5Data",4,"07.05.2021","B","64.2","F","18wks","Tm1b Het",5,99.44166667,7766.523677,0.007766524,210507,"210507 MRC Sample B5Data.csv",NA
"210507.MRC.Sample.B6Data",3,"07.05.2021","B","64.2","F","18wks","Tm1b Het",6,113.7726667,10166.36637,0.010166366,210507,"210507 MRC Sample B6Data.csv",NA
"210507.MRC.Sample.B7Data",3,"07.05.2021","B","64.2","F","18wks","Tm1b Het",7,109.8456667,9476.669604,0.00947667,210507,"210507 MRC Sample B7Data.csv",NA
"210507.MRC.Sample.B9Data",3,"07.05.2021","B","64.2","F","18wks","Tm1b Het",9,117.5186667,10846.84895,0.010846849,210507,"210507 MRC Sample B9Data.csv",NA
"210507.MRC.Sample.C1Data",3,"07.05.2021","C","121.4","F","18wks","Tm1b Hom",1,70.04733333,3853.657332,0.003853657,210507,"210507 MRC Sample C1Data.csv",NA
"210507.MRC.Sample.C2Data",3,"07.05.2021","C","121.4","F","18wks","Tm1b Hom",2,100.839,7986.324304,0.007986324,210507,"210507 MRC Sample C2Data.csv",NA
"210507.MRC.Sample.C4Data",1,"07.05.2021","C","121.4","F","18wks","Tm1b Hom",4,124.1783333,12111.04267,0.012111043,210507,"210507 MRC Sample C4Data.csv",NA
"210507.MRC.Sample.C5Data",3,"07.05.2021","C","121.4","F","18wks","Tm1b Hom",5,87.67233333,6036.914313,0.006036914,210507,"210507 MRC Sample C5Data.csv",NA
"210507.MRC.Sample.C6Data",4,"07.05.2021","C","121.4","F","18wks","Tm1b Hom",6,92.729,6753.377616,0.006753378,210507,"210507 MRC Sample C6Data.csv",NA
"210507.MRC.Sample.C7Data",3,"07.05.2021","C","121.4","F","18wks","Tm1b Hom",7,82.335,5324.255167,0.005324255,210507,"210507 MRC Sample C7Data.csv",NA
"210507.MRC.Sample.C8Data",3,"07.05.2021","C","121.4","F","18wks","Tm1b Hom",8,98.14266667,7564.941775,0.007564942,210507,"210507 MRC Sample C8Data.csv",NA
"210507.MRC.Sample.C9Data",3,"07.05.2021","C","121.4","F","18wks","Tm1b Hom",9,112.5856667,9955.339825,0.00995534,210507,"210507 MRC Sample C9Data.csv",NA
"210507.MRC.Sample.D1Data",2,"07.05.2021","D","61.3","M","52wks","Tm1b Wt",1,127.5586667,12779.38116,0.012779381,210507,"210507 MRC Sample D1Data.csv",NA
"210507.MRC.Sample.D10Data",3,"07.05.2021","D","61.3","M","52wks","Tm1b Wt",10,135.1393333,14343.44345,0.014343443,210507,"210507 MRC Sample D10Data.csv",NA
"210507.MRC.Sample.D2Data",1,"07.05.2021","D","61.3","M","52wks","Tm1b Wt",2,122.8813333,11859.37252,0.011859373,210507,"210507 MRC Sample D2Data.csv",NA
"210507.MRC.Sample.D3Data",2,"07.05.2021","D","61.3","M","52wks","Tm1b Wt",3,137.1283333,14768.76827,0.014768768,210507,"210507 MRC Sample D3Data.csv",NA
"210507.MRC.Sample.D4Data",4,"07.05.2021","D","61.3","M","52wks","Tm1b Wt",4,130.1896667,13311.98782,0.013311988,210507,"210507 MRC Sample D4Data.csv",NA
"210507.MRC.Sample.D5Data",1,"07.05.2021","D","61.3","M","52wks","Tm1b Wt",5,183.3183333,26393.78541,0.026393785,210507,"210507 MRC Sample D5Data.csv",NA
"210507.MRC.Sample.D6Data",3,"07.05.2021","D","61.3","M","52wks","Tm1b Wt",6,104.906,8643.517931,0.008643518,210507,"210507 MRC Sample D6Data.csv",NA
"210507.MRC.Sample.D7Data",1,"07.05.2021","D","61.3","M","52wks","Tm1b Wt",7,133.4716667,13991.62152,0.013991622,210507,"210507 MRC Sample D7Data.csv",NA
"210507.MRC.Sample.D8Data",1,"07.05.2021","D","61.3","M","52wks","Tm1b Wt",8,168.4713333,22291.63417,0.022291634,210507,"210507 MRC Sample D8Data.csv",NA
"210510.MRC.Sample.A1Data",4,"10.05.2021","A","106.1","F","18wks","Tm1b Wt",1,92.227,6680.455036,0.006680455,210510,"210510 MRC Sample A1Data.csv",NA
"210510.MRC.Sample.A10Data",4,"10.05.2021","A","106.1","F","18wks","Tm1b Wt",10,119.4643333,11208.98812,0.011208988,210510,"210510 MRC Sample A10Data.csv",NA
"210510.MRC.Sample.A2Data",4,"10.05.2021","A","106.1","F","18wks","Tm1b Wt",2,110.9786667,9673.171489,0.009673171,210510,"210510 MRC Sample A2Data.csv",NA
"210510.MRC.Sample.A3Data",1,"10.05.2021","A","106.1","F","18wks","Tm1b Wt",3,143.018,16064.65053,0.016064651,210510,"210510 MRC Sample A3Data.csv",NA
"210510.MRC.Sample.A4Data",4,"10.05.2021","A","106.1","F","18wks","Tm1b Wt",4,103.5646667,8423.898105,0.008423898,210510,"210510 MRC Sample A4Data.csv",NA
"210510.MRC.Sample.A5Data",4,"10.05.2021","A","106.1","F","18wks","Tm1b Wt",5,160.739,20292.35286,0.020292353,210510,"210510 MRC Sample A5Data.csv",NA
"210510.MRC.Sample.A6Data",4,"10.05.2021","A","106.1","F","18wks","Tm1b Wt",6,154.285,18695.50889,0.018695509,210510,"210510 MRC Sample A6Data.csv",NA
"210510.MRC.Sample.A7Data",4,"10.05.2021","A","106.1","F","18wks","Tm1b Wt",7,133.2383333,13942.74434,0.013942744,210510,"210510 MRC Sample A7Data.csv",NA
"210510.MRC.Sample.A8Data",4,"10.05.2021","A","106.1","F","18wks","Tm1b Wt",8,126.7866667,12625.16462,0.012625165,210510,"210510 MRC Sample A8Data.csv",NA
"210510.MRC.Sample.A9Data",4,"10.05.2021","A","106.1","F","18wks","Tm1b Wt",9,146.21,16789.7425,0.016789743,210510,"210510 MRC Sample A9Data.csv",NA
"210510.MRC.Sample.B1Data",4,"10.05.2021","B","68.5","F","18wks","Tm1b Het",1,111.3006667,9729.385534,0.009729386,210510,"210510 MRC Sample B1Data.csv",NA
"210510.MRC.Sample.B10Data",4,"10.05.2021","B","68.5","F","18wks","Tm1b Het",10,147.8493333,17168.35253,0.017168353,210510,"210510 MRC Sample B10Data.csv",NA
"210510.MRC.Sample.B2Data",4,"10.05.2021","B","68.5","F","18wks","Tm1b Het",2,101.578,8103.809002,0.008103809,210510,"210510 MRC Sample B2Data.csv",NA
"210510.MRC.Sample.B4Data",3,"10.05.2021","B","68.5","F","18wks","Tm1b Het",4,122.6126667,11807.57077,0.011807571,210510,"210510 MRC Sample B4Data.csv",NA
"210510.MRC.Sample.B5Data",3,"10.05.2021","B","68.5","F","18wks","Tm1b Het",5,108.7476667,9288.161887,0.009288162,210510,"210510 MRC Sample B5Data.csv",NA
"210510.MRC.Sample.B6Data",3,"10.05.2021","B","68.5","F","18wks","Tm1b Het",6,104.0266667,8499.223441,0.008499223,210510,"210510 MRC Sample B6Data.csv",NA
"210510.MRC.Sample.B7Data",3,"10.05.2021","B","68.5","F","18wks","Tm1b Het",7,116.061,10579.43556,0.010579436,210510,"210510 MRC Sample B7Data.csv",NA
"210510.MRC.Sample.B8Data",4,"10.05.2021","B","68.5","F","18wks","Tm1b Het",8,130.704,13417.3775,0.013417377,210510,"210510 MRC Sample B8Data.csv",NA
"210510.MRC.Sample.B9Data",4,"10.05.2021","B","68.5","F","18wks","Tm1b Het",9,122.714,11827.09558,0.011827096,210510,"210510 MRC Sample B9Data.csv",NA
"210510.MRC.Sample.C10Data",3,"10.05.2021","C","123.3","F","18wks","Tm1b Hom",10,98.59266667,7634.473781,0.007634474,210510,"210510 MRC Sample C10Data.csv",NA
"210510.MRC.Sample.C3Data",3,"10.05.2021","C","123.3","F","18wks","Tm1b Hom",3,79.35766667,4946.154308,0.004946154,210510,"210510 MRC Sample C3Data.csv",NA
"210510.MRC.Sample.C6Data",3,"10.05.2021","C","123.3","F","18wks","Tm1b Hom",6,129.0933333,13088.73006,0.01308873,210510,"210510 MRC Sample C6Data.csv",NA
"210510.MRC.Sample.C7Data",4,"10.05.2021","C","123.3","F","18wks","Tm1b Hom",7,82.01533333,5282.992449,0.005282992,210510,"210510 MRC Sample C7Data.csv",NA
"210510.MRC.Sample.C8Data",3,"10.05.2021","C","123.3","F","18wks","Tm1b Hom",8,111.6373333,9788.334205,0.009788334,210510,"210510 MRC Sample C8Data.csv",NA
"210510.MRC.Sample.C9Data",3,"10.05.2021","C","123.3","F","18wks","Tm1b Hom",9,145.942,16728.24839,0.016728248,210510,"210510 MRC Sample C9Data.csv",NA
"210510.MRC.Sample.D10Data",3,"10.05.2021","D","89.4","F","52wks","Tm1b Hom",10,111.9395,9841.393721,0.009841394,210510,"210510 MRC Sample D10Data.csv",NA
"210510.MRC.Sample.D2Data",3,"10.05.2021","D","89.4","F","52wks","Tm1b Hom",2,131.4403333,13568.97945,0.013568979,210510,"210510 MRC Sample D2Data.csv",NA
"210510.MRC.Sample.D3Data",3,"10.05.2021","D","89.4","F","52wks","Tm1b Hom",3,135.0326667,14320.80958,0.01432081,210510,"210510 MRC Sample D3Data.csv",NA
"210510.MRC.Sample.D7Data",3,"10.05.2021","D","89.4","F","52wks","Tm1b Hom",7,113.779,10167.49825,0.010167498,210510,"210510 MRC Sample D7Data.csv",NA
"210511.MRC.Sample.A1Data",4,"11.05.2021","A","121.1","F","18wks","Tm1b Wt",1,112.932,10016.68278,0.010016683,210511,"210511 MRC Sample A1Data.csv",NA
"210511.MRC.Sample.A10Data",3,"11.05.2021","A","121.1","F","18wks","Tm1b Wt",10,80.31266667,5065.915879,0.005065916,210511,"210511 MRC Sample A10Data.csv",NA
"210511.MRC.Sample.A2Data",4,"11.05.2021","A","121.1","F","18wks","Tm1b Wt",2,131.3896667,13558.52054,0.013558521,210511,"210511 MRC Sample A2Data.csv",NA
"210511.MRC.Sample.A3Data",1,"11.05.2021","A","121.1","F","18wks","Tm1b Wt",3,111.1506667,9703.178604,0.009703179,210511,"210511 MRC Sample A3Data.csv",NA
"210511.MRC.Sample.A4Data",4,"11.05.2021","A","121.1","F","18wks","Tm1b Wt",4,93.39266667,6850.392154,0.006850392,210511,"210511 MRC Sample A4Data.csv",NA
"210511.MRC.Sample.A5Data",2,"11.05.2021","A","121.1","F","18wks","Tm1b Wt",5,112.3176667,9908.000663,0.009908001,210511,"210511 MRC Sample A5Data.csv",NA
"210511.MRC.Sample.A6Data",3,"11.05.2021","A","121.1","F","18wks","Tm1b Wt",6,122.8553333,11854.35449,0.011854354,210511,"210511 MRC Sample A6Data.csv",NA
"210511.MRC.Sample.A7Data",4,"11.05.2021","A","121.1","F","18wks","Tm1b Wt",7,145.347,16592.12557,0.016592126,210511,"210511 MRC Sample A7Data.csv",NA
"210511.MRC.Sample.A8Data",1,"11.05.2021","A","121.1","F","18wks","Tm1b Wt",8,145.1856667,16555.31192,0.016555312,210511,"210511 MRC Sample A8Data.csv",NA
"210511.MRC.Sample.A9Data",2,"11.05.2021","A","121.1","F","18wks","Tm1b Wt",9,121.098,11517.64856,0.011517649,210511,"210511 MRC Sample A9Data.csv",NA
"210511.MRC.Sample.B10Data",4,"11.05.2021","B","171.2","F","18wks","Tm1b Het",10,101.9383333,8161.405164,0.008161405,210511,"210511 MRC Sample B10Data.csv",NA
"210511.MRC.Sample.B2Data",3,"11.05.2021","B","171.2","F","18wks","Tm1b Het",2,127.205,12708.61567,0.012708616,210511,"210511 MRC Sample B2Data.csv",NA
"210511.MRC.Sample.B3Data",4,"11.05.2021","B","171.2","F","18wks","Tm1b Het",3,128.2713333,12922.57613,0.012922576,210511,"210511 MRC Sample B3Data.csv",NA
"210511.MRC.Sample.B5Data",4,"11.05.2021","B","171.2","F","18wks","Tm1b Het",5,107.2016667,9025.950687,0.009025951,210511,"210511 MRC Sample B5Data.csv",NA
"210511.MRC.Sample.B6Data",3,"11.05.2021","B","171.2","F","18wks","Tm1b Het",6,119.7253333,11258.01935,0.011258019,210511,"210511 MRC Sample B6Data.csv",NA
"210511.MRC.Sample.B7Data",4,"11.05.2021","B","171.2","F","18wks","Tm1b Het",7,104.1536667,8519.988506,0.008519989,210511,"210511 MRC Sample B7Data.csv",NA
"210511.MRC.Sample.B8Data",3,"11.05.2021","B","171.2","F","18wks","Tm1b Het",8,98.848,7674.068202,0.007674068,210511,"210511 MRC Sample B8Data.csv",NA
"210511.MRC.Sample.B9Data",3,"11.05.2021","B","171.2","F","18wks","Tm1b Het",9,122.5786667,11801.0233,0.011801023,210511,"210511 MRC Sample B9Data.csv",NA
"210511.MRC.Sample.C1Data",3,"11.05.2021","C","123.5","F","18wks","Tm1b Hom",1,84.02166667,5544.628659,0.005544629,210511,"210511 MRC Sample C1Data.csv",NA
"210511.MRC.Sample.C10Data",2,"11.05.2021","C","123.5","F","18wks","Tm1b Hom",10,130.9283333,13463.47475,0.013463475,210511,"210511 MRC Sample C10Data.csv",NA
"210511.MRC.Sample.C2Data",3,"11.05.2021","C","123.5","F","18wks","Tm1b Hom",2,108.2873333,9209.693967,0.009209694,210511,"210511 MRC Sample C2Data.csv",NA
"210511.MRC.Sample.C3Data",4,"11.05.2021","C","123.5","F","18wks","Tm1b Hom",3,97.05366667,7397.990624,0.007397991,210511,"210511 MRC Sample C3Data.csv",NA
"210511.MRC.Sample.C4Data",4,"11.05.2021","C","123.5","F","18wks","Tm1b Hom",4,104.0083333,8496.227941,0.008496228,210511,"210511 MRC Sample C4Data.csv",NA
"210511.MRC.Sample.C5Data",3,"11.05.2021","C","123.5","F","18wks","Tm1b Hom",5,101.1846667,8041.170899,0.008041171,210511,"210511 MRC Sample C5Data.csv",NA
"210511.MRC.Sample.C6Data",4,"11.05.2021","C","123.5","F","18wks","Tm1b Hom",6,78.82133333,4879.523742,0.004879524,210511,"210511 MRC Sample C6Data.csv",NA
"210511.MRC.Sample.C7Data",4,"11.05.2021","C","123.5","F","18wks","Tm1b Hom",7,111.2756667,9725.015258,0.009725015,210511,"210511 MRC Sample C7Data.csv",NA
"210511.MRC.Sample.C8Data",3,"11.05.2021","C","123.5","F","18wks","Tm1b Hom",8,101.394,8074.476856,0.008074477,210511,"210511 MRC Sample C8Data.csv",NA
"210511.MRC.Sample.D10Data",4,"11.05.2021","D","93.2","F","52wks","Tm1b Hom",10,116.5463333,10668.1008,0.010668101,210511,"210511 MRC Sample D10Data.csv",NA
"210511.MRC.Sample.D2Data",4,"11.05.2021","D","93.2","F","52wks","Tm1b Hom",2,123.7153333,12020.89878,0.012020899,210511,"210511 MRC Sample D2Data.csv",NA
"210511.MRC.Sample.D4Data",3,"11.05.2021","D","93.2","F","52wks","Tm1b Hom",4,166.7633333,21841.93025,0.02184193,210511,"210511 MRC Sample D4Data.csv",NA
"210511.MRC.Sample.D5Data",4,"11.05.2021","D","93.2","F","52wks","Tm1b Hom",5,134.0143333,14105.62655,0.014105627,210511,"210511 MRC Sample D5Data.csv",NA
"210511.MRC.Sample.D7Data",4,"11.05.2021","D","93.2","F","52wks","Tm1b Hom",7,147.0196667,16976.2104,0.01697621,210511,"210511 MRC Sample D7Data.csv",NA
"210512.MRC.Sample.A1Data",4,"12.05.2021","A","135.1","F","18wks","Tm1b Wt",1,97.64233333,7488.005928,0.007488006,210512,"210512 MRC Sample A1Data.csv",NA
"210512.MRC.Sample.A10Data",1,"12.05.2021","A","135.1","F","18wks","Tm1b Wt",10,127.8376667,12835.34516,0.012835345,210512,"210512 MRC Sample A10Data.csv",NA
"210512.MRC.Sample.A2Data",4,"12.05.2021","A","135.1","F","18wks","Tm1b Wt",2,119.003,11122.58417,0.011122584,210512,"210512 MRC Sample A2Data.csv",NA
"210512.MRC.Sample.A3Data",3,"12.05.2021","A","135.1","F","18wks","Tm1b Wt",3,90.70433333,6461.687527,0.006461688,210512,"210512 MRC Sample A3Data.csv",NA
"210512.MRC.Sample.A4Data",3,"12.05.2021","A","135.1","F","18wks","Tm1b Wt",4,80.438,5081.739623,0.00508174,210512,"210512 MRC Sample A4Data.csv",NA
"210512.MRC.Sample.A5Data",4,"12.05.2021","A","135.1","F","18wks","Tm1b Wt",5,111.4723333,9759.421267,0.009759421,210512,"210512 MRC Sample A5Data.csv",NA
"210512.MRC.Sample.A6Data",1,"12.05.2021","A","135.1","F","18wks","Tm1b Wt",6,108.0163333,9163.655266,0.009163655,210512,"210512 MRC Sample A6Data.csv",NA
"210512.MRC.Sample.A7Data",1,"12.05.2021","A","135.1","F","18wks","Tm1b Wt",7,176.1843333,24379.48101,0.024379481,210512,"210512 MRC Sample A7Data.csv",NA
"210512.MRC.Sample.A8Data",2,"12.05.2021","A","135.1","F","18wks","Tm1b Wt",8,139.0393333,15183.26719,0.015183267,210512,"210512 MRC Sample A8Data.csv",NA
"210512.MRC.Sample.A9Data",4,"12.05.2021","A","135.1","F","18wks","Tm1b Wt",9,152.27,18210.3619,0.018210362,210512,"210512 MRC Sample A9Data.csv",NA
"210512.MRC.Sample.B1Data",4,"12.05.2021","B","173.1","F","18wks","Tm1b Het",1,102.3723333,8231.047071,0.008231047,210512,"210512 MRC Sample B1Data.csv",NA
"210512.MRC.Sample.B10Data",3,"12.05.2021","B","173.1","F","18wks","Tm1b Het",10,90.988,6502.166995,0.006502167,210512,"210512 MRC Sample B10Data.csv",NA
"210512.MRC.Sample.B2Data",3,"12.05.2021","B","173.1","F","18wks","Tm1b Het",2,101.7196667,8126.428869,0.008126429,210512,"210512 MRC Sample B2Data.csv",NA
"210512.MRC.Sample.B3Data",2,"12.05.2021","B","173.1","F","18wks","Tm1b Het",3,143.0016667,16060.98143,0.016060981,210512,"210512 MRC Sample B3Data.csv",NA
"210512.MRC.Sample.B4Data",3,"12.05.2021","B","173.1","F","18wks","Tm1b Het",4,115.4653333,10471.11932,0.010471119,210512,"210512 MRC Sample B4Data.csv",NA
"210512.MRC.Sample.B5Data",1,"12.05.2021","B","173.1","F","18wks","Tm1b Het",5,115.1923333,10421.66316,0.010421663,210512,"210512 MRC Sample B5Data.csv",NA
"210512.MRC.Sample.B6Data",4,"12.05.2021","B","173.1","F","18wks","Tm1b Het",6,105.1573333,8684.983743,0.008684984,210512,"210512 MRC Sample B6Data.csv",NA
"210512.MRC.Sample.B7Data",1,"12.05.2021","B","173.1","F","18wks","Tm1b Het",7,123.074,11896.5905,0.011896591,210512,"210512 MRC Sample B7Data.csv",NA
"210512.MRC.Sample.B8Data",4,"12.05.2021","B","173.1","F","18wks","Tm1b Het",8,189.6603333,28251.59034,0.02825159,210512,"210512 MRC Sample B8Data.csv",NA
"210512.MRC.Sample.B9Data",4,"12.05.2021","B","173.1","F","18wks","Tm1b Het",9,84.49133333,5606.788948,0.005606789,210512,"210512 MRC Sample B9Data.csv",NA
"210512.MRC.Sample.C1Data",3,"12.05.2021","C","137.2","F","18wks","Tm1b Hom",1,97.33866667,7441.503108,0.007441503,210512,"210512 MRC Sample C1Data.csv",NA
"210512.MRC.Sample.C2Data",3,"12.05.2021","C","137.2","F","18wks","Tm1b Hom",2,79.88433333,5012.023651,0.005012024,210512,"210512 MRC Sample C2Data.csv",NA
"210512.MRC.Sample.C3Data",3,"12.05.2021","C","137.2","F","18wks","Tm1b Hom",3,106.5566667,8917.664602,0.008917665,210512,"210512 MRC Sample C3Data.csv",NA
"210512.MRC.Sample.C4Data",3,"12.05.2021","C","137.2","F","18wks","Tm1b Hom",4,174.079,23800.31186,0.023800312,210512,"210512 MRC Sample C4Data.csv",NA
"210512.MRC.Sample.C7Data",3,"12.05.2021","C","137.2","F","18wks","Tm1b Hom",7,119.9466667,11299.6827,0.011299683,210512,"210512 MRC Sample C7Data.csv",NA
"210512.MRC.Sample.C8Data",3,"12.05.2021","C","137.2","F","18wks","Tm1b Hom",8,104.3276667,8548.479415,0.008548479,210512,"210512 MRC Sample C8Data.csv",NA
"210512.MRC.Sample.D10Data",3,"12.05.2021","D","98.1","F","52wks","Tm1b Hom",10,147.62,17115.1332,0.017115133,210512,"210512 MRC Sample D10Data.csv",NA
"210512.MRC.Sample.D2Data",1,"12.05.2021","D","98.1","F","52wks","Tm1b Hom",2,102.8873333,8314.070512,0.008314071,210512,"210512 MRC Sample D2Data.csv",NA
"210512.MRC.Sample.D3Data",1,"12.05.2021","D","98.1","F","52wks","Tm1b Hom",3,158.5423333,19741.51019,0.01974151,210512,"210512 MRC Sample D3Data.csv",NA
"210512.MRC.Sample.D4Data",3,"12.05.2021","D","98.1","F","52wks","Tm1b Hom",4,143.975,16280.36194,0.016280362,210512,"210512 MRC Sample D4Data.csv",NA
"210512.MRC.Sample.D6Data",3,"12.05.2021","D","98.1","F","52wks","Tm1b Hom",6,120.0486667,11318.90887,0.011318909,210512,"210512 MRC Sample D6Data.csv",NA
"210512.MRC.Sample.D8Data",2,"12.05.2021","D","98.1","F","52wks","Tm1b Hom",8,149.178,17478.31017,0.01747831,210512,"210512 MRC Sample D8Data.csv",NA
"210512.MRC.Sample.D9Data",3,"12.05.2021","D","98.1","F","52wks","Tm1b Hom",9,177.1306667,24642.08186,0.024642082,210512,"210512 MRC Sample D9Data.csv",NA
"210512.MRC.Sample.E1Data",3,"12.05.2021","E","106.2","F","52wks","Tm1b Hom",1,93.38266667,6848.925224,0.006848925,210512,"210512 MRC Sample E1Data.csv",NA
"210512.MRC.Sample.E3Data",3,"12.05.2021","E","106.2","F","52wks","Tm1b Hom",3,134.7043333,14251.25184,0.014251252,210512,"210512 MRC Sample E3Data.csv",NA
"210513.MRC.Sample.A1Data",1,"13.05.2021","A","63.1","M","18wks","Tm1b Wt",1,141.5053333,15726.62382,0.015726624,210513,"210513 MRC Sample A1Data.csv",NA
"210513.MRC.Sample.A10Data",3,"13.05.2021","A","63.1","M","18wks","Tm1b Wt",10,125.4556667,12361.47932,0.012361479,210513,"210513 MRC Sample A10Data.csv",NA
"210513.MRC.Sample.A2Data",1,"13.05.2021","A","63.1","M","18wks","Tm1b Wt",2,120.51,11406.07057,0.011406071,210513,"210513 MRC Sample A2Data.csv",NA
"210513.MRC.Sample.A3Data",2,"13.05.2021","A","63.1","M","18wks","Tm1b Wt",3,140.0896667,15413.52905,0.015413529,210513,"210513 MRC Sample A3Data.csv",NA
"210513.MRC.Sample.A4Data",4,"13.05.2021","A","63.1","M","18wks","Tm1b Wt",4,138.054,14968.83049,0.01496883,210513,"210513 MRC Sample A4Data.csv",NA
"210513.MRC.Sample.A5Data",2,"13.05.2021","A","63.1","M","18wks","Tm1b Wt",5,165.1256667,21415.04787,0.021415048,210513,"210513 MRC Sample A5Data.csv",NA
"210513.MRC.Sample.A6Data",5,"13.05.2021","A","63.1","M","18wks","Tm1b Wt",6,138.7633333,15123.04794,0.015123048,210513,"210513 MRC Sample A6Data.csv",NA
"210513.MRC.Sample.A7Data",2,"13.05.2021","A","63.1","M","18wks","Tm1b Wt",7,109.075,9344.161257,0.009344161,210513,"210513 MRC Sample A7Data.csv",NA
"210513.MRC.Sample.A8Data",2,"13.05.2021","A","63.1","M","18wks","Tm1b Wt",8,132.752,13841.14527,0.013841145,210513,"210513 MRC Sample A8Data.csv",NA
"210513.MRC.Sample.B1Data",3,"13.05.2021","B","54.3","M","18wks","Tm1b Het",1,105.8506667,8799.886626,0.008799887,210513,"210513 MRC Sample B1Data.csv",NA
"210513.MRC.Sample.B10Data",3,"13.05.2021","B","54.3","M","18wks","Tm1b Het",10,108.036,9166.992452,0.009166992,210513,"210513 MRC Sample B10Data.csv",NA
"210513.MRC.Sample.B2Data",4,"13.05.2021","B","54.3","M","18wks","Tm1b Het",2,102.1473333,8194.905463,0.008194905,210513,"210513 MRC Sample B2Data.csv",NA
"210513.MRC.Sample.B3Data",3,"13.05.2021","B","54.3","M","18wks","Tm1b Het",3,125.5256667,12375.27774,0.012375278,210513,"210513 MRC Sample B3Data.csv",NA
"210513.MRC.Sample.B4Data",2,"13.05.2021","B","54.3","M","18wks","Tm1b Het",4,118.8893333,11101.34666,0.011101347,210513,"210513 MRC Sample B4Data.csv",NA
"210513.MRC.Sample.B5Data",2,"13.05.2021","B","54.3","M","18wks","Tm1b Het",5,94.458,7007.568844,0.007007569,210513,"210513 MRC Sample B5Data.csv",NA
"210513.MRC.Sample.B6Data",2,"13.05.2021","B","54.3","M","18wks","Tm1b Het",6,147.6836667,17129.89948,0.017129899,210513,"210513 MRC Sample B6Data.csv",NA
"210513.MRC.Sample.B8Data",4,"13.05.2021","B","54.3","M","18wks","Tm1b Het",8,85.71566667,5770.458154,0.005770458,210513,"210513 MRC Sample B8Data.csv",NA
"210513.MRC.Sample.B9Data",3,"13.05.2021","B","54.3","M","18wks","Tm1b Het",9,82.381,5330.206079,0.005330206,210513,"210513 MRC Sample B9Data.csv",NA
"210513.MRC.Sample.C1Data",3,"13.05.2021","C","99.3","M","18wks","Tm1b Hom",1,131.2113333,13521.73993,0.01352174,210513,"210513 MRC Sample C1Data.csv",NA
"210513.MRC.Sample.C10Data",1,"13.05.2021","C","99.3","M","18wks","Tm1b Hom",10,93.67433333,6891.775205,0.006891775,210513,"210513 MRC Sample C10Data.csv",NA
"210513.MRC.Sample.C2Data",2,"13.05.2021","C","99.3","M","18wks","Tm1b Hom",2,92.91966667,6781.178365,0.006781178,210513,"210513 MRC Sample C2Data.csv",NA
"210513.MRC.Sample.C4Data",4,"13.05.2021","C","99.3","M","18wks","Tm1b Hom",4,91.049,6510.888258,0.006510888,210513,"210513 MRC Sample C4Data.csv",NA
"210513.MRC.Sample.C5Data",3,"13.05.2021","C","99.3","M","18wks","Tm1b Hom",5,125.9716667,12463.37414,0.012463374,210513,"210513 MRC Sample C5Data.csv",NA
"210513.MRC.Sample.C6Data",4,"13.05.2021","C","99.3","M","18wks","Tm1b Hom",6,107.4113333,9061.291388,0.009061291,210513,"210513 MRC Sample C6Data.csv",NA
"210513.MRC.Sample.C7Data",3,"13.05.2021","C","99.3","M","18wks","Tm1b Hom",7,93.32133333,6839.931489,0.006839931,210513,"210513 MRC Sample C7Data.csv",NA
"210513.MRC.Sample.C8Data",3,"13.05.2021","C","99.3","M","18wks","Tm1b Hom",8,106.617,8927.765978,0.008927766,210513,"210513 MRC Sample C8Data.csv",NA
"210513.MRC.Sample.C9Data",3,"13.05.2021","C","99.3","M","18wks","Tm1b Hom",9,86.55233333,5883.658292,0.005883658,210513,"210513 MRC Sample C9Data.csv",NA
"210513.MRC.Sample.D1Data",4,"13.05.2021","D","55.1","F","52wks","Tm1b Het",1,133.2006667,13934.8622,0.013934862,210513,"210513 MRC Sample D1Data.csv",NA
"210513.MRC.Sample.D10Data",3,"13.05.2021","D","55.1","F","52wks","Tm1b Het",10,89.071,6231.068673,0.006231069,210513,"210513 MRC Sample D10Data.csv",NA
"210513.MRC.Sample.D2Data",1,"13.05.2021","D","55.1","F","52wks","Tm1b Het",2,124.5013333,12174.12863,0.012174129,210513,"210513 MRC Sample D2Data.csv",NA
"210513.MRC.Sample.D3Data",4,"13.05.2021","D","55.1","F","52wks","Tm1b Het",3,110.1306667,9525.908772,0.009525909,210513,"210513 MRC Sample D3Data.csv",NA
"210513.MRC.Sample.D4Data",3,"13.05.2021","D","55.1","F","52wks","Tm1b Het",4,116.664,10689.65298,0.010689653,210513,"210513 MRC Sample D4Data.csv",NA
"210513.MRC.Sample.D5Data",2,"13.05.2021","D","55.1","F","52wks","Tm1b Het",5,116.1706667,10599.43815,0.010599438,210513,"210513 MRC Sample D5Data.csv",NA
"210513.MRC.Sample.D6Data",3,"13.05.2021","D","55.1","F","52wks","Tm1b Het",6,95.01866667,7091.004244,0.007091004,210513,"210513 MRC Sample D6Data.csv",NA
"210513.MRC.Sample.D7Data",3,"13.05.2021","D","55.1","F","52wks","Tm1b Het",7,116.2463333,10613.25032,0.01061325,210513,"210513 MRC Sample D7Data.csv",NA
"210513.MRC.Sample.D8Data",1,"13.05.2021","D","55.1","F","52wks","Tm1b Het",8,115.5876667,10493.31899,0.010493319,210513,"210513 MRC Sample D8Data.csv",NA
"210513.MRC.Sample.D9Data",3,"13.05.2021","D","55.1","F","52wks","Tm1b Het",9,78.90633333,4890.053459,0.004890053,210513,"210513 MRC Sample D9Data.csv",NA
"210513.MRC.Sample.E1Data",3,"13.05.2021","E","55.3","F","52wks","Tm1b Het",1,115.0493333,10395.80427,0.010395804,210513,"210513 MRC Sample E1Data.csv",NA
"210513.MRC.Sample.E2Data",1,"13.05.2021","E","55.3","F","52wks","Tm1b Het",2,125.2486667,12320.72046,0.01232072,210513,"210513 MRC Sample E2Data.csv",NA
"210513.MRC.Sample.E3Data",1,"13.05.2021","E","55.3","F","52wks","Tm1b Het",3,105.5396667,8748.25267,0.008748253,210513,"210513 MRC Sample E3Data.csv",NA
"210513.MRC.Sample.E4Data",3,"13.05.2021","E","55.3","F","52wks","Tm1b Het",4,114.8153333,10353.55901,0.010353559,210513,"210513 MRC Sample E4Data.csv",NA
"210513.MRC.Sample.E5Data",4,"13.05.2021","E","55.3","F","52wks","Tm1b Het",5,89.765,6328.546155,0.006328546,210513,"210513 MRC Sample E5Data.csv",NA
"210513.MRC.Sample.E6Data",3,"13.05.2021","E","55.3","F","52wks","Tm1b Het",6,110.9723333,9672.067451,0.009672067,210513,"210513 MRC Sample E6Data.csv",NA
"210513.MRC.Sample.E7Data",4,"13.05.2021","E","55.3","F","52wks","Tm1b Het",7,110.6546667,9616.772675,0.009616773,210513,"210513 MRC Sample E7Data.csv",NA
"210513.MRC.Sample.E8Data",2,"13.05.2021","E","55.3","F","52wks","Tm1b Het",8,96.77466667,7355.51778,0.007355518,210513,"210513 MRC Sample E8Data.csv",NA
"210513.MRC.Sample.E9Data",3,"13.05.2021","E","55.3","F","52wks","Tm1b Het",9,110.71,9626.392889,0.009626393,210513,"210513 MRC Sample E9Data.csv",NA
"210514.MRC.Sample.A1Data",4,"14.05.2021","A","100.1","M","18wks","Tm1b Wt",1,127.4766667,12762.95621,0.012762956,210514,"210514 MRC Sample A1Data.csv",NA
"210514.MRC.Sample.A10Data",3,"14.05.2021","A","100.1","M","18wks","Tm1b Wt",10,106.8343333,8964.200663,0.008964201,210514,"210514 MRC Sample A10Data.csv",NA
"210514.MRC.Sample.A2Data",1,"14.05.2021","A","100.1","M","18wks","Tm1b Wt",2,109.8913333,9484.550794,0.009484551,210514,"210514 MRC Sample A2Data.csv",NA
"210514.MRC.Sample.A3Data",4,"14.05.2021","A","100.1","M","18wks","Tm1b Wt",3,91.19566667,6531.881337,0.006531881,210514,"210514 MRC Sample A3Data.csv",NA
"210514.MRC.Sample.A4Data",4,"14.05.2021","A","100.1","M","18wks","Tm1b Wt",4,120.541,11411.93952,0.01141194,210514,"210514 MRC Sample A4Data.csv",NA
"210514.MRC.Sample.A5Data",1,"14.05.2021","A","100.1","M","18wks","Tm1b Wt",5,139.072,15190.40252,0.015190403,210514,"210514 MRC Sample A5Data.csv",NA
"210514.MRC.Sample.A6Data",2,"14.05.2021","A","100.1","M","18wks","Tm1b Wt",6,132.9246667,13877.17424,0.013877174,210514,"210514 MRC Sample A6Data.csv",NA
"210514.MRC.Sample.A7Data",2,"14.05.2021","A","100.1","M","18wks","Tm1b Wt",7,141.1113333,15639.16897,0.015639169,210514,"210514 MRC Sample A7Data.csv",NA
"210514.MRC.Sample.A8Data",2,"14.05.2021","A","100.1","M","18wks","Tm1b Wt",8,127.106,12688.84186,0.012688842,210514,"210514 MRC Sample A8Data.csv",NA
"210514.MRC.Sample.A9Data",4,"14.05.2021","A","100.1","M","18wks","Tm1b Wt",9,98.24933333,7581.394671,0.007581395,210514,"210514 MRC Sample A9Data.csv",NA
"210514.MRC.Sample.B1Data",3,"14.05.2021","B","57.2","M","18wks","Tm1b Het",1,128.9063333,13050.83779,0.013050838,210514,"210514 MRC Sample B1Data.csv",NA
"210514.MRC.Sample.B10Data",2,"14.05.2021","B","57.2","M","18wks","Tm1b Het",10,126.7796667,12623.77057,0.012623771,210514,"210514 MRC Sample B10Data.csv",NA
"210514.MRC.Sample.B3Data",4,"14.05.2021","B","57.2","M","18wks","Tm1b Het",3,176.264,24401.53373,0.024401534,210514,"210514 MRC Sample B3Data.csv",NA
"210514.MRC.Sample.B4Data",2,"14.05.2021","B","57.2","M","18wks","Tm1b Het",4,111.562,9775.128251,0.009775128,210514,"210514 MRC Sample B4Data.csv",NA
"210514.MRC.Sample.B5Data",4,"14.05.2021","B","57.2","M","18wks","Tm1b Het",5,93.29266667,6835.729922,0.00683573,210514,"210514 MRC Sample B5Data.csv",NA
"210514.MRC.Sample.B6Data",4,"14.05.2021","B","57.2","M","18wks","Tm1b Het",6,150.64,17822.57682,0.017822577,210514,"210514 MRC Sample B6Data.csv",NA
"210514.MRC.Sample.B7Data",1,"14.05.2021","B","57.2","M","18wks","Tm1b Het",7,100.6443333,7955.519342,0.007955519,210514,"210514 MRC Sample B7Data.csv",NA
"210514.MRC.Sample.B8Data",1,"14.05.2021","B","57.2","M","18wks","Tm1b Het",8,115.0883333,10402.85351,0.010402854,210514,"210514 MRC Sample B8Data.csv",NA
"210514.MRC.Sample.B9Data",3,"14.05.2021","B","57.2","M","18wks","Tm1b Het",9,142.808,16017.50821,0.016017508,210514,"210514 MRC Sample B9Data.csv",NA
"210514.MRC.Sample.C1Data",3,"14.05.2021","C","99.4","M","18wks","Tm1b Hom",1,138.7983333,15130.67781,0.015130678,210514,"210514 MRC Sample C1Data.csv",NA
"210514.MRC.Sample.C10Data",1,"14.05.2021","C","99.4","M","18wks","Tm1b Hom",10,115.197,10422.50758,0.010422508,210514,"210514 MRC Sample C10Data.csv",NA
"210514.MRC.Sample.C2Data",4,"14.05.2021","C","99.4","M","18wks","Tm1b Hom",2,85.59433333,5754.13317,0.005754133,210514,"210514 MRC Sample C2Data.csv",NA
"210514.MRC.Sample.C3Data",3,"14.05.2021","C","99.4","M","18wks","Tm1b Hom",3,101.0783333,8024.279096,0.008024279,210514,"210514 MRC Sample C3Data.csv",NA
"210514.MRC.Sample.C4Data",2,"14.05.2021","C","99.4","M","18wks","Tm1b Hom",4,102.685,8281.40256,0.008281403,210514,"210514 MRC Sample C4Data.csv",NA
"210514.MRC.Sample.C5Data",2,"14.05.2021","C","99.4","M","18wks","Tm1b Hom",5,116.5913333,10676.34057,0.010676341,210514,"210514 MRC Sample C5Data.csv",NA
"210514.MRC.Sample.C7Data",4,"14.05.2021","C","99.4","M","18wks","Tm1b Hom",7,118.646,11055.95045,0.01105595,210514,"210514 MRC Sample C7Data.csv",NA
"210514.MRC.Sample.C8Data",3,"14.05.2021","C","99.4","M","18wks","Tm1b Hom",8,141.0233333,15619.66923,0.015619669,210514,"210514 MRC Sample C8Data.csv",NA
"210514.MRC.Sample.C9Data",3,"14.05.2021","C","99.4","M","18wks","Tm1b Hom",9,118.9823333,11118.72129,0.011118721,210514,"210514 MRC Sample C9Data.csv",NA
"210514.MRC.Sample.D1Data",2,"14.05.2021","D","56.2","F","52wks","Tm1b Het",1,157.515,19486.49437,0.019486494,210514,"210514 MRC Sample D1Data.csv",NA
"210514.MRC.Sample.D10Data",1,"14.05.2021","D","56.2","F","52wks","Tm1b Het",10,107.0393333,8998.63574,0.008998636,210514,"210514 MRC Sample D10Data.csv",NA
"210514.MRC.Sample.D2Data",3,"14.05.2021","D","56.2","F","52wks","Tm1b Het",2,115.056,10397.0091,0.010397009,210514,"210514 MRC Sample D2Data.csv",NA
"210514.MRC.Sample.D3Data",3,"14.05.2021","D","56.2","F","52wks","Tm1b Het",3,95.83166667,7212.867661,0.007212868,210514,"210514 MRC Sample D3Data.csv",NA
"210514.MRC.Sample.D4Data",3,"14.05.2021","D","56.2","F","52wks","Tm1b Het",4,91.599,6589.78653,0.006589787,210514,"210514 MRC Sample D4Data.csv",NA
"210514.MRC.Sample.D5Data",3,"14.05.2021","D","56.2","F","52wks","Tm1b Het",5,94.188,6967.565044,0.006967565,210514,"210514 MRC Sample D5Data.csv",NA
"210514.MRC.Sample.D6Data",3,"14.05.2021","D","56.2","F","52wks","Tm1b Het",6,99.46766667,7770.585475,0.007770585,210514,"210514 MRC Sample D6Data.csv",NA
"210514.MRC.Sample.D7Data",4,"14.05.2021","D","56.2","F","52wks","Tm1b Het",7,140.6603333,15539.36134,0.015539361,210514,"210514 MRC Sample D7Data.csv",NA
"210514.MRC.Sample.D8Data",4,"14.05.2021","D","56.2","F","52wks","Tm1b Het",8,97.711,7498.541465,0.007498541,210514,"210514 MRC Sample D8Data.csv",NA
"210514.MRC.Sample.D9Data",3,"14.05.2021","D","56.2","F","52wks","Tm1b Het",9,99.11366667,7715.373718,0.007715374,210514,"210514 MRC Sample D9Data.csv",NA
"210514.MRC.Sample.E1Data",3,"14.05.2021","E","58.2/58.9","F","52wks","Tm1b Het",1,98.03733333,7548.712076,0.007548712,210514,"210514 MRC Sample E1Data.csv",NA
"210514.MRC.Sample.E10Data",3,"14.05.2021","E","58.2/58.1","F","52wks","Tm1b Het",10,110.6353333,9613.412515,0.009613413,210514,"210514 MRC Sample E10Data.csv",NA
"210514.MRC.Sample.E2Data",4,"14.05.2021","E","58.2/58.8","F","52wks","Tm1b Het",2,106.612,8926.928629,0.008926929,210514,"210514 MRC Sample E2Data.csv",NA
"210514.MRC.Sample.E3Data",3,"14.05.2021","E","58.2/58.7","F","52wks","Tm1b Het",3,134.0376667,14110.53888,0.014110539,210514,"210514 MRC Sample E3Data.csv",NA
"210514.MRC.Sample.E4Data",2,"14.05.2021","E","58.2/58.6","F","52wks","Tm1b Het",4,107.99,9159.187796,0.009159188,210514,"210514 MRC Sample E4Data.csv",NA
"210514.MRC.Sample.E5Data",2,"14.05.2021","E","58.2/58.5","F","52wks","Tm1b Het",5,115.7796667,10528.20836,0.010528208,210514,"210514 MRC Sample E5Data.csv",NA
"210514.MRC.Sample.E6Data",2,"14.05.2021","E","58.2/58.4","F","52wks","Tm1b Het",6,98.114,7560.523105,0.007560523,210514,"210514 MRC Sample E6Data.csv",NA
"210514.MRC.Sample.E7Data",2,"14.05.2021","E","58.2/58.3","F","52wks","Tm1b Het",7,116.8083333,10716.1192,0.010716119,210514,"210514 MRC Sample E7Data.csv",NA
"210514.MRC.Sample.E8Data",3,"14.05.2021","E","58.2/58.2","F","52wks","Tm1b Het",8,98.34833333,7596.681009,0.007596681,210514,"210514 MRC Sample E8Data.csv",NA
"210514.MRC.Sample.E9Data",4,"14.05.2021","E","58.2/58.1","F","52wks","Tm1b Het",9,104.906,8643.517931,0.008643518,210514,"210514 MRC Sample E9Data.csv",NA
"210518.MRC.Sample.A1Data",1,"18.05.2021","A","100.4","M","18wks","Tm1b Wt",1,98.87333333,7678.002214,0.007678002,210518,"210518 MRC Sample A1Data.csv",NA
"210518.MRC.Sample.A2Data",1,"18.05.2021","A","100.4","M","18wks","Tm1b Wt",2,156.311,19189.73442,0.019189734,210518,"210518 MRC Sample A2Data.csv",NA
"210518.MRC.Sample.A3Data",4,"18.05.2021","A","100.4","M","18wks","Tm1b Wt",3,117.0693333,10764.06153,0.010764062,210518,"210518 MRC Sample A3Data.csv",NA
"210518.MRC.Sample.A4Data",2,"18.05.2021","A","100.4","M","18wks","Tm1b Wt",4,145.1236667,16541.1754,0.016541175,210518,"210518 MRC Sample A4Data.csv",NA
"210518.MRC.Sample.A5Data",2,"18.05.2021","A","100.4","M","18wks","Tm1b Wt",5,142.797,16015.04076,0.016015041,210518,"210518 MRC Sample A5Data.csv",NA
"210518.MRC.Sample.A6Data",1,"18.05.2021","A","100.4","M","18wks","Tm1b Wt",6,113.48,10114.1301,0.01011413,210518,"210518 MRC Sample A6Data.csv",NA
"210518.MRC.Sample.A7Data",4,"18.05.2021","A","100.4","M","18wks","Tm1b Wt",7,116.7763333,10710.24857,0.010710249,210518,"210518 MRC Sample A7Data.csv",NA
"210518.MRC.Sample.A8Data",1,"18.05.2021","A","100.4","M","18wks","Tm1b Wt",8,120.725,11446.80566,0.011446806,210518,"210518 MRC Sample A8Data.csv",NA
"210518.MRC.Sample.A9Data",4,"18.05.2021","A","100.4","M","18wks","Tm1b Wt",9,115.2793333,10437.4112,0.010437411,210518,"210518 MRC Sample A9Data.csv",NA
"210518.MRC.Sample.B1Data",4,"18.05.2021","B","61.1","M","18wks","Tm1b Het",1,121.3423333,11564.1726,0.011564173,210518,"210518 MRC Sample B1Data.csv",NA
"210518.MRC.Sample.B10Data",1,"18.05.2021","B","61.1","M","18wks","Tm1b Het",10,163.4353333,20978.8553,0.020978855,210518,"210518 MRC Sample B10Data.csv",NA
"210518.MRC.Sample.B2Data",2,"18.05.2021","B","61.1","M","18wks","Tm1b Het",2,103.221,8368.083512,0.008368084,210518,"210518 MRC Sample B2Data.csv",NA
"210518.MRC.Sample.B3Data",1,"18.05.2021","B","61.1","M","18wks","Tm1b Het",3,120.006,11310.86455,0.011310865,210518,"210518 MRC Sample B3Data.csv",NA
"210518.MRC.Sample.B4Data",4,"18.05.2021","B","61.1","M","18wks","Tm1b Het",4,110.2406667,9544.947488,0.009544947,210518,"210518 MRC Sample B4Data.csv",NA
"210518.MRC.Sample.B5Data",2,"18.05.2021","B","61.1","M","18wks","Tm1b Het",5,138.2,15000.50802,0.015000508,210518,"210518 MRC Sample B5Data.csv",NA
"210518.MRC.Sample.B6Data",1,"18.05.2021","B","61.1","M","18wks","Tm1b Het",6,135.184,14352.9267,0.014352927,210518,"210518 MRC Sample B6Data.csv",NA
"210518.MRC.Sample.B7Data",2,"18.05.2021","B","61.1","M","18wks","Tm1b Het",7,138.3473333,15032.50878,0.015032509,210518,"210518 MRC Sample B7Data.csv",NA
"210518.MRC.Sample.B8Data",2,"18.05.2021","B","61.1","M","18wks","Tm1b Het",8,155.2533333,18930.92121,0.018930921,210518,"210518 MRC Sample B8Data.csv",NA
"210518.MRC.Sample.B9Data",2,"18.05.2021","B","61.1","M","18wks","Tm1b Het",9,162.732,20798.68155,0.020798682,210518,"210518 MRC Sample B9Data.csv",NA
"210518.MRC.Sample.C1Data",3,"18.05.2021","C","100.3","M","18wks","Tm1b Hom",1,141.7246667,15775.41417,0.015775414,210518,"210518 MRC Sample C1Data.csv",NA
"210518.MRC.Sample.C10Data",3,"18.05.2021","C","100.3","M","18wks","Tm1b Hom",10,100.9206667,7999.265346,0.007999265,210518,"210518 MRC Sample C10Data.csv",NA
"210518.MRC.Sample.C3Data",3,"18.05.2021","C","100.3","M","18wks","Tm1b Hom",3,111.9266667,9839.137317,0.009839137,210518,"210518 MRC Sample C3Data.csv",NA
"210518.MRC.Sample.C4Data",3,"18.05.2021","C","100.3","M","18wks","Tm1b Hom",4,138.223,15005.50137,0.015005501,210518,"210518 MRC Sample C4Data.csv",NA
"210518.MRC.Sample.C5Data",4,"18.05.2021","C","100.3","M","18wks","Tm1b Hom",5,167.738,22097.99151,0.022097992,210518,"210518 MRC Sample C5Data.csv",NA
"210518.MRC.Sample.C6Data",3,"18.05.2021","C","100.3","M","18wks","Tm1b Hom",6,149.766,17616.36673,0.017616367,210518,"210518 MRC Sample C6Data.csv",NA
"210518.MRC.Sample.C7Data",3,"18.05.2021","C","100.3","M","18wks","Tm1b Hom",7,176.427,24446.6852,0.024446685,210518,"210518 MRC Sample C7Data.csv",NA
"210518.MRC.Sample.C8Data",3,"18.05.2021","C","100.3","M","18wks","Tm1b Hom",8,123.394,11958.53467,0.011958535,210518,"210518 MRC Sample C8Data.csv",NA
"210518.MRC.Sample.C9Data",3,"18.05.2021","C","100.3","M","18wks","Tm1b Hom",9,153.0806667,18404.77749,0.018404777,210518,"210518 MRC Sample C9Data.csv",NA
"210518.MRC.Sample.D1Data",4,"18.05.2021","D","60.2","F","52wks","Tm1b Wt",1,142.514,15951.62535,0.015951625,210518,"210518 MRC Sample D1Data.csv",NA
"210518.MRC.Sample.D2Data",4,"18.05.2021","D","60.2","F","52wks","Tm1b Wt",2,102.1503333,8195.386828,0.008195387,210518,"210518 MRC Sample D2Data.csv",NA
"210518.MRC.Sample.D3Data",3,"18.05.2021","D","60.2","F","52wks","Tm1b Wt",3,115.746,10522.08641,0.010522086,210518,"210518 MRC Sample D3Data.csv",NA
"210518.MRC.Sample.D6Data",2,"18.05.2021","D","60.2","F","52wks","Tm1b Wt",6,135.2843333,14374.24003,0.01437424,210518,"210518 MRC Sample D6Data.csv",NA
"210518.MRC.Sample.D7Data",4,"18.05.2021","D","60.2","F","52wks","Tm1b Wt",7,116.721,10700.10109,0.010700101,210518,"210518 MRC Sample D7Data.csv",NA
"210518.MRC.Sample.D8Data",4,"18.05.2021","D","60.2","F","52wks","Tm1b Wt",8,113.577,10131.42812,0.010131428,210518,"210518 MRC Sample D8Data.csv",NA
"210518.MRC.Sample.D9Data",1,"18.05.2021","D","60.2","F","52wks","Tm1b Wt",9,137.0853333,14759.5075,0.014759507,210518,"210518 MRC Sample D9Data.csv",NA
"210519.MRC.Sample.A1Data",4,"19.05.2021","A","103.2","M","18wks","Tm1b Wt",1,134.1183333,14127.52801,0.014127528,210519,"210519 MRC Sample A1Data.csv",NA
"210519.MRC.Sample.A10Data",2,"19.05.2021","A","103.2","M","18wks","Tm1b Wt",10,129.252,13120.92416,0.013120924,210519,"210519 MRC Sample A10Data.csv",NA
"210519.MRC.Sample.A2Data",4,"19.05.2021","A","103.2","M","18wks","Tm1b Wt",2,106.2203333,8861.458359,0.008861458,210519,"210519 MRC Sample A2Data.csv",NA
"210519.MRC.Sample.A3Data",1,"19.05.2021","A","103.2","M","18wks","Tm1b Wt",3,135.4343333,14406.13333,0.014406133,210519,"210519 MRC Sample A3Data.csv",NA
"210519.MRC.Sample.A4Data",4,"19.05.2021","A","103.2","M","18wks","Tm1b Wt",4,136.8266667,14703.86056,0.014703861,210519,"210519 MRC Sample A4Data.csv",NA
"210519.MRC.Sample.A5Data",4,"19.05.2021","A","103.2","M","18wks","Tm1b Wt",5,145.479,16622.27625,0.016622276,210519,"210519 MRC Sample A5Data.csv",NA
"210519.MRC.Sample.A6Data",2,"19.05.2021","A","103.2","M","18wks","Tm1b Wt",6,129.7963333,13231.67208,0.013231672,210519,"210519 MRC Sample A6Data.csv",NA
"210519.MRC.Sample.A7Data",1,"19.05.2021","A","103.2","M","18wks","Tm1b Wt",7,102.9386667,8322.368831,0.008322369,210519,"210519 MRC Sample A7Data.csv",NA
"210519.MRC.Sample.A8Data",4,"19.05.2021","A","103.2","M","18wks","Tm1b Wt",8,108.0676667,9172.367159,0.009172367,210519,"210519 MRC Sample A8Data.csv",NA
"210519.MRC.Sample.A9Data",2,"19.05.2021","A","103.2","M","18wks","Tm1b Wt",9,153.9313333,18609.89589,0.018609896,210519,"210519 MRC Sample A9Data.csv",NA
"210519.MRC.Sample.B1Data",2,"19.05.2021","B","65.1","M","18wks","Tm1b Het",1,136.4996667,14633.66347,0.014633663,210519,"210519 MRC Sample B1Data.csv",NA
"210519.MRC.Sample.B10Data",2,"19.05.2021","B","65.1","M","18wks","Tm1b Het",10,125.0656667,12284.74332,0.012284743,210519,"210519 MRC Sample B10Data.csv",NA
"210519.MRC.Sample.B2Data",2,"19.05.2021","B","65.1","M","18wks","Tm1b Het",2,182.2483333,26086.57195,0.026086572,210519,"210519 MRC Sample B2Data.csv",NA
"210519.MRC.Sample.B3Data",2,"19.05.2021","B","65.1","M","18wks","Tm1b Het",3,111.775,9812.490255,0.00981249,210519,"210519 MRC Sample B3Data.csv",NA
"210519.MRC.Sample.B4Data",4,"19.05.2021","B","65.1","M","18wks","Tm1b Het",4,156.76,19300.13696,0.019300137,210519,"210519 MRC Sample B4Data.csv",NA
"210519.MRC.Sample.B5Data",2,"19.05.2021","B","65.1","M","18wks","Tm1b Het",5,124.8823333,12248.75337,0.012248753,210519,"210519 MRC Sample B5Data.csv",NA
"210519.MRC.Sample.B6Data",1,"19.05.2021","B","65.1","M","18wks","Tm1b Het",6,154.9983333,18868.78508,0.018868785,210519,"210519 MRC Sample B6Data.csv",NA
"210519.MRC.Sample.B7Data",1,"19.05.2021","B","65.1","M","18wks","Tm1b Het",7,108.0326667,9166.426791,0.009166427,210519,"210519 MRC Sample B7Data.csv",NA
"210519.MRC.Sample.B8Data",1,"19.05.2021","B","65.1","M","18wks","Tm1b Het",8,141.836,15800.20899,0.015800209,210519,"210519 MRC Sample B8Data.csv",NA
"210519.MRC.Sample.B9Data",2,"19.05.2021","B","65.1","M","18wks","Tm1b Het",9,122.459,11777.99319,0.011777993,210519,"210519 MRC Sample B9Data.csv",NA
"210519.MRC.Sample.C1Data",1,"19.05.2021","C","102.1","M","18wks","Tm1b Hom",1,116.5983333,10677.62259,0.010677623,210519,"210519 MRC Sample C1Data.csv",NA
"210519.MRC.Sample.C10Data",2,"19.05.2021","C","102.1","M","18wks","Tm1b Hom",10,123.637,12005.68097,0.012005681,210519,"210519 MRC Sample C10Data.csv",NA
"210519.MRC.Sample.C2Data",2,"19.05.2021","C","102.1","M","18wks","Tm1b Hom",2,136.8366667,14706.0099,0.01470601,210519,"210519 MRC Sample C2Data.csv",NA
"210519.MRC.Sample.C4Data",2,"19.05.2021","C","102.1","M","18wks","Tm1b Hom",4,120.7703333,11455.40402,0.011455404,210519,"210519 MRC Sample C4Data.csv",NA
"210519.MRC.Sample.C5Data",1,"19.05.2021","C","102.1","M","18wks","Tm1b Hom",5,141.588,15745.00402,0.015745004,210519,"210519 MRC Sample C5Data.csv",NA
"210519.MRC.Sample.C6Data",2,"19.05.2021","C","102.1","M","18wks","Tm1b Hom",6,126.4956667,12567.27672,0.012567277,210519,"210519 MRC Sample C6Data.csv",NA
"210519.MRC.Sample.C7Data",2,"19.05.2021","C","102.1","M","18wks","Tm1b Hom",7,153.7363333,18562.77577,0.018562776,210519,"210519 MRC Sample C7Data.csv",NA
"210519.MRC.Sample.C8Data",2,"19.05.2021","C","102.1","M","18wks","Tm1b Hom",8,137.0076667,14742.78804,0.014742788,210519,"210519 MRC Sample C8Data.csv",NA
"210519.MRC.Sample.D1Data",3,"19.05.2021","D","60.3","F","52wks","Tm1b Wt",1,106.529,8913.034384,0.008913034,210519,"210519 MRC Sample D1Data.csv",NA
"210519.MRC.Sample.D10Data",4,"19.05.2021","D","60.3","F","52wks","Tm1b Wt",10,104.9636667,8653.023206,0.008653023,210519,"210519 MRC Sample D10Data.csv",NA
"210519.MRC.Sample.D2Data",4,"19.05.2021","D","60.3","F","52wks","Tm1b Wt",2,102.5406667,8258.138361,0.008258138,210519,"210519 MRC Sample D2Data.csv",NA
"210519.MRC.Sample.D3Data",3,"19.05.2021","D","60.3","F","52wks","Tm1b Wt",3,91.188,6530.783134,0.006530783,210519,"210519 MRC Sample D3Data.csv",NA
"210519.MRC.Sample.D4Data",1,"19.05.2021","D","60.3","F","52wks","Tm1b Wt",4,115.1366667,10411.59307,0.010411593,210519,"210519 MRC Sample D4Data.csv",NA
"210519.MRC.Sample.D5Data",3,"19.05.2021","D","60.3","F","52wks","Tm1b Wt",5,96.61666667,7331.519286,0.007331519,210519,"210519 MRC Sample D5Data.csv",NA
"210519.MRC.Sample.D6Data",4,"19.05.2021","D","60.3","F","52wks","Tm1b Wt",6,137.3183333,14809.72276,0.014809723,210519,"210519 MRC Sample D6Data.csv",NA
"210519.MRC.Sample.D7Data",1,"19.05.2021","D","60.3","F","52wks","Tm1b Wt",7,117.319,10810.02221,0.010810022,210519,"210519 MRC Sample D7Data.csv",NA
"210519.MRC.Sample.D8Data",4,"19.05.2021","D","60.3","F","52wks","Tm1b Wt",8,115.709,10515.36039,0.01051536,210519,"210519 MRC Sample D8Data.csv",NA
"210519.MRC.Sample.D9Data",3,"19.05.2021","D","60.3","F","52wks","Tm1b Wt",9,107.6736667,9105.606678,0.009105607,210519,"210519 MRC Sample D9Data.csv",NA
"210519.MRC.Sample.E1Data",1,"19.05.2021","E","62.1","F","52wks","Tm1b Wt",1,156.2313333,19170.17862,0.019170179,210519,"210519 MRC Sample E1Data.csv",NA
"210519.MRC.Sample.E10Data",2,"19.05.2021","E","62.1","F","52wks","Tm1b Wt",10,118.9506667,11112.80369,0.011112804,210519,"210519 MRC Sample E10Data.csv",NA
"210519.MRC.Sample.E2Data",1,"19.05.2021","E","62.1","F","52wks","Tm1b Wt",2,128.6486667,12998.71616,0.012998716,210519,"210519 MRC Sample E2Data.csv",NA
"210519.MRC.Sample.E3Data",2,"19.05.2021","E","62.1","F","52wks","Tm1b Wt",3,169.1063333,22459.99355,0.022459994,210519,"210519 MRC Sample E3Data.csv",NA
"210519.MRC.Sample.E4Data",3,"19.05.2021","E","62.1","F","52wks","Tm1b Wt",4,135.9193333,14509.49685,0.014509497,210519,"210519 MRC Sample E4Data.csv",NA
"210519.MRC.Sample.E6Data",2,"19.05.2021","E","62.1","F","52wks","Tm1b Wt",6,158.9203333,19835.75867,0.019835759,210519,"210519 MRC Sample E6Data.csv",NA
"210519.MRC.Sample.E7Data",2,"19.05.2021","E","62.1","F","52wks","Tm1b Wt",7,198.9473333,31086.09184,0.031086092,210519,"210519 MRC Sample E7Data.csv",NA
"210519.MRC.Sample.E8Data",2,"19.05.2021","E","62.1","F","52wks","Tm1b Wt",8,102.3673333,8230.24306,0.008230243,210519,"210519 MRC Sample E8Data.csv",NA
"210520.MRC.Sample.A1Data",2,"20.05.2021","A","84.2","M","18wks","oim Wt",1,157.533,19490.94826,0.019490948,210520,"210520 MRC Sample A1Data.csv",NA
"210520.MRC.Sample.A2Data",1,"20.05.2021","A","84.2","M","18wks","oim Wt",2,135.7036667,14463.48822,0.014463488,210520,"210520 MRC Sample A2Data.csv",NA
"210520.MRC.Sample.A3Data",2,"20.05.2021","A","84.2","M","18wks","oim Wt",3,189.741,28275.6275,0.028275627,210520,"210520 MRC Sample A3Data.csv",NA
"210520.MRC.Sample.A5Data",2,"20.05.2021","A","84.2","M","18wks","oim Wt",5,134.622,14233.83601,0.014233836,210520,"210520 MRC Sample A5Data.csv",NA
"210520.MRC.Sample.A6Data",1,"20.05.2021","A","84.2","M","18wks","oim Wt",6,144.237,16339.66857,0.016339669,210520,"210520 MRC Sample A6Data.csv",NA
"210520.MRC.Sample.A7Data",1,"20.05.2021","A","84.2","M","18wks","oim Wt",7,134.007,14104.08287,0.014104083,210520,"210520 MRC Sample A7Data.csv",NA
"210520.MRC.Sample.A8Data",4,"20.05.2021","A","84.2","M","18wks","oim Wt",8,94.89666667,7072.806828,0.007072807,210520,"210520 MRC Sample A8Data.csv",NA
"210520.MRC.Sample.A9Data",1,"20.05.2021","A","84.2","M","18wks","oim Wt",9,100.6706667,7959.68298,0.007959683,210520,"210520 MRC Sample A9Data.csv",NA
"210520.MRC.Sample.B1Data",4,"20.05.2021","B","54.4","M","18wks","oim Het",1,72.52366667,4130.944761,0.004130945,210520,"210520 MRC Sample B1Data.csv",NA
"210520.MRC.Sample.B10Data",3,"20.05.2021","B","54.4","M","18wks","oim Het",10,76.65933333,4615.512777,0.004615513,210520,"210520 MRC Sample B10Data.csv",NA
"210520.MRC.Sample.B2Data",4,"20.05.2021","B","54.4","M","18wks","oim Het",2,94.663,7038.018577,0.007038019,210520,"210520 MRC Sample B2Data.csv",NA
"210520.MRC.Sample.B3Data",4,"20.05.2021","B","54.4","M","18wks","oim Het",3,66.33533333,3456.047581,0.003456048,210520,"210520 MRC Sample B3Data.csv",NA
"210520.MRC.Sample.B4Data",2,"20.05.2021","B","54.4","M","18wks","oim Het",4,86.31333333,5851.20965,0.00585121,210520,"210520 MRC Sample B4Data.csv",NA
"210520.MRC.Sample.B5Data",2,"20.05.2021","B","54.4","M","18wks","oim Het",5,108.485,9243.347235,0.009243347,210520,"210520 MRC Sample B5Data.csv",NA
"210520.MRC.Sample.B6Data",4,"20.05.2021","B","54.4","M","18wks","oim Het",6,94.24333333,6975.754024,0.006975754,210520,"210520 MRC Sample B6Data.csv",NA
"210520.MRC.Sample.B7Data",3,"20.05.2021","B","54.4","M","18wks","oim Het",7,87.09833333,5958.124455,0.005958124,210520,"210520 MRC Sample B7Data.csv",NA
"210520.MRC.Sample.B8Data",4,"20.05.2021","B","54.4","M","18wks","oim Het",8,85.519,5744.008966,0.005744009,210520,"210520 MRC Sample B8Data.csv",NA
"210520.MRC.Sample.B9Data",4,"20.05.2021","B","54.4","M","18wks","oim Het",9,115.4846667,10474.62616,0.010474626,210520,"210520 MRC Sample B9Data.csv",NA
"210520.MRC.Sample.C2Data",3,"20.05.2021","C","99.3","M","18wks","oim Hom",2,56.50533333,2507.660642,0.002507661,210520,"210520 MRC Sample C2Data.csv",NA
"210520.MRC.Sample.C3Data",3,"20.05.2021","C","99.3","M","18wks","oim Hom",3,61.137,2935.608452,0.002935608,210520,"210520 MRC Sample C3Data.csv",NA
"210520.MRC.Sample.C5Data",3,"20.05.2021","C","99.3","M","18wks","oim Hom",5,76.76933333,4628.768062,0.004628768,210520,"210520 MRC Sample C5Data.csv",NA
"210520.MRC.Sample.C6Data",3,"20.05.2021","C","99.3","M","18wks","oim Hom",6,83.25066667,5443.338239,0.005443338,210520,"210520 MRC Sample C6Data.csv",NA
"210520.MRC.Sample.C8Data",3,"20.05.2021","C","99.3","M","18wks","oim Hom",8,61.56533333,2976.887015,0.002976887,210520,"210520 MRC Sample C8Data.csv",NA
"210520.MRC.Sample.C9Data",3,"20.05.2021","C","99.3","M","18wks","oim Hom",9,61.90533333,3009.858051,0.003009858,210520,"210520 MRC Sample C9Data.csv",NA
"210520.MRC.Sample.D6Data",3,"20.05.2021","D","140.1","M","18wks","oim Hom",6,76.46133333,4591.70116,0.004591701,210520,"210520 MRC Sample D6Data.csv",NA
"210520.MRC.Sample.D7Data",3,"20.05.2021","D","140.1","M","18wks","oim Hom",7,53.33533333,2234.188997,0.002234189,210520,"210520 MRC Sample D7Data.csv",NA
"210520.MRC.Sample.E1Data",1,"20.05.2021","E","62.2","F","52wks","Tm1b Wt",1,182.4693333,26149.87709,0.026149877,210520,"210520 MRC Sample E1Data.csv",NA
"210520.MRC.Sample.E10Data",1,"20.05.2021","E","62.2","F","52wks","Tm1b Wt",10,125.698,12409.28093,0.012409281,210520,"210520 MRC Sample E10Data.csv",NA
"210520.MRC.Sample.E2Data",1,"20.05.2021","E","62.2","F","52wks","Tm1b Wt",2,174.5453333,23927.99808,0.023927998,210520,"210520 MRC Sample E2Data.csv",NA
"210520.MRC.Sample.E3Data",4,"20.05.2021","E","62.2","F","52wks","Tm1b Wt",3,141.272,15674.80217,0.015674802,210520,"210520 MRC Sample E3Data.csv",NA
"210520.MRC.Sample.E4Data",2,"20.05.2021","E","62.2","F","52wks","Tm1b Wt",4,157.726,19538.7358,0.019538736,210520,"210520 MRC Sample E4Data.csv",NA
"210520.MRC.Sample.E5Data",1,"20.05.2021","E","62.2","F","52wks","Tm1b Wt",5,154.01,18628.92195,0.018628922,210520,"210520 MRC Sample E5Data.csv",NA
"210520.MRC.Sample.E6Data",2,"20.05.2021","E","62.2","F","52wks","Tm1b Wt",6,168.2993333,22246.14033,0.02224614,210520,"210520 MRC Sample E6Data.csv",NA
"210520.MRC.Sample.E7Data",4,"20.05.2021","E","62.2","F","52wks","Tm1b Wt",7,161.125,20389.93034,0.02038993,210520,"210520 MRC Sample E7Data.csv",NA
"210520.MRC.Sample.E8Data",2,"20.05.2021","E","62.2","F","52wks","Tm1b Wt",8,145.5563333,16639.95299,0.016639953,210520,"210520 MRC Sample E8Data.csv",NA
"210520.MRC.Sample.E9Data",4,"20.05.2021","E","62.2","F","52wks","Tm1b Wt",9,119.604,11235.21247,0.011235212,210520,"210520 MRC Sample E9Data.csv",NA
"210521.MRC.Sample.A1Data",1,"21.05.2021","A","89.1","M","18wks","oim Wt",1,143.529,16179.65286,0.016179653,210521,"210521 MRC Sample A1Data.csv",NA
"210521.MRC.Sample.A10Data",4,"21.05.2021","A","89.1","M","18wks","oim Wt",10,143.6496667,16206.86919,0.016206869,210521,"210521 MRC Sample A10Data.csv",NA
"210521.MRC.Sample.A2Data",4,"21.05.2021","A","89.1","M","18wks","oim Wt",2,123.6276667,12003.86843,0.012003868,210521,"210521 MRC Sample A2Data.csv",NA
"210521.MRC.Sample.A4Data",4,"21.05.2021","A","89.1","M","18wks","oim Wt",4,110.1566667,9530.407117,0.009530407,210521,"210521 MRC Sample A4Data.csv",NA
"210521.MRC.Sample.A5Data",4,"21.05.2021","A","89.1","M","18wks","oim Wt",5,93.10266667,6807.914957,0.006807915,210521,"210521 MRC Sample A5Data.csv",NA
"210521.MRC.Sample.A6Data",2,"21.05.2021","A","89.1","M","18wks","oim Wt",6,120.097,11328.02501,0.011328025,210521,"210521 MRC Sample A6Data.csv",NA
"210521.MRC.Sample.A7Data",1,"21.05.2021","A","89.1","M","18wks","oim Wt",7,126.9753333,12662.76667,0.012662767,210521,"210521 MRC Sample A7Data.csv",NA
"210521.MRC.Sample.A8Data",4,"21.05.2021","A","89.1","M","18wks","oim Wt",8,123.5936667,11997.26674,0.011997267,210521,"210521 MRC Sample A8Data.csv",NA
"210521.MRC.Sample.A9Data",4,"21.05.2021","A","89.1","M","18wks","oim Wt",9,148.588,17340.3299,0.01734033,210521,"210521 MRC Sample A9Data.csv",NA
"210521.MRC.Sample.B1Data",4,"21.05.2021","B","56.4","M","18wks","oim Het",1,116.6503333,10687.14863,0.010687149,210521,"210521 MRC Sample B1Data.csv",NA
"210521.MRC.Sample.B10Data",3,"21.05.2021","B","56.4","M","18wks","oim Het",10,110.1376667,9527.11976,0.00952712,210521,"210521 MRC Sample B10Data.csv",NA
"210521.MRC.Sample.B2Data",4,"21.05.2021","B","56.4","M","18wks","oim Het",2,97.02166667,7393.112979,0.007393113,210521,"210521 MRC Sample B2Data.csv",NA
"210521.MRC.Sample.B3Data",4,"21.05.2021","B","56.4","M","18wks","oim Het",3,132.1156667,13708.77103,0.013708771,210521,"210521 MRC Sample B3Data.csv",NA
"210521.MRC.Sample.B4Data",3,"21.05.2021","B","56.4","M","18wks","oim Het",4,110.8296667,9647.214518,0.009647215,210521,"210521 MRC Sample B4Data.csv",NA
"210521.MRC.Sample.B5Data",4,"21.05.2021","B","56.4","M","18wks","oim Het",5,114.9913333,10385.3252,0.010385325,210521,"210521 MRC Sample B5Data.csv",NA
"210521.MRC.Sample.B6Data",1,"21.05.2021","B","56.4","M","18wks","oim Het",6,105.024,8662.973611,0.008662974,210521,"210521 MRC Sample B6Data.csv",NA
"210521.MRC.Sample.B7Data",1,"21.05.2021","B","56.4","M","18wks","oim Het",7,141.4856667,15722.25271,0.015722253,210521,"210521 MRC Sample B7Data.csv",NA
"210521.MRC.Sample.B8Data",4,"21.05.2021","B","56.4","M","18wks","oim Het",8,123.8283333,12042.86828,0.012042868,210521,"210521 MRC Sample B8Data.csv",NA
"210521.MRC.Sample.B9Data",2,"21.05.2021","B","56.4","M","18wks","oim Het",9,149.324,17512.53884,0.017512539,210521,"210521 MRC Sample B9Data.csv",NA
"210521.MRC.Sample.C1Data",4,"21.05.2021","C","59.2","M","18wks","oim Het",1,114.044,10214.91517,0.010214915,210521,"210521 MRC Sample C1Data.csv",NA
"210521.MRC.Sample.C10Data",1,"21.05.2021","C","59.2","M","18wks","oim Het",10,110.6166667,9610.168803,0.009610169,210521,"210521 MRC Sample C10Data.csv",NA
"210521.MRC.Sample.C2Data",4,"21.05.2021","C","59.2","M","18wks","oim Het",2,145.1426667,16545.50692,0.016545507,210521,"210521 MRC Sample C2Data.csv",NA
"210521.MRC.Sample.C3Data",4,"21.05.2021","C","59.2","M","18wks","oim Het",3,142.5246667,15954.01329,0.015954013,210521,"210521 MRC Sample C3Data.csv",NA
"210521.MRC.Sample.C4Data",3,"21.05.2021","C","59.2","M","18wks","oim Het",4,121.7633333,11644.55612,0.011644556,210521,"210521 MRC Sample C4Data.csv",NA
"210521.MRC.Sample.C5Data",3,"21.05.2021","C","59.2","M","18wks","oim Het",5,91.46766667,6570.903394,0.006570903,210521,"210521 MRC Sample C5Data.csv",NA
"210521.MRC.Sample.C7Data",1,"21.05.2021","C","59.2","M","18wks","oim Het",7,110.7536667,9633.988151,0.009633988,210521,"210521 MRC Sample C7Data.csv",NA
"210521.MRC.Sample.C8Data",3,"21.05.2021","C","59.2","M","18wks","oim Het",8,124.271,12129.12488,0.012129125,210521,"210521 MRC Sample C8Data.csv",NA
"210521.MRC.Sample.C9Data",3,"21.05.2021","C","59.2","M","18wks","oim Het",9,120.7766667,11456.60554,0.011456606,210521,"210521 MRC Sample C9Data.csv",NA
"210521.MRC.Sample.D6Data",3,"21.05.2021","D","142.4","M","18wks","oim Hom",6,71.142,3975.044747,0.003975045,210521,"210521 MRC Sample D6Data.csv",NA
"210521.MRC.Sample.D7Data",3,"21.05.2021","D","142.4","M","18wks","oim Hom",7,103.586,8427.368943,0.008427369,210521,"210521 MRC Sample D7Data.csv",NA
"210521.MRC.Sample.D8Data",3,"21.05.2021","D","142.4","M","18wks","oim Hom",8,96.236,7273.861179,0.007273861,210521,"210521 MRC Sample D8Data.csv",NA
"210521.MRC.Sample.E1Data",3,"21.05.2021","E","142.5","M","18wks","oim Hom",1,70.46066667,3899.270619,0.003899271,210521,"210521 MRC Sample E1Data.csv",NA
"210521.MRC.Sample.E10Data",3,"21.05.2021","E","142.5","M","18wks","oim Hom",10,91.28133333,6544.158834,0.006544159,210521,"210521 MRC Sample E10Data.csv",NA
"210521.MRC.Sample.E2Data",4,"21.05.2021","E","142.5","M","18wks","oim Hom",2,92.02833333,6651.705227,0.006651705,210521,"210521 MRC Sample E2Data.csv",NA
"210521.MRC.Sample.E4Data",3,"21.05.2021","E","142.5","M","18wks","oim Hom",4,82.13033333,5297.818216,0.005297818,210521,"210521 MRC Sample E4Data.csv",NA
"210521.MRC.Sample.E6Data",3,"21.05.2021","E","142.5","M","18wks","oim Hom",6,88.943,6213.172754,0.006213173,210521,"210521 MRC Sample E6Data.csv",NA
"210522.MRC.Sample.A1Data",4,"22.05.2021","A","91.1","M","18wks","oim Wt",1,106.0853333,8838.947854,0.008838948,210522,"210522 MRC Sample A1Data.csv",NA
"210522.MRC.Sample.A10Data",1,"22.05.2021","A","91.1","M","18wks","oim Wt",10,131.31,13542.0834,0.013542083,210522,"210522 MRC Sample A10Data.csv",NA
"210522.MRC.Sample.A3Data",1,"22.05.2021","A","91.1","M","18wks","oim Wt",3,126.5766667,12583.37649,0.012583376,210522,"210522 MRC Sample A3Data.csv",NA
"210522.MRC.Sample.A4Data",1,"22.05.2021","A","91.1","M","18wks","oim Wt",4,146.8876667,16945.74027,0.01694574,210522,"210522 MRC Sample A4Data.csv",NA
"210522.MRC.Sample.A5Data",4,"22.05.2021","A","91.1","M","18wks","oim Wt",5,102.958,8325.495236,0.008325495,210522,"210522 MRC Sample A5Data.csv",NA
"210522.MRC.Sample.A6Data",4,"22.05.2021","A","91.1","M","18wks","oim Wt",6,116.3066667,10624.27002,0.01062427,210522,"210522 MRC Sample A6Data.csv",NA
"210522.MRC.Sample.A7Data",1,"22.05.2021","A","91.1","M","18wks","oim Wt",7,122.3843333,11763.63482,0.011763635,210522,"210522 MRC Sample A7Data.csv",NA
"210522.MRC.Sample.A8Data",4,"22.05.2021","A","91.1","M","18wks","oim Wt",8,116.763,10707.80296,0.010707803,210522,"210522 MRC Sample A8Data.csv",NA
"210522.MRC.Sample.A9Data",4,"22.05.2021","A","91.1","M","18wks","oim Wt",9,117.398,10824.58557,0.010824586,210522,"210522 MRC Sample A9Data.csv",NA
"210522.MRC.Sample.B1Data",4,"22.05.2021","B","91.2","M","18wks","oim Wt",1,119.816,11275.07696,0.011275077,210522,"210522 MRC Sample B1Data.csv",NA
"210522.MRC.Sample.B10Data",2,"22.05.2021","B","91.2","M","18wks","oim Wt",10,134.3176667,14169.5533,0.014169553,210522,"210522 MRC Sample B10Data.csv",NA
"210522.MRC.Sample.B2Data",4,"22.05.2021","B","91.2","M","18wks","oim Wt",2,152.8893333,18358.79849,0.018358798,210522,"210522 MRC Sample B2Data.csv",NA
"210522.MRC.Sample.B3Data",2,"22.05.2021","B","91.2","M","18wks","oim Wt",3,115.0076667,10388.27568,0.010388276,210522,"210522 MRC Sample B3Data.csv",NA
"210522.MRC.Sample.B4Data",4,"22.05.2021","B","91.2","M","18wks","oim Wt",4,119.4546667,11207.17422,0.011207174,210522,"210522 MRC Sample B4Data.csv",NA
"210522.MRC.Sample.B5Data",3,"22.05.2021","B","91.2","M","18wks","oim Wt",5,97.48633333,7464.098351,0.007464098,210522,"210522 MRC Sample B5Data.csv",NA
"210522.MRC.Sample.B6Data",4,"22.05.2021","B","91.2","M","18wks","oim Wt",6,143.6256667,16201.45417,0.016201454,210522,"210522 MRC Sample B6Data.csv",NA
"210522.MRC.Sample.B7Data",3,"22.05.2021","B","91.2","M","18wks","oim Wt",7,138.1516667,14990.01746,0.014990017,210522,"210522 MRC Sample B7Data.csv",NA
"210522.MRC.Sample.B8Data",3,"22.05.2021","B","91.2","M","18wks","oim Wt",8,118.5523333,11038.5008,0.011038501,210522,"210522 MRC Sample B8Data.csv",NA
"210522.MRC.Sample.C1Data",4,"22.05.2021","C","96.3","M","18wks","oim Het",1,75.03366667,4421.83182,0.004421832,210522,"210522 MRC Sample C1Data.csv",NA
"210522.MRC.Sample.C10Data",4,"22.05.2021","C","96.3","M","18wks","oim Het",10,109.3826667,9396.949556,0.00939695,210522,"210522 MRC Sample C10Data.csv",NA
"210522.MRC.Sample.C2Data",3,"22.05.2021","C","96.3","M","18wks","oim Het",2,74.54233333,4364.111593,0.004364112,210522,"210522 MRC Sample C2Data.csv",NA
"210522.MRC.Sample.C3Data",3,"22.05.2021","C","96.3","M","18wks","oim Het",3,85.511,5742.934353,0.005742934,210522,"210522 MRC Sample C3Data.csv",NA
"210522.MRC.Sample.C5Data",4,"22.05.2021","C","96.3","M","18wks","oim Het",5,87.664,6035.76674,0.006035767,210522,"210522 MRC Sample C5Data.csv",NA
"210522.MRC.Sample.C6Data",4,"22.05.2021","C","96.3","M","18wks","oim Het",6,73.494,4242.224535,0.004242225,210522,"210522 MRC Sample C6Data.csv",NA
"210522.MRC.Sample.C7Data",4,"22.05.2021","C","96.3","M","18wks","oim Het",7,75.39333333,4464.32467,0.004464325,210522,"210522 MRC Sample C7Data.csv",NA
"210522.MRC.Sample.C8Data",3,"22.05.2021","C","96.3","M","18wks","oim Het",8,85.69633333,5767.855371,0.005767855,210522,"210522 MRC Sample C8Data.csv",NA
"210522.MRC.Sample.C9Data",4,"22.05.2021","C","96.3","M","18wks","oim Het",9,91.51633333,6577.897538,0.006577898,210522,"210522 MRC Sample C9Data.csv",NA
"210522.MRC.Sample.D10Data",3,"22.05.2021","D","85.3","F","18wks","oim Hom",10,92.35333333,6698.76946,0.006698769,210522,"210522 MRC Sample D10Data.csv",NA
"210522.MRC.Sample.D2Data",3,"22.05.2021","D","85.3","F","18wks","oim Hom",2,61.67033333,2987.049867,0.00298705,210522,"210522 MRC Sample D2Data.csv",NA
"210522.MRC.Sample.E3Data",3,"22.05.2021","E","95.3","F","18wks","oim Hom",3,65.344,3353.523187,0.003353523,210522,"210522 MRC Sample E3Data.csv",NA
"210523.MRC.Sample.A1Data",4,"23.05.2021","A","58.5","F","18wks","oim Wt",1,104.041,8501.565731,0.008501566,210523,"210523 MRC Sample A1Data.csv",NA
"210523.MRC.Sample.A10Data",1,"23.05.2021","A","58.5","F","18wks","oim Wt",10,110.2353333,9544.023949,0.009544024,210523,"210523 MRC Sample A10Data.csv",NA
"210523.MRC.Sample.A2Data",1,"23.05.2021","A","58.5","F","18wks","oim Wt",2,123.179,11916.8982,0.011916898,210523,"210523 MRC Sample A2Data.csv",NA
"210523.MRC.Sample.A3Data",1,"23.05.2021","A","58.5","F","18wks","oim Wt",3,104.2563333,8536.793472,0.008536793,210523,"210523 MRC Sample A3Data.csv",NA
"210523.MRC.Sample.A4Data",1,"23.05.2021","A","58.5","F","18wks","oim Wt",4,138.742,15118.3983,0.015118398,210523,"210523 MRC Sample A4Data.csv",NA
"210523.MRC.Sample.A5Data",4,"23.05.2021","A","58.5","F","18wks","oim Wt",5,112.7643333,9986.961933,0.009986962,210523,"210523 MRC Sample A5Data.csv",NA
"210523.MRC.Sample.A6Data",1,"23.05.2021","A","58.5","F","18wks","oim Wt",6,120.5733333,11418.0625,0.011418063,210523,"210523 MRC Sample A6Data.csv",NA
"210523.MRC.Sample.A7Data",4,"23.05.2021","A","58.5","F","18wks","oim Wt",7,99.172,7724.458155,0.007724458,210523,"210523 MRC Sample A7Data.csv",NA
"210523.MRC.Sample.A8Data",3,"23.05.2021","A","58.5","F","18wks","oim Wt",8,90.62033333,6449.724914,0.006449725,210523,"210523 MRC Sample A8Data.csv",NA
"210523.MRC.Sample.A9Data",1,"23.05.2021","A","58.5","F","18wks","oim Wt",9,106.3096667,8876.36995,0.00887637,210523,"210523 MRC Sample A9Data.csv",NA
"210523.MRC.Sample.B1Data",4,"23.05.2021","B","60.1","F","18wks","oim Wt",1,131.178,13514.8706,0.013514871,210523,"210523 MRC Sample B1Data.csv",NA
"210523.MRC.Sample.B10Data",4,"23.05.2021","B","60.1","F","18wks","oim Wt",10,124.041,12084.26941,0.012084269,210523,"210523 MRC Sample B10Data.csv",NA
"210523.MRC.Sample.B2Data",3,"23.05.2021","B","60.1","F","18wks","oim Wt",2,128.095,12887.07148,0.012887071,210523,"210523 MRC Sample B2Data.csv",NA
"210523.MRC.Sample.B3Data",4,"23.05.2021","B","60.1","F","18wks","oim Wt",3,106.1793333,8854.618808,0.008854619,210523,"210523 MRC Sample B3Data.csv",NA
"210523.MRC.Sample.B4Data",4,"23.05.2021","B","60.1","F","18wks","oim Wt",4,119.1663333,11153.13693,0.011153137,210523,"210523 MRC Sample B4Data.csv",NA
"210523.MRC.Sample.B5Data",4,"23.05.2021","B","60.1","F","18wks","oim Wt",5,141.3023333,15681.53415,0.015681534,210523,"210523 MRC Sample B5Data.csv",NA
"210523.MRC.Sample.B6Data",4,"23.05.2021","B","60.1","F","18wks","oim Wt",6,91.818,6621.334657,0.006621335,210523,"210523 MRC Sample B6Data.csv",NA
"210523.MRC.Sample.B7Data",4,"23.05.2021","B","60.1","F","18wks","oim Wt",7,134.5173333,14211.7114,0.014211711,210523,"210523 MRC Sample B7Data.csv",NA
"210523.MRC.Sample.B8Data",3,"23.05.2021","B","60.1","F","18wks","oim Wt",8,114.0786667,10221.1263,0.010221126,210523,"210523 MRC Sample B8Data.csv",NA
"210523.MRC.Sample.B9Data",4,"23.05.2021","B","60.1","F","18wks","oim Wt",9,111.423,9750.784902,0.009750785,210523,"210523 MRC Sample B9Data.csv",NA
"210523.MRC.Sample.C1Data",2,"23.05.2021","C","77.1","F","18wks","oim Het",1,131.404,13561.4789,0.013561479,210523,"210523 MRC Sample C1Data.csv",NA
"210523.MRC.Sample.C10Data",3,"23.05.2021","C","77.1","F","18wks","oim Het",10,108.7683333,9291.6925,0.009291693,210523,"210523 MRC Sample C10Data.csv",NA
"210523.MRC.Sample.C2Data",3,"23.05.2021","C","77.1","F","18wks","oim Het",2,102.8426667,8306.853284,0.008306853,210523,"210523 MRC Sample C2Data.csv",NA
"210523.MRC.Sample.C3Data",4,"23.05.2021","C","77.1","F","18wks","oim Het",3,116.226,10609.5378,0.010609538,210523,"210523 MRC Sample C3Data.csv",NA
"210523.MRC.Sample.C4Data",3,"23.05.2021","C","77.1","F","18wks","oim Het",4,104.5026667,8577.182033,0.008577182,210523,"210523 MRC Sample C4Data.csv",NA
"210523.MRC.Sample.C5Data",4,"23.05.2021","C","77.1","F","18wks","oim Het",5,90.19333333,6389.086336,0.006389086,210523,"210523 MRC Sample C5Data.csv",NA
"210523.MRC.Sample.C6Data",4,"23.05.2021","C","77.1","F","18wks","oim Het",6,115.9976667,10567.89253,0.010567893,210523,"210523 MRC Sample C6Data.csv",NA
"210523.MRC.Sample.C7Data",4,"23.05.2021","C","77.1","F","18wks","oim Het",7,112.5556667,9950.035057,0.009950035,210523,"210523 MRC Sample C7Data.csv",NA
"210523.MRC.Sample.C8Data",3,"23.05.2021","C","77.1","F","18wks","oim Het",8,112.255,9896.947575,0.009896948,210523,"210523 MRC Sample C8Data.csv",NA
"210523.MRC.Sample.D1Data",3,"23.05.2021","D","77.2","F","18wks","oim Het",1,106.157,8850.894316,0.008850894,210523,"210523 MRC Sample D1Data.csv",NA
"210523.MRC.Sample.D10Data",1,"23.05.2021","D","77.2","F","18wks","oim Het",10,131.0856667,13495.85165,0.013495852,210523,"210523 MRC Sample D10Data.csv",NA
"210523.MRC.Sample.D2Data",4,"23.05.2021","D","77.2","F","18wks","oim Het",2,119.9046667,11291.77079,0.011291771,210523,"210523 MRC Sample D2Data.csv",NA
"210523.MRC.Sample.D3Data",3,"23.05.2021","D","77.2","F","18wks","oim Het",3,87.98666667,6080.28045,0.00608028,210523,"210523 MRC Sample D3Data.csv",NA
"210523.MRC.Sample.D4Data",4,"23.05.2021","D","77.2","F","18wks","oim Het",4,91.659,6598.42236,0.006598422,210523,"210523 MRC Sample D4Data.csv",NA
"210523.MRC.Sample.D5Data",2,"23.05.2021","D","77.2","F","18wks","oim Het",5,94.318,6986.811838,0.006986812,210523,"210523 MRC Sample D5Data.csv",NA
"210523.MRC.Sample.D6Data",4,"23.05.2021","D","77.2","F","18wks","oim Het",6,103.389,8395.345059,0.008395345,210523,"210523 MRC Sample D6Data.csv",NA
"210523.MRC.Sample.D7Data",4,"23.05.2021","D","77.2","F","18wks","oim Het",7,109.636,9440.527154,0.009440527,210523,"210523 MRC Sample D7Data.csv",NA
"210523.MRC.Sample.E1Data",3,"23.05.2021","E","102.3","F","18wks","oim Hom",1,64.44,3261.376555,0.003261377,210523,"210523 MRC Sample E1Data.csv",NA
"210523.MRC.Sample.E10Data",3,"23.05.2021","E","102.3","F","18wks","oim Hom",10,89.97666667,6358.426879,0.006358427,210523,"210523 MRC Sample E10Data.csv",NA
"210523.MRC.Sample.E4Data",3,"23.05.2021","E","102.3","F","18wks","oim Hom",4,70.636,3918.700544,0.003918701,210523,"210523 MRC Sample E4Data.csv",NA
"210523.MRC.Sample.E5Data",3,"23.05.2021","E","102.3","F","18wks","oim Hom",5,62.38333333,3056.518542,0.003056519,210523,"210523 MRC Sample E5Data.csv",NA
"210524.MRC.Sample.A1Data",2,"24.05.2021","A","87.2","F","18wks","oim Wt",1,117.913,10919.76418,0.010919764,210524,"210524 MRC Sample A1Data.csv",NA
"210524.MRC.Sample.A10Data",4,"24.05.2021","A","87.2","F","18wks","oim Wt",10,131.2426667,13528.19871,0.013528199,210524,"210524 MRC Sample A10Data.csv",NA
"210524.MRC.Sample.A2Data",4,"24.05.2021","A","87.2","F","18wks","oim Wt",2,89.93166667,6352.068394,0.006352068,210524,"210524 MRC Sample A2Data.csv",NA
"210524.MRC.Sample.A3Data",3,"24.05.2021","A","87.2","F","18wks","oim Wt",3,101.4886667,8089.561396,0.008089561,210524,"210524 MRC Sample A3Data.csv",NA
"210524.MRC.Sample.A4Data",1,"24.05.2021","A","87.2","F","18wks","oim Wt",4,147.9,17180.12144,0.017180121,210524,"210524 MRC Sample A4Data.csv",NA
"210524.MRC.Sample.A5Data",4,"24.05.2021","A","87.2","F","18wks","oim Wt",5,114.88,10365.22503,0.010365225,210524,"210524 MRC Sample A5Data.csv",NA
"210524.MRC.Sample.A6Data",4,"24.05.2021","A","87.2","F","18wks","oim Wt",6,100.463,7926.877869,0.007926878,210524,"210524 MRC Sample A6Data.csv",NA
"210524.MRC.Sample.A7Data",4,"24.05.2021","A","87.2","F","18wks","oim Wt",7,135.8666667,14498.25463,0.014498255,210524,"210524 MRC Sample A7Data.csv",NA
"210524.MRC.Sample.A8Data",2,"24.05.2021","A","87.2","F","18wks","oim Wt",8,111.1873333,9709.581467,0.009709581,210524,"210524 MRC Sample A8Data.csv",NA
"210524.MRC.Sample.A9Data",4,"24.05.2021","A","87.2","F","18wks","oim Wt",9,105.1353333,8681.350146,0.00868135,210524,"210524 MRC Sample A9Data.csv",NA
"210524.MRC.Sample.B1Data",4,"24.05.2021","B","87.4","F","18wks","oim Wt",1,98.76566667,7661.289624,0.00766129,210524,"210524 MRC Sample B1Data.csv",NA
"210524.MRC.Sample.B10Data",2,"24.05.2021","B","87.4","F","18wks","oim Wt",10,125.1313333,12297.64708,0.012297647,210524,"210524 MRC Sample B10Data.csv",NA
"210524.MRC.Sample.B2Data",3,"24.05.2021","B","87.4","F","18wks","oim Wt",2,102.3386667,8225.634167,0.008225634,210524,"210524 MRC Sample B2Data.csv",NA
"210524.MRC.Sample.B3Data",4,"24.05.2021","B","87.4","F","18wks","oim Wt",3,105.1483333,8683.49718,0.008683497,210524,"210524 MRC Sample B3Data.csv",NA
"210524.MRC.Sample.B4Data",4,"24.05.2021","B","87.4","F","18wks","oim Wt",4,108.6943333,9279.053687,0.009279054,210524,"210524 MRC Sample B4Data.csv",NA
"210524.MRC.Sample.B5Data",4,"24.05.2021","B","87.4","F","18wks","oim Wt",5,100.126,7873.786137,0.007873786,210524,"210524 MRC Sample B5Data.csv",NA
"210524.MRC.Sample.B6Data",2,"24.05.2021","B","87.4","F","18wks","oim Wt",6,136.7646667,14690.53811,0.014690538,210524,"210524 MRC Sample B6Data.csv",NA
"210524.MRC.Sample.B7Data",3,"24.05.2021","B","87.4","F","18wks","oim Wt",7,124.78,12228.68742,0.012228687,210524,"210524 MRC Sample B7Data.csv",NA
"210524.MRC.Sample.B8Data",2,"24.05.2021","B","87.4","F","18wks","oim Wt",8,138.8823333,15148.99736,0.015148997,210524,"210524 MRC Sample B8Data.csv",NA
"210524.MRC.Sample.B9Data",4,"24.05.2021","B","87.4","F","18wks","oim Wt",9,119.8283333,11277.39829,0.011277398,210524,"210524 MRC Sample B9Data.csv",NA
"210524.MRC.Sample.C1Data",2,"24.05.2021","C","77.4","F","18wks","oim Het",1,123.2706667,11934.64131,0.011934641,210524,"210524 MRC Sample C1Data.csv",NA
"210524.MRC.Sample.C10Data",3,"24.05.2021","C","77.4","F","18wks","oim Het",10,78.98066667,4899.271102,0.004899271,210524,"210524 MRC Sample C10Data.csv",NA
"210524.MRC.Sample.C2Data",3,"24.05.2021","C","77.4","F","18wks","oim Het",2,95.211,7119.740004,0.00711974,210524,"210524 MRC Sample C2Data.csv",NA
"210524.MRC.Sample.C3Data",3,"24.05.2021","C","77.4","F","18wks","oim Het",3,82.61266667,5360.226772,0.005360227,210524,"210524 MRC Sample C3Data.csv",NA
"210524.MRC.Sample.C5Data",3,"24.05.2021","C","77.4","F","18wks","oim Het",5,97.72166667,7500.178718,0.007500179,210524,"210524 MRC Sample C5Data.csv",NA
"210524.MRC.Sample.C6Data",3,"24.05.2021","C","77.4","F","18wks","oim Het",6,68.61133333,3697.273683,0.003697274,210524,"210524 MRC Sample C6Data.csv",NA
"210524.MRC.Sample.C8Data",4,"24.05.2021","C","77.4","F","18wks","oim Het",8,93.30033333,6836.85347,0.006836853,210524,"210524 MRC Sample C8Data.csv",NA
"210524.MRC.Sample.C9Data",4,"24.05.2021","C","77.4","F","18wks","oim Het",9,111.7113333,9801.315109,0.009801315,210524,"210524 MRC Sample C9Data.csv",NA
"210524.MRC.Sample.D1Data",3,"24.05.2021","D","85.2","F","18wks","oim Het",1,76.25133333,4566.513708,0.004566514,210524,"210524 MRC Sample D1Data.csv",NA
"210524.MRC.Sample.D10Data",4,"24.05.2021","D","85.2","F","18wks","oim Het",10,94.75466667,7051.655671,0.007051656,210524,"210524 MRC Sample D10Data.csv",NA
"210524.MRC.Sample.D2Data",3,"24.05.2021","D","85.2","F","18wks","oim Het",2,67.77833333,3608.042562,0.003608043,210524,"210524 MRC Sample D2Data.csv",NA
"210524.MRC.Sample.D3Data",4,"24.05.2021","D","85.2","F","18wks","oim Het",3,105.3686667,8719.92703,0.008719927,210524,"210524 MRC Sample D3Data.csv",NA
"210524.MRC.Sample.D4Data",3,"24.05.2021","D","85.2","F","18wks","oim Het",4,102.158,8196.617052,0.008196617,210524,"210524 MRC Sample D4Data.csv",NA
"210524.MRC.Sample.D5Data",3,"24.05.2021","D","85.2","F","18wks","oim Het",5,89.38933333,6275.687043,0.006275687,210524,"210524 MRC Sample D5Data.csv",NA
"210524.MRC.Sample.D7Data",3,"24.05.2021","D","85.2","F","18wks","oim Het",7,97.94233333,7534.089479,0.007534089,210524,"210524 MRC Sample D7Data.csv",NA
"210524.MRC.Sample.D8Data",3,"24.05.2021","D","85.2","F","18wks","oim Het",8,86.47933333,5873.737683,0.005873738,210524,"210524 MRC Sample D8Data.csv",NA
"210524.MRC.Sample.D9Data",3,"24.05.2021","D","85.2","F","18wks","oim Het",9,78.80333333,4877.295376,0.004877295,210524,"210524 MRC Sample D9Data.csv",NA
"210524.MRC.Sample.E1Data",3,"24.05.2021","E","147.2","F","18wks","oim Hom",1,64.68566667,3286.290855,0.003286291,210524,"210524 MRC Sample E1Data.csv",NA
"210524.MRC.Sample.E10Data",3,"24.05.2021","E","147.2","F","18wks","oim Hom",10,90.34333333,6410.355311,0.006410355,210524,"210524 MRC Sample E10Data.csv",NA
"210524.MRC.Sample.E3Data",3,"24.05.2021","E","147.2","F","18wks","oim Hom",3,56.14233333,2475.544845,0.002475545,210524,"210524 MRC Sample E3Data.csv",NA
"210524.MRC.Sample.E4Data",3,"24.05.2021","E","147.2","F","18wks","oim Hom",4,63.80133333,3197.049724,0.00319705,210524,"210524 MRC Sample E4Data.csv",NA
"210524.MRC.Sample.E5Data",3,"24.05.2021","E","147.2","F","18wks","oim Hom",5,82.04666667,5287.029875,0.00528703,210524,"210524 MRC Sample E5Data.csv",NA
"210524.MRC.Sample.E7Data",3,"24.05.2021","E","147.2","F","18wks","oim Hom",7,75.39266667,4464.24572,0.004464246,210524,"210524 MRC Sample E7Data.csv",NA
"210524.MRC.Sample.E9Data",3,"24.05.2021","E","147.2","F","18wks","oim Hom",9,72.23,4097.558014,0.004097558,210524,"210524 MRC Sample E9Data.csv",NA
"210407.MRC.Sample.C10Data",0,"07.04.2021","C","177.2","F","8wks","Tm1b Hom",10,99.445,7767.04436,0.007767044,210407,"210407 MRC Sample C10Data.csv","SNR.failure.pass not TRUE"
"210413.MRC.Sample.C1Data",0,"13.04.2021","C","152.2","F","8wks","oim Hom",1,80.45966667,5084.477613,0.005084478,210413,"210413 MRC Sample C1Data.csv","SNR.failure.pass not TRUE"
"210415.MRC.Sample.B5Data",0,"15.04.2021","B","116.2","F","8wks","oim Het",5,119.4503333,11206.36112,0.011206361,210415,"210415 MRC Sample B5Data.csv","SNR.failure.pass not TRUE"
"210415.MRC.Sample.C10Data",0,"15.04.2021","C","159.1","F","8wks","oim Hom",10,74.907,4406.915158,0.004406915,210415,"210415 MRC Sample C10Data.csv","SNR.failure.pass not TRUE"
"210415.MRC.Sample.C2Data",0,"15.04.2021","C","159.1","F","8wks","oim Hom",2,78.36133333,4822.736292,0.004822736,210415,"210415 MRC Sample C2Data.csv","SNR.failure.pass not TRUE"
"210415.MRC.Sample.C8Data",0,"15.04.2021","C","159.1","F","8wks","oim Hom",8,95.198,7117.795894,0.007117796,210415,"210415 MRC Sample C8Data.csv","SNR.failure.pass not TRUE"
"210416.MRC.Sample.C3Data",0,"16.04.2021","C","159.2","F","8wks","oim Hom",3,88.39933333,6137.448499,0.006137448,210416,"210416 MRC Sample C3Data.csv","SNR.failure.pass not TRUE"
"210416.MRC.Sample.C4Data",0,"16.04.2021","C","159.2","F","8wks","oim Hom",4,67.13366667,3539.733917,0.003539734,210416,"210416 MRC Sample C4Data.csv","SNR.failure.pass not TRUE"
"210419.MRC.Sample.B2Data",0,"19.04.2021","B","91.3","M","8wks","Tm1b Het",2,120.8406667,11468.75055,0.011468751,210419,"210419 MRC Sample B2Data.csv","SNR.failure.pass not TRUE"
"210422.MRC.Sample.A10Data",0,"22.04.2021","A","157.4","M","8wks","Tm1b Wt",10,117.9516667,10926.92709,0.010926927,210422,"210422 MRC Sample A10Data.csv","SNR.failure.pass not TRUE"
"210422.MRC.Sample.B3Data",0,"22.04.2021","B","91.4","M","8wks","Tm1b Het",3,98.76233333,7660.772496,0.007660772,210422,"210422 MRC Sample B3Data.csv","SNR.failure.pass not TRUE"
"210423.MRC.Sample.D4Data",0,"23.04.2021","D","88.2","M","52wks","Tm1b Hom",4,86.11233333,5823.989667,0.00582399,210423,"210423 MRC Sample D4Data.csv","SNR.failure.pass not TRUE"
"210423.MRC.Sample.D5Data",0,"23.04.2021","D","88.2","M","52wks","Tm1b Hom",5,105.6376667,8764.506783,0.008764507,210423,"210423 MRC Sample D5Data.csv","SNR.failure.pass not TRUE"
"210423.MRC.Sample.D7Data",0,"23.04.2021","D","88.2","M","52wks","Tm1b Hom",7,140.707,15549.674,0.015549674,210423,"210423 MRC Sample D7Data.csv","SNR.failure.pass not TRUE"
"210423.MRC.Sample.D9Data",0,"23.04.2021","D","88.2","M","52wks","Tm1b Hom",9,119.0333333,11128.25508,0.011128255,210423,"210423 MRC Sample D9Data.csv","SNR.failure.pass not TRUE"
"210426.MRC.Sample.B6Data",0,"26.04.2021","B","102.2","M","8wks","Tm1b Het",6,98.98166667,7694.836669,0.007694837,210426,"210426 MRC Sample B6Data.csv","SNR.failure.pass not TRUE"
"210426.MRC.Sample.D1Data",0,"26.04.2021","D","92.1","M","52wks","Tm1b Hom",1,100.6776667,7960.78995,0.00796079,210426,"210426 MRC Sample D1Data.csv","SNR.failure.pass not TRUE"
"210427.MRC.Sample.B3Data",0,"27.04.2021","B","103.2","M","8wks","oim Het",3,109.9173333,9489.039364,0.009489039,210427,"210427 MRC Sample B3Data.csv","SNR.failure.pass not TRUE"
"210427.MRC.Sample.C10Data",0,"27.04.2021","C","160.3","M","8wks","oim Hom",10,74.85766667,4401.11233,0.004401112,210427,"210427 MRC Sample C10Data.csv","SNR.failure.pass not TRUE"
"210427.MRC.Sample.C6Data",0,"27.04.2021","C","160.3","M","8wks","oim Hom",6,64.673,3285.003946,0.003285004,210427,"210427 MRC Sample C6Data.csv","SNR.failure.pass not TRUE"
"210428.MRC.Sample.C8Data",0,"28.04.2021","C","161.1","M","8wks","oim Hom",8,82.016,5283.078337,0.005283078,210428,"210428 MRC Sample C8Data.csv","SNR.failure.pass not TRUE"
"210430.MRC.Sample.C1Data",0,"30.04.2021","C","161.3","M","8wks","oim Hom",1,106.3206667,8878.206944,0.008878207,210430,"210430 MRC Sample C1Data.csv","SNR.failure.pass not TRUE"
"210430.MRC.Sample.C4Data",0,"30.04.2021","C","161.3","M","8wks","oim Hom",4,108.897,9313.688581,0.009313689,210430,"210430 MRC Sample C4Data.csv","SNR.failure.pass not TRUE"
"210430.MRC.Sample.C5Data",0,"30.04.2021","C","161.3","M","8wks","oim Hom",5,84.27433333,5578.025979,0.005578026,210430,"210430 MRC Sample C5Data.csv","SNR.failure.pass not TRUE"
"210430.MRC.Sample.C6Data",0,"30.04.2021","C","161.3","M","8wks","oim Hom",6,90.36166667,6412.957277,0.006412957,210430,"210430 MRC Sample C6Data.csv","SNR.failure.pass not TRUE"
"210506.MRC.Sample.C8Data",0,"06.05.2021","C","61.2","M","52wks","Tm1b Wt",8,108.854,9306.334668,0.009306335,210506,"210506 MRC Sample C8Data.csv","SNR.failure.pass not TRUE"
"210506.MRC.Sample.D7Data",0,"06.05.2021","D","36.1","M","52wks","Tm1b Het",7,106.016,8827.398036,0.008827398,210506,"210506 MRC Sample D7Data.csv","SNR.failure.pass not TRUE"
"210507.MRC.Sample.D9Data",0,"07.05.2021","D","61.3","M","52wks","Tm1b Wt",9,112.1716667,9882.25889,0.009882259,210507,"210507 MRC Sample D9Data.csv","SNR.failure.pass not TRUE"
"210510.MRC.Sample.B3Data",0,"10.05.2021","B","68.5","F","18wks","Tm1b Het",3,86.356,5856.995855,0.005856996,210510,"210510 MRC Sample B3Data.csv","SNR.failure.pass not TRUE"
"210510.MRC.Sample.C2Data",0,"10.05.2021","C","123.3","F","18wks","Tm1b Hom",2,93.5,6866.147094,0.006866147,210510,"210510 MRC Sample C2Data.csv","SNR.failure.pass not TRUE"
"210510.MRC.Sample.C4Data",0,"10.05.2021","C","123.3","F","18wks","Tm1b Hom",4,106.2616667,8868.356199,0.008868356,210510,"210510 MRC Sample C4Data.csv","SNR.failure.pass not TRUE"
"210510.MRC.Sample.C5Data",0,"10.05.2021","C","123.3","F","18wks","Tm1b Hom",5,111.4303333,9752.068439,0.009752068,210510,"210510 MRC Sample C5Data.csv","SNR.failure.pass not TRUE"
"210510.MRC.Sample.D1Data",0,"10.05.2021","D","89.4","F","52wks","Tm1b Hom",1,100.787,7978.089756,0.00797809,210510,"210510 MRC Sample D1Data.csv","SNR.failure.pass not TRUE"
"210510.MRC.Sample.D4Data",0,"10.05.2021","D","89.4","F","52wks","Tm1b Hom",4,103.6646667,8440.173859,0.008440174,210510,"210510 MRC Sample D4Data.csv","SNR.failure.pass not TRUE"
"210510.MRC.Sample.D5Data",0,"10.05.2021","D","89.4","F","52wks","Tm1b Hom",5,107.439,9065.959951,0.00906596,210510,"210510 MRC Sample D5Data.csv","SNR.failure.pass not TRUE"
"210510.MRC.Sample.D6Data",0,"10.05.2021","D","89.4","F","52wks","Tm1b Hom",6,105.1636667,8686.02993,0.00868603,210510,"210510 MRC Sample D6Data.csv","SNR.failure.pass not TRUE"
"210510.MRC.Sample.D8Data",0,"10.05.2021","D","89.4","F","52wks","Tm1b Hom",8,156.6513333,19273.38836,0.019273388,210510,"210510 MRC Sample D8Data.csv","SNR.failure.pass not TRUE"
"210510.MRC.Sample.D9Data",0,"10.05.2021","D","89.4","F","52wks","Tm1b Hom",9,115.989,10566.31345,0.010566313,210510,"210510 MRC Sample D9Data.csv","SNR.failure.pass not TRUE"
"210511.MRC.Sample.B1Data",0,"11.05.2021","B","171.2","F","18wks","Tm1b Het",1,117.8423333,10906.6794,0.010906679,210511,"210511 MRC Sample B1Data.csv","SNR.failure.pass not TRUE"
"210511.MRC.Sample.C9Data",0,"11.05.2021","C","123.5","F","18wks","Tm1b Hom",9,110.384,9569.784026,0.009569784,210511,"210511 MRC Sample C9Data.csv","SNR.failure.pass not TRUE"
"210511.MRC.Sample.D6Data",0,"11.05.2021","D","93.2","F","52wks","Tm1b Hom",6,133.239,13942.88388,0.013942884,210511,"210511 MRC Sample D6Data.csv","SNR.failure.pass not TRUE"
"210511.MRC.Sample.D8Data",0,"11.05.2021","D","93.2","F","52wks","Tm1b Hom",8,128.679,13004.84666,0.013004847,210511,"210511 MRC Sample D8Data.csv","SNR.failure.pass not TRUE"
"210512.MRC.Sample.C5Data",0,"12.05.2021","C","137.2","F","18wks","Tm1b Hom",5,100.4766667,7929.034715,0.007929035,210512,"210512 MRC Sample C5Data.csv","SNR.failure.pass not TRUE"
"210512.MRC.Sample.C6Data",0,"12.05.2021","C","137.2","F","18wks","Tm1b Hom",6,105.2333333,8697.542017,0.008697542,210512,"210512 MRC Sample C6Data.csv","SNR.failure.pass not TRUE"
"210512.MRC.Sample.C9Data",0,"12.05.2021","C","137.2","F","18wks","Tm1b Hom",9,112.8593333,10003.79635,0.010003796,210512,"210512 MRC Sample C9Data.csv","SNR.failure.pass not TRUE"
"210512.MRC.Sample.D5Data",0,"12.05.2021","D","98.1","F","52wks","Tm1b Hom",5,137.155,14774.51286,0.014774513,210512,"210512 MRC Sample D5Data.csv","SNR.failure.pass not TRUE"
"210512.MRC.Sample.E10Data",0,"12.05.2021","E","106.2","F","52wks","Tm1b Hom",10,144.908,16492.04861,0.016492049,210512,"210512 MRC Sample E10Data.csv","SNR.failure.pass not TRUE"
"210512.MRC.Sample.E2Data",0,"12.05.2021","E","106.2","F","52wks","Tm1b Hom",2,106.1916667,8856.675967,0.008856676,210512,"210512 MRC Sample E2Data.csv","SNR.failure.pass not TRUE"
"210512.MRC.Sample.E4Data",0,"12.05.2021","E","106.2","F","52wks","Tm1b Hom",4,114.5823333,10311.57975,0.01031158,210512,"210512 MRC Sample E4Data.csv","SNR.failure.pass not TRUE"
"210512.MRC.Sample.E5Data",0,"12.05.2021","E","106.2","F","52wks","Tm1b Hom",5,144.3173333,16357.87451,0.016357875,210512,"210512 MRC Sample E5Data.csv","SNR.failure.pass not TRUE"
"210512.MRC.Sample.E6Data",0,"12.05.2021","E","106.2","F","52wks","Tm1b Hom",6,97.116,7407.496488,0.007407496,210512,"210512 MRC Sample E6Data.csv","SNR.failure.pass not TRUE"
"210512.MRC.Sample.E7Data",0,"12.05.2021","E","106.2","F","52wks","Tm1b Hom",7,108.2906667,9210.260978,0.009210261,210512,"210512 MRC Sample E7Data.csv","SNR.failure.pass not TRUE"
"210512.MRC.Sample.E8Data",0,"12.05.2021","E","106.2","F","52wks","Tm1b Hom",8,133.2276667,13940.51202,0.013940512,210512,"210512 MRC Sample E8Data.csv","SNR.failure.pass not TRUE"
"210512.MRC.Sample.E9Data",0,"12.05.2021","E","106.2","F","52wks","Tm1b Hom",9,110.7463333,9632.712391,0.009632712,210512,"210512 MRC Sample E9Data.csv","SNR.failure.pass not TRUE"
"210513.MRC.Sample.E10Data",0,"13.05.2021","E","55.3","F","52wks","Tm1b Het",10,143.1056667,16084.35108,0.016084351,210513,"210513 MRC Sample E10Data.csv","SNR.failure.pass not TRUE"
"210520.MRC.Sample.C1Data",0,"20.05.2021","C","99.3","M","18wks","oim Hom",1,74.589,4369.577543,0.004369578,210520,"210520 MRC Sample C1Data.csv","SNR.failure.pass not TRUE"
"210520.MRC.Sample.D1Data",0,"20.05.2021","D","140.1","M","18wks","oim Hom",1,62.97,3114.277212,0.003114277,210520,"210520 MRC Sample D1Data.csv","SNR.failure.pass not TRUE"
"210520.MRC.Sample.D2Data",0,"20.05.2021","D","140.1","M","18wks","oim Hom",2,74.12433333,4315.304857,0.004315305,210520,"210520 MRC Sample D2Data.csv","SNR.failure.pass not TRUE"
"210520.MRC.Sample.D3Data",0,"20.05.2021","D","140.1","M","18wks","oim Hom",3,69.70866667,3816.483889,0.003816484,210520,"210520 MRC Sample D3Data.csv","SNR.failure.pass not TRUE"
"210520.MRC.Sample.D4Data",0,"20.05.2021","D","140.1","M","18wks","oim Hom",4,64.02166667,3219.169417,0.003219169,210520,"210520 MRC Sample D4Data.csv","SNR.failure.pass not TRUE"
"210520.MRC.Sample.D5Data",0,"20.05.2021","D","140.1","M","18wks","oim Hom",5,67.355,3563.112726,0.003563113,210520,"210520 MRC Sample D5Data.csv","SNR.failure.pass not TRUE"
"210520.MRC.Sample.D8Data",0,"20.05.2021","D","140.1","M","18wks","oim Hom",8,63.21433333,3138.491853,0.003138492,210520,"210520 MRC Sample D8Data.csv","SNR.failure.pass not TRUE"
"210521.MRC.Sample.C6Data",0,"21.05.2021","C","59.2","M","18wks","oim Het",6,97.39333333,7449.863945,0.007449864,210521,"210521 MRC Sample C6Data.csv","SNR.failure.pass not TRUE"
"210521.MRC.Sample.D1Data",0,"21.05.2021","D","142.4","M","18wks","oim Hom",1,90.26433333,6399.149245,0.006399149,210521,"210521 MRC Sample D1Data.csv","SNR.failure.pass not TRUE"
"210521.MRC.Sample.D3Data",0,"21.05.2021","D","142.4","M","18wks","oim Hom",3,83.947,5534.778462,0.005534778,210521,"210521 MRC Sample D3Data.csv","SNR.failure.pass not TRUE"
"210521.MRC.Sample.D4Data",0,"21.05.2021","D","142.4","M","18wks","oim Hom",4,89.19366667,6248.24308,0.006248243,210521,"210521 MRC Sample D4Data.csv","SNR.failure.pass not TRUE"
"210521.MRC.Sample.D5Data",0,"21.05.2021","D","142.4","M","18wks","oim Hom",5,63.16466667,3133.562048,0.003133562,210521,"210521 MRC Sample D5Data.csv","SNR.failure.pass not TRUE"
"210521.MRC.Sample.E5Data",0,"21.05.2021","E","142.5","M","18wks","oim Hom",5,78.25333333,4809.451766,0.004809452,210521,"210521 MRC Sample E5Data.csv","SNR.failure.pass not TRUE"
"210521.MRC.Sample.E7Data",0,"21.05.2021","E","142.5","M","18wks","oim Hom",7,74.82666667,4397.467914,0.004397468,210521,"210521 MRC Sample E7Data.csv","SNR.failure.pass not TRUE"
"210522.MRC.Sample.A2Data",0,"22.05.2021","A","91.1","M","18wks","oim Wt",2,108.975,9327.03565,0.009327036,210522,"210522 MRC Sample A2Data.csv","SNR.failure.pass not TRUE"
"210522.MRC.Sample.B9Data",0,"22.05.2021","B","91.2","M","18wks","oim Wt",9,157.3743333,19451.7056,0.019451706,210522,"210522 MRC Sample B9Data.csv","SNR.failure.pass not TRUE"
"210522.MRC.Sample.D3Data",0,"22.05.2021","D","85.3","F","18wks","oim Hom",3,62.984,3115.662149,0.003115662,210522,"210522 MRC Sample D3Data.csv","SNR.failure.pass not TRUE"
"210522.MRC.Sample.D4Data",0,"22.05.2021","D","85.3","F","18wks","oim Hom",4,68.194,3652.432612,0.003652433,210522,"210522 MRC Sample D4Data.csv","SNR.failure.pass not TRUE"
"210522.MRC.Sample.D6Data",0,"22.05.2021","D","85.3","F","18wks","oim Hom",6,77.546,4722.89927,0.004722899,210522,"210522 MRC Sample D6Data.csv","SNR.failure.pass not TRUE"
"210522.MRC.Sample.E10Data",0,"22.05.2021","E","95.3","F","18wks","oim Hom",10,79.95166667,5020.476335,0.005020476,210522,"210522 MRC Sample E10Data.csv","SNR.failure.pass not TRUE"
"210522.MRC.Sample.E2Data",0,"22.05.2021","E","95.3","F","18wks","oim Hom",2,80.66666667,5110.673116,0.005110673,210522,"210522 MRC Sample E2Data.csv","SNR.failure.pass not TRUE"
"210522.MRC.Sample.E4Data",0,"22.05.2021","E","95.3","F","18wks","oim Hom",4,73.94233333,4294.139843,0.00429414,210522,"210522 MRC Sample E4Data.csv","SNR.failure.pass not TRUE"
"210522.MRC.Sample.E5Data",0,"22.05.2021","E","95.3","F","18wks","oim Hom",5,70.90833333,3948.975475,0.003948975,210522,"210522 MRC Sample E5Data.csv","SNR.failure.pass not TRUE"
"210522.MRC.Sample.E7Data",0,"22.05.2021","E","95.3","F","18wks","oim Hom",7,70.74833333,3931.174373,0.003931174,210522,"210522 MRC Sample E7Data.csv","SNR.failure.pass not TRUE"
"210522.MRC.Sample.E8Data",0,"22.05.2021","E","95.3","F","18wks","oim Hom",8,60.87,2910.023424,0.002910023,210522,"210522 MRC Sample E8Data.csv","SNR.failure.pass not TRUE"
"210523.MRC.Sample.E2Data",0,"23.05.2021","E","102.3","F","18wks","oim Hom",2,61.57433333,2977.757438,0.002977757,210523,"210523 MRC Sample E2Data.csv","SNR.failure.pass not TRUE"
"210523.MRC.Sample.E3Data",0,"23.05.2021","E","102.3","F","18wks","oim Hom",3,70.59866667,3914.559327,0.003914559,210523,"210523 MRC Sample E3Data.csv","SNR.failure.pass not TRUE"
"210523.MRC.Sample.E6Data",0,"23.05.2021","E","102.3","F","18wks","oim Hom",6,88.00966667,6083.459675,0.00608346,210523,"210523 MRC Sample E6Data.csv","SNR.failure.pass not TRUE"
"210523.MRC.Sample.E8Data",0,"23.05.2021","E","102.3","F","18wks","oim Hom",8,60.86,2909.067359,0.002909067,210523,"210523 MRC Sample E8Data.csv","SNR.failure.pass not TRUE"
"210524.MRC.Sample.E6Data",0,"24.05.2021","E","147.2","F","18wks","oim Hom",6,88.52666667,6155.142404,0.006155142,210524,"210524 MRC Sample E6Data.csv","SNR.failure.pass not TRUE"
"210330.MRC.Sample.A8Data",100,"30.03.2021","A","156.3","F","8wks","Tm1b Wt",8,178.7006667,25080.84862,0.025080849,210330,"210330 MRC Sample A8Data.csv","no paired failure trace"
"210330.MRC.Sample.C3.2Data",100,"30.03.2021","C","180.2","F","8wks","Tm1b Wt",3,176.4836667,24462.39181,0.024462392,210330,"210330 MRC Sample C3.2Data.csv","no paired failure trace"
"210407.MRC.Sample.A10bData",100,"07.04.2021","A","104.1","F","8wks","Tm1b Het",10,129.085,13087.04029,0.01308704,210407,"210407 MRC Sample A10bData.csv","no paired failure trace"
"210422.MRC.Sample.B6Data",100,"22.04.2021","B","91.4","M","8wks","Tm1b Het",6,143.313,16130.99126,0.016130991,210422,"210422 MRC Sample B6Data.csv","no paired failure trace"
"210429.MRC.Sample.A7Data",100,"29.04.2021","A","109.2","M","8wks","oim Wt",7,150.359,17756.14728,0.017756147,210429,"210429 MRC Sample A7Data.csv","no paired failure trace"
"210522.MRC.Sample.D9Data",100,"22.05.2021","D","85.3","F","18wks","oim Hom",9,88.015,6084.197005,0.006084197,210522,"210522 MRC Sample D9Data.csv","no paired failure trace"
"210522.MRC.Sample.D9bData",100,"22.05.2021","D","85.3","F","18wks","oim Hom",9,88.015,6084.197005,0.006084197,210522,"210522 MRC Sample D9bData.csv","no paired failure trace"
"210522.MRC.Sample.D9b2Data",100,"22.05.2021","D","85.3","F","18wks","oim Hom",9,88.015,6084.197005,0.006084197,210522,"210522 MRC Sample D9b2Data.csv","no paired failure trace"
