File name,Date,Sample ID,Replicate number,Mouse ID,Sex,Age,Genotype,Stress-relaxation 60s,Rate of change of stress 60s,S60 clamped,Hysteresis strain energy per unit volume,Hysteresis %,Average diameter (um),C.s.a (um squared),C.s.a (mm squared),Sample length (mm),Failure force (N) - corrected,Failure stress (MPa) - corrected,Failure strain (%) - corrected,Failure extension (mm) - corrected,Max modulus (sliding window),Stress at max modulus (sliding window),Strain at max modulus (sliding window),Time at max modulus (s),Force at max modulus (N),Displacement at max modulus (mm),Max modulus fit R2,Max modulus fit intercept (MPa),Max modulus fit n points,SNR preconditioning,SNR hold,SNR failure,SNR preconditioning pass,SNR hold pass,SNR failure pass,Residual preconditioning,Residual hold,Residual failure,Residual preconditioning pass,Residual hold pass,Residual failure pass,Range preconditioning,Range hold,Range failure,Range preconditioning pass,Range hold pass,Range failure pass,Preconditioning pass,Hold pass,Failure pass,Force-Time plot,Force-Extension plot
210330 MRC Sample A1Data.csv,30.03.2021,A,1,156.3,F,8wks,Tm1b Wt,22.16604474,-0.0157464429,False,0.01722989424,32.55836063,181.414,25848.2699,0.02584827,14.34,0.257,9.942638327,5.125523013,0.735,379.6005084,5.416223213,0.03054393305,787.39,-0.126,0.438,0.914873326,-6.180784924,103,40.90889603,61.08140284,125.5799881,True,True,True,0.01919330255,0.02315841318,0.01781724242,True,True,True,0.171,0.144,0.284,True,True,True,True,True,True,results/plots/210330_Sample_A1_force_time.png,results/plots/210330_Sample_A1_force_extension.png
210330 MRC Sample A10Data.csv,30.03.2021,A,10,156.3,F,8wks,Tm1b Wt,29.19133808,-0.01313791916,False,0.02816536765,33.90642076,207.4026667,33784.58227,0.033784582,14.331,0.172,5.091079712,4.556555718,0.653,151.5767687,2.071951046,0.02512036843,786.42,0.165,0.36,0.8278047268,-1.592865345,179,17.67258827,15.61205327,26.45589802,True,True,True,0.02687868761,0.040043217,0.0249698851,True,True,True,0.166,0.118,0.209,True,True,True,True,True,True,results/plots/210330_Sample_A10_force_time.png,results/plots/210330_Sample_A10_force_extension.png
210330 MRC Sample A3Data.csv,30.03.2021,A,3,156.3,F,8wks,Tm1b Wt,16.24050585,-0.01928672719,False,0.01553919227,21.86945399,137.292,14804.04323,0.014804043,14,0.493,33.30171359,7.392857143,1.035,853.2183083,7.295304398,0.02442857143,786.3,-0.201,0.342,0.9615501107,-13.74808112,181,20.72945308,31.59204433,337.8509762,True,True,True,0.03828931477,0.02568218693,0.01583867932,True,True,True,0.123,0.129,0.498,True,True,True,True,True,True,results/plots/210330_Sample_A3_force_time.png,results/plots/210330_Sample_A3_force_extension.png
210330 MRC Sample A2Data.csv,30.03.2021,A,2,156.3,F,8wks,Tm1b Wt,24.95443925,-0.02476647601,False,0.03959607454,33.86370392,166.145,21680.25737,0.021680257,14,0.611,28.18232275,13.88571429,1.944,592.0526823,6.918737172,0.02664285714,786.68,0.197,0.373,0.9667731638,-8.715470348,180,118.73602,38.62580353,143.257897,True,True,True,0.02010260064,0.03063865847,0.008882438524,True,True,True,0.198,0.15,0.627,True,True,True,True,True,True,results/plots/210330_Sample_A2_force_time.png,results/plots/210330_Sample_A2_force_extension.png
210330 MRC Sample A5Data.csv,30.03.2021,A,5,156.3,F,8wks,Tm1b Wt,24.99353978,-0.02935752962,False,0.04963220535,46.00241662,170.9096667,22941.57002,0.02294157,14.001,0.637,27.76619037,27.91229198,3.908,751.470078,14.68949161,0.1071352046,801.16,-0.009,1.5,0.7280094859,-65.90204812,83,16.30113469,37.65498593,100.8375683,True,True,True,0.02958590816,0.02787741639,0.02844305679,True,True,True,0.192,0.192,0.642,True,True,True,True,True,True,results/plots/210330_Sample_A5_force_time.png,results/plots/210330_Sample_A5_force_extension.png
210330 MRC Sample A4Data.csv,30.03.2021,A,4,156.3,F,8wks,Tm1b Wt,31.02304741,-0.03313419347,False,0.03389434522,29.07143509,139.3526667,15251.77709,0.015251777,14.001,0.434,28.4557006,14.16327405,1.983,574.5360886,3.212740391,0.02228412256,785.92,0.101,0.312,0.9129754352,-9.690433507,135,16.79486547,13.53541995,57.16524645,True,True,True,0.03750604432,0.05226356504,0.01780951924,True,True,True,0.155,0.117,0.46,True,True,True,True,True,True,results/plots/210330_Sample_A4_force_time.png,results/plots/210330_Sample_A4_force_extension.png
210330 MRC Sample A7Data.csv,30.03.2021,A,7,156.3,F,8wks,Tm1b Wt,12.55840052,-0.01394841825,False,0.06272516505,45.34027398,143.5226667,16178.22502,0.016178225,13.999,0.611,37.76681311,19.10136438,2.674,747.7976408,7.293754414,0.02664476034,786.69,0.122,0.373,0.9673939591,-12.80960666,178,46.34395214,15.82266606,92.87166092,True,True,True,0.02925074866,0.03553165968,0.01185420822,True,True,True,0.177,0.134,0.627,True,True,True,True,True,True,results/plots/210330_Sample_A7_force_time.png,results/plots/210330_Sample_A7_force_extension.png
210330 MRC Sample A9Data.csv,30.03.2021,A,9,156.3,F,8wks,Tm1b Wt,9.796854026,-0.01572349376,False,0.03939218809,29.07179379,120.313,11368.80961,0.01136881,14,0.568,49.96125364,13.48571429,1.888,1044.143813,14.07359257,0.03078571429,787.43,0.202,0.431,0.9736697835,-17.84895341,179,19.1335626,15.88221087,90.25603927,True,True,True,0.03573746361,0.03490950542,0.02099094524,True,True,True,0.16,0.139,0.579,True,True,True,True,True,True,results/plots/210330_Sample_A9_force_time.png,results/plots/210330_Sample_A9_force_extension.png
210330 MRC Sample B1Data.csv,30.03.2021,B,1,156.5,F,8wks,Tm1b Wt,12.95098202,-0.007224800234,False,0.02761469723,33.05347105,179.37,25269.08392,0.025269084,14,0.199,7.875236,4.842857143,0.678,259.4156103,4.273997427,0.03,787.29,0.176,0.42,0.686224633,-3.272353011,104,59.17010558,10.49103222,23.20312657,True,True,True,0.04669787181,0.05202917151,0.02720685986,True,True,True,0.128,0.107,0.209,True,True,True,True,True,True,results/plots/210330_Sample_B1_force_time.png,results/plots/210330_Sample_B1_force_extension.png
210330 MRC Sample B10Data.csv,30.03.2021,B,10,156.5,F,8wks,Tm1b Wt,12.81615275,-0.001791287918,False,0.01249390967,15.21247491,129.494,13170.10307,0.013170103,14,0.386,29.30880647,8.721428571,1.221,730.1818332,6.150293585,0.03307142857,787.84,0.224,0.463,0.955476109,-18.48731738,180,7.372093379,8.229050333,267.889756,True,True,True,0.04091604484,0.1063230091,0.01222101021,True,False,True,0.08,0.038,0.396,True,True,True,True,False,True,results/plots/210330_Sample_B10_force_time.png,results/plots/210330_Sample_B10_force_extension.png
210330 MRC Sample B2Data.csv,30.03.2021,B,2,156.5,F,8wks,Tm1b Wt,1.392947626,-0.001164171865,False,0.007350468596,28.00178289,194.3963333,29680.14507,0.029680145,14,0.594,20.01337931,7.557142857,1.058,384.7351767,10.10776733,0.03892857143,788.9,0.401,0.545,0.9715471348,-4.822130701,169,15.43139418,20.72979884,81.19093672,True,True,True,0.03545000032,0.03107589267,0.03092951657,True,True,True,0.171,0.166,0.594,True,True,True,True,True,True,results/plots/210330_Sample_B2_force_time.png,results/plots/210330_Sample_B2_force_extension.png
210330 MRC Sample B3Data.csv,30.03.2021,B,3,156.5,F,8wks,Tm1b Wt,24.02284297,-0.02482403529,False,0.04957260781,41.46843689,177.088,24630.21187,0.024630212,14,0.423,17.17403001,6.628571429,0.928,409.2314653,8.282510926,0.03214285714,787.69,0.31,0.45,0.9399645038,-5.172175724,178,19.36296449,20.97780584,63.04910179,True,True,True,0.03125036435,0.03044534278,0.02363976052,True,True,True,0.192,0.166,0.428,True,True,True,True,True,True,results/plots/210330_Sample_B3_force_time.png,results/plots/210330_Sample_B3_force_extension.png
210330 MRC Sample B4Data.csv,30.03.2021,B,4,156.5,F,8wks,Tm1b Wt,13.23894161,-0.02174690305,False,0.04702292672,35.55664853,223.92,39379.9946,0.039379995,14.001,1.168,29.65972951,7.306620956,1.023,545.0437291,15.23616242,0.03564031141,788.3,0.743,0.499,0.9892438497,-3.972032284,169,59.88425784,56.60158673,861.8463672,True,True,True,0.0100443053,0.01200607551,0.02250975929,True,True,True,0.45,0.45,1.21,True,True,True,True,True,True,results/plots/210330_Sample_B4_force_time.png,results/plots/210330_Sample_B4_force_extension.png
210330 MRC Sample B5Data.csv,30.03.2021,B,5,156.5,F,8wks,Tm1b Wt,5.697538074,-0.01441306995,False,0.09228884286,30.51824614,100.7156667,7966.800561,0.007966801,14,0.461,57.86513307,7.057142857,0.988,989.599355,32.38439118,0.04128571429,789.33,0.401,0.578,0.8729612679,-8.88483453,121,22.15306842,81.01698164,265.6203225,True,True,True,0.02374721064,0.03587111115,0.03503092188,True,True,True,0.145,0.134,0.471,True,True,True,True,True,True,results/plots/210330_Sample_B5_force_time.png,results/plots/210330_Sample_B5_force_extension.png
210330 MRC Sample B7Data.csv,30.03.2021,B,7,156.5,F,8wks,Tm1b Wt,81.31494666,-0.01534135111,False,0.04220314678,52.48532813,204.748,32925.26035,0.03292526,14,0.333,10.11381535,9.228571429,1.292,251.0991836,0.6681799931,0.02535714286,786.46,0.165,0.355,0.8056704992,-5.585995046,113,83.88018651,11.22980449,155.241576,True,True,True,0.02962309711,0.06906994107,0.01120578056,True,True,True,0.171,0.054,0.349,True,True,True,True,True,True,results/plots/210330_Sample_B7_force_time.png,results/plots/210330_Sample_B7_force_extension.png
210330 MRC Sample B8Data.csv,30.03.2021,B,8,156.5,F,8wks,Tm1b Wt,9.504608563,-0.02563656283,False,0.06353473285,30.44099045,108.513,9248.11927,0.009248119,14,0.681,73.63659572,8.021428571,1.123,1182.62272,27.8975649,0.03614285714,788.4,0.401,0.506,0.9680717751,-13.7997265,181,67.06387707,41.08879068,504.8355295,True,True,True,0.01993978575,0.02319630225,0.03117410227,True,True,True,0.176,0.177,0.702,True,True,True,True,True,True,results/plots/210330_Sample_B8_force_time.png,results/plots/210330_Sample_B8_force_extension.png
210330 MRC Sample C1Data.csv,30.03.2021,C,1,180.2,F,8wks,Tm1b Wt,11.0578596,-0.002951866687,False,0.01561738885,39.45793931,168.4156667,22276.90532,0.022276905,14.001,0.118,5.296965624,5.121062781,0.717,161.8312285,0.7631221662,0.01828440826,785.19,0.16,0.256,0.7248919475,-2.04683613,160,34.30053599,26.37008972,57.98642827,True,True,True,0.04045570475,0.07689696047,0.02349173631,True,True,True,0.069,0.053,0.128,True,True,True,True,True,True,results/plots/210330_Sample_C1_force_time.png,results/plots/210330_Sample_C1_force_extension.png
210330 MRC Sample C10Data.csv,30.03.2021,C,10,180.2,F,8wks,Tm1b Wt,2.841952661,-0.003898498572,False,0.1667620808,45.60742408,139.0203333,15179.11783,0.015179118,14.001,0.375,24.70499274,15.97028784,2.236,457.1054922,8.827917406,0.02585529605,786.54,0.288,0.362,0.8822903245,-3.148437375,181,15.93583183,37.23898734,86.34686379,True,True,True,0.01785637851,0.03649192168,0.01466110519,True,True,True,0.263,0.14,0.396,True,True,True,True,True,True,results/plots/210330_Sample_C10_force_time.png,results/plots/210330_Sample_C10_force_extension.png
210330 MRC Sample C2Data.csv,30.03.2021,C,2,180.2,F,8wks,Tm1b Wt,5.903275216,-0.0007823015879,False,0.1266717219,75.19671278,128.1366667,12895.45665,0.012895457,14,0.343,26.5985145,18.36428571,2.571,604.0873295,14.57877763,0.0365,788.46,0.331,0.511,0.8359272096,-8.177021554,131,1.406945748,7.90239521,159.9423298,False,True,True,0.02942572797,0.1093268233,0.02742058619,True,False,True,0.102,0.038,0.348,True,True,True,True,False,True,results/plots/210330_Sample_C2_force_time.png,results/plots/210330_Sample_C2_force_extension.png
210330 MRC Sample C3.2Data.csv,30.03.2021,C,3,180.2,F,8wks,Tm1b Wt,28.52737959,-0.002204575708,False,0.005242495942,12.2689397,176.4836667,24462.39181,0.024462392,14,0.231,9.443066729,9.535714286,1.335,227.6906778,1.7578003,0.0365,788.46,0.186,0.511,0.8899916929,-6.125334169,181,7.405435524,8.787774317,118.2770584,True,True,True,0.03301481065,0.1227437799,0.0193373649,True,False,True,0.075,0.032,0.241,True,True,True,True,False,True,results/plots/210330_Sample_C3_force_time.png,results/plots/210330_Sample_C3_force_extension.png
210330 MRC Sample C3Data.csv,30.03.2021,C,3,180.2,F,8wks,Tm1b Wt,35.4569104,-0.00265885267,False,0.0115793142,28.12680291,176.4836667,24462.39181,0.024462392,14.001,0.118,4.823731056,8.442254125,1.182,128.9935512,0.8993396884,0.02992643383,787.28,0.165,0.419,0.6932955924,-3.020616279,159,8.586419438,8.791352452,72.81175527,True,True,True,0.04156170522,0.1248974136,0.02618356126,True,False,True,0.064,0.032,0.128,True,True,True,True,False,True,results/plots/210330_Sample_C3_force_time.png,results/plots/210330_Sample_C3_force_extension.png
210330 MRC Sample C4Data.csv,30.03.2021,C,4,180.2,F,8wks,Tm1b Wt,2.745334845,-0.001292511194,False,0.02509204364,28.02351612,143.5433333,16182.88453,0.016182885,14,0.236,14.58330823,7.064285714,0.989,501.7006482,4.63452592,0.02857142857,786.98,0.218,0.4,0.943724345,-9.684975649,180,43.63398961,12.34968149,63.29501163,True,True,True,0.03165282995,0.03630612958,0.01590431165,True,True,True,0.112,0.07,0.252,True,True,True,True,True,True,results/plots/210330_Sample_C4_force_time.png,results/plots/210330_Sample_C4_force_extension.png
210330 MRC Sample C5Data.csv,30.03.2021,C,5,180.2,F,8wks,Tm1b Wt,85.63348839,-0.008199851326,False,0.05089787721,63.83623815,151.0146667,17911.34249,0.017911342,14,0.327,18.25658848,11.47857143,1.607,351.2680951,8.374581871,0.06378571429,793.35,0.293,0.893,0.8863076786,-13.71230809,179,20.89138455,7.883327343,169.3170669,True,True,True,0.02325040802,0.07719295753,0.014226132,True,True,True,0.097,0.032,0.337,True,True,True,True,True,True,results/plots/210330_Sample_C5_force_time.png,results/plots/210330_Sample_C5_force_extension.png
210330 MRC Sample C6Data.csv,30.03.2021,C,6,180.2,F,8wks,Tm1b Wt,14.80361393,-0.0006990234771,False,0.001966165699,7.518108878,210.427,34777.05551,0.034777056,14,0.477,13.71593961,10.05714286,1.408,327.1695827,4.945789546,0.04342857143,789.7,0.31,0.608,0.9634399633,-9.487973113,179,7.674088411,2.084642686,102.5335428,True,False,True,0.04902015339,0.1116698949,0.009748505366,True,False,True,0.075,0.037,0.498,True,True,True,True,False,True,results/plots/210330_Sample_C6_force_time.png,results/plots/210330_Sample_C6_force_extension.png
210330 MRC Sample C7Data.csv,30.03.2021,C,7,180.2,F,8wks,Tm1b Wt,-56.15383237,0.003865101972,False,0.06456008355,50.91952482,148.529,17326.56194,0.017326562,14.001,0.257,14.83271754,5.435326048,0.761,640.9527886,1.558301064,0.02671237769,786.7,0.165,0.374,0.9566187491,-15.37334104,115,56.66044258,4.020198879,64.3562147,True,True,True,0.02442271566,0.07946404793,0.0178990858,True,True,True,0.161,0.059,0.273,True,True,True,True,True,True,results/plots/210330_Sample_C7_force_time.png,results/plots/210330_Sample_C7_force_extension.png
210330 MRC Sample C8Data.csv,30.03.2021,C,8,180.2,F,8wks,Tm1b Wt,46.57306858,-0.0298360595,False,0.02814439403,36.4616097,161.0143333,20361.93082,0.020361931,14.001,0.375,18.41672089,8.127990858,1.138,443.322459,5.25490436,0.0278551532,786.9,0.218,0.39,0.9464393123,-7.133752502,180,39.79066834,38.63629579,49.5278456,True,True,True,0.02588451887,0.03973676974,0.01823527233,True,True,True,0.187,0.123,0.385,True,True,True,True,True,True,results/plots/210330_Sample_C8_force_time.png,results/plots/210330_Sample_C8_force_extension.png
210330 MRC Sample C9Data.csv,30.03.2021,C,9,180.2,F,8wks,Tm1b Wt,20.44943074,-0.02063976231,False,0.1183636762,43.46852009,172.8653333,23469.6005,0.023469601,14,0.327,13.93291688,7.942857143,1.112,348.169851,7.541670606,0.02828571429,786.99,0.326,0.396,0.8690293398,-2.519836575,130,13.65085136,34.98939949,78.22236066,True,True,True,0.01689668259,0.03087373748,0.02140970423,True,True,True,0.3,0.156,0.375,True,True,True,True,True,True,results/plots/210330_Sample_C9_force_time.png,results/plots/210330_Sample_C9_force_extension.png
210407 MRC Sample A1Data.csv,07.04.2021,A,1,104.1,F,8wks,Tm1b Het,19.54655819,-0.01101068626,False,0.03232525118,44.8858375,125.5006667,12370.34885,0.012370349,14,0.237,19.15871573,9.435714286,1.321,439.3526783,2.101800038,0.02664285714,786.68,0.045,0.373,0.8093932793,-7.775652837,180,12.28865884,10.19362102,40.99623447,True,True,True,0.07813135347,0.09096149082,0.01793727878,True,False,True,0.068,0.063,0.264,True,True,True,True,False,True,results/plots/210407_Sample_A1_force_time.png,results/plots/210407_Sample_A1_force_extension.png
210407 MRC Sample A10Data.csv,07.04.2021,A,10,104.1,F,8wks,Tm1b Het,64.12245984,-0.02215668015,False,0.07586769247,62.39407469,129.085,13087.04029,0.01308704,14,0.074,5.654448982,5.1,0.714,203.4178711,2.445167127,0.039,788.9,0.029,0.546,0.3421469399,-5.796392199,102,5.665623132,15.98025,16.57572393,True,True,True,0.04145350852,0.07769112009,0.04385346902,True,True,True,0.09,0.058,0.095,True,True,True,True,True,True,results/plots/210407_Sample_A10_force_time.png,results/plots/210407_Sample_A10_force_extension.png
210407 MRC Sample A10bData.csv,07.04.2021,A,10,104.1,F,8wks,Tm1b Het,1.145594128,-0.0008385746269,False,0.02288795499,24.57414461,129.085,13087.04029,0.01308704,14.001,0.221,16.88693547,5.492464824,0.769,481.1877864,4.813922782,0.0254981787,786.47,0.05,0.357,0.819358215,-7.513986235,180,18.92453778,8.494614978,29.94072107,True,True,True,0.05638200338,0.05764368808,0.02397671975,True,True,True,0.095,0.079,0.232,True,True,True,True,True,True,results/plots/210407_Sample_A10_force_time.png,results/plots/210407_Sample_A10_force_extension.png
210407 MRC Sample A3Data.csv,07.04.2021,A,3,104.1,F,8wks,Tm1b Het,9.901238914,-0.004174759769,False,0.02412644894,36.10387115,137.4383333,14835.61796,0.014835618,14,0.201,13.54847503,7.785714286,1.09,398.5241892,3.235456723,0.02664285714,786.64,0.061,0.373,0.8587855295,-6.938525295,179,31.90288135,5.033548856,28.98371206,True,True,True,0.08165655141,0.08796415227,0.0181655898,False,False,True,0.074,0.069,0.238,True,True,True,False,False,True,results/plots/210407_Sample_A3_force_time.png,results/plots/210407_Sample_A3_force_extension.png
210407 MRC Sample A4Data.csv,07.04.2021,A,4,104.1,F,8wks,Tm1b Het,63.84744271,-0.01125505185,False,0.004418446751,13.24193881,155.272,18935.47376,0.018935474,14.001,0.163,8.608181659,8.927933719,1.25,234.6759438,3.591143269,0.04763945432,790.41,0.071,0.667,0.7871484178,-7.73740231,181,0.2288215881,4.070376554,67.72150113,False,True,True,0.07585218676,0.08747550717,0.022755433,True,False,True,0.053,0.047,0.184,True,True,True,True,False,True,results/plots/210407_Sample_A4_force_time.png,results/plots/210407_Sample_A4_force_extension.png
210407 MRC Sample A5Data.csv,07.04.2021,A,5,104.1,F,8wks,Tm1b Het,59.30020823,-0.0120212763,False,0.01596829036,26.97695153,158.514,19734.45476,0.019734455,14.001,0.406,20.57315492,15.9488608,2.233,260.3222888,6.384772217,0.05363902578,791.53,0.129,0.751,0.868456442,-7.092137223,181,2.376042238,18.31391602,98.677065,False,True,True,0.04687921279,0.08447422173,0.01327476432,True,False,True,0.074,0.058,0.427,True,True,True,True,False,True,results/plots/210407_Sample_A5_force_time.png,results/plots/210407_Sample_A5_force_extension.png
210407 MRC Sample A6Data.csv,07.04.2021,A,6,104.1,F,8wks,Tm1b Het,11.12059031,-0.02380958069,False,0.01907337445,15.69528636,96.62233333,7332.379313,0.007332379,14.001,0.253,34.50449029,6.570959217,0.92,723.7473811,9.273934149,0.01549889294,784.68,0.071,0.217,0.8367072236,-1.973362643,180,7.732554813,60.31834212,59.26880611,True,True,True,0.04004299743,0.04433299838,0.01624109536,True,True,True,0.116,0.105,0.274,True,True,True,True,True,True,results/plots/210407_Sample_A6_force_time.png,results/plots/210407_Sample_A6_force_extension.png
210407 MRC Sample A7Data.csv,07.04.2021,A,7,104.1,F,8wks,Tm1b Het,13.59907688,-0.01843927471,False,0.05634526437,29.30905828,113.4313333,10105.45692,0.010105457,14,0.163,16.12989892,4.092857143,0.573,535.3853891,4.650952451,0.01992857143,785.48,0.055,0.279,0.8378588768,-4.632951486,179,12.9181333,13.69310463,24.05374747,True,True,True,0.04181454411,0.03228328604,0.02144959538,True,True,True,0.132,0.121,0.195,True,True,True,True,True,True,results/plots/210407_Sample_A7_force_time.png,results/plots/210407_Sample_A7_force_extension.png
210407 MRC Sample A8Data.csv,07.04.2021,A,8,104.1,F,8wks,Tm1b Het,-2.619376208,0.0002482569638,False,0.01057390363,30.48544068,165.826,21597.08469,0.021597085,14.001,0.032,1.48168144,3.056924505,0.428,54.93766828,0.509327995,0.0184272552,785.17,0.008,0.258,0.4223359415,-0.5586240985,88,1.453447602,5.892386397,6.305878063,False,True,True,0.05795977652,0.07040618431,0.07376094353,True,True,True,0.063,0.058,0.053,True,True,True,True,True,True,results/plots/210407_Sample_A8_force_time.png,results/plots/210407_Sample_A8_force_extension.png
210407 MRC Sample A9Data.csv,07.04.2021,A,9,104.1,F,8wks,Tm1b Het,27.5499475,-0.001986117332,False,0.004139925067,10.40377524,153.95,18614.40967,0.01861441,14,0.027,1.450489164,5.457142857,0.764,29.68545615,0.3223309253,0.03864285714,788.84,0.003,0.541,0.3298911657,-0.760297022,97,0.8101675183,2.803974457,7.18766089,False,False,True,0.1079029785,0.1196307726,0.07927155043,False,False,True,0.032,0.027,0.048,True,True,True,False,False,True,results/plots/210407_Sample_A9_force_time.png,results/plots/210407_Sample_A9_force_extension.png
210407 MRC Sample B1Data.csv,07.04.2021,B,1,106.3,F,8wks,Tm1b Het,3.019686472,-0.002231882301,False,0.02372202484,30.91696922,109.6926667,9450.288579,0.009450289,14.001,0.316,33.43813083,11.08492251,1.552,561.1673768,9.946785754,0.04171130634,789.4,0.055,0.584,0.8192052706,-12.47326475,180,2.406067726,21.94305455,212.4973283,False,True,True,0.06211064732,0.06503324435,0.01667237629,True,True,True,0.058,0.047,0.316,True,True,True,True,True,True,results/plots/210407_Sample_B1_force_time.png,results/plots/210407_Sample_B1_force_extension.png
210407 MRC Sample B10Data.csv,07.04.2021,B,10,106.3,F,8wks,Tm1b Het,88.82625235,-0.02897950128,False,0.02564761156,21.3399109,90.14866667,6382.759738,0.00638276,14,0.395,61.88545394,15.48571429,2.168,838.9943693,26.32090193,0.09128571429,798.24,0.15,1.278,0.8428851765,-51.76706987,181,5.22212851,1.500633315,58.56934317,True,False,True,0.09558946232,0.1651100997,0.01338469528,False,False,True,0.063,0.037,0.406,True,True,True,False,False,True,results/plots/210407_Sample_B10_force_time.png,results/plots/210407_Sample_B10_force_extension.png
210407 MRC Sample B2Data.csv,07.04.2021,B,2,106.3,F,8wks,Tm1b Het,37.99966557,-0.08658680956,False,0.04743828263,18.51221832,73.79733333,4277.314846,0.004277315,14,0.226,52.83688482,8.528571429,1.194,1163.07618,14.72886612,0.02421428571,786.24,0.045,0.339,0.8044578215,-15.37023999,182,8.529346792,8.441568586,31.29296878,True,True,True,0.07265585927,0.06944804838,0.02290362146,True,True,True,0.074,0.074,0.237,True,True,True,True,True,True,results/plots/210407_Sample_B2_force_time.png,results/plots/210407_Sample_B2_force_extension.png
210407 MRC Sample B4Data.csv,07.04.2021,B,4,106.3,F,8wks,Tm1b Het,38.69984396,-0.04087594325,False,0.02203007569,18.53374282,133.6743333,14034.14421,0.014034144,14,0.337,24.01286463,12.37142857,1.732,392.6638524,6.341676414,0.03164285714,787.54,0.05,0.443,0.8334847801,-4.849592229,179,58.76184341,22.30388364,84.12754101,True,True,True,0.03491031963,0.04541855169,0.02191815843,True,True,True,0.106,0.111,0.364,True,True,True,True,True,True,results/plots/210407_Sample_B4_force_time.png,results/plots/210407_Sample_B4_force_extension.png
210407 MRC Sample B6Data.csv,07.04.2021,B,6,106.3,F,8wks,Tm1b Het,26.46845481,-0.03216926037,False,0.06812285045,39.53517797,116.057,10578.70634,0.010578706,14,0.116,10.96542432,4.3,0.602,474.6343714,1.03982472,0.01292857143,784.17,-0.039,0.181,0.6446028526,-5.119378256,120,11.539591,11.61090385,15.01560513,True,True,True,0.04867158468,0.04813156894,0.03997180232,True,True,True,0.116,0.1,0.137,True,True,True,True,True,True,results/plots/210407_Sample_B6_force_time.png,results/plots/210407_Sample_B6_force_extension.png
210407 MRC Sample B8Data.csv,07.04.2021,B,8,106.3,F,8wks,Tm1b Het,4.267448993,-0.00359159309,False,0.03614853705,29.55304405,182.1336667,26053.75609,0.026053756,14,0.374,14.354936,8.2,1.148,312.3730288,3.838218182,0.01728571429,784.96,0.061,0.242,0.9434491963,-1.919190185,181,108.1836092,95.01810785,255.1656771,True,True,True,0.01749389776,0.02304783056,0.01692031179,True,True,True,0.216,0.169,0.417,True,True,True,True,True,True,results/plots/210407_Sample_B8_force_time.png,results/plots/210407_Sample_B8_force_extension.png
210407 MRC Sample B9Data.csv,07.04.2021,B,9,106.3,F,8wks,Tm1b Het,7.823040891,-0.005748847192,False,0.0339794002,23.22220879,89.033,6225.753136,0.006225753,14,0.163,26.18157193,10.15714286,1.422,655.505697,12.68922811,0.05792857143,792.31,0.04,0.811,0.8077085286,-26.62366452,179,3.554317067,7.695348229,23.68247905,True,True,True,0.1153809689,0.1541372183,0.03148906233,False,False,True,0.048,0.036,0.163,True,True,True,False,False,True,results/plots/210407_Sample_B9_force_time.png,results/plots/210407_Sample_B9_force_extension.png
210407 MRC Sample C10Data.csv,07.04.2021,C,10,177.2,F,8wks,Tm1b Hom,23.34225861,-0.004076937934,False,0.007963184938,9.51021889,99.445,7767.04436,0.007767044,14,0.016,2.059985755,2,0.28,8.168798939e-14,0.6437455485,0.006428571429,783.05,-0.087,0.09,0.6,0.6437455485,110,1.737337781,1.595206031,2.868455764,False,False,False,0.0867498018,0.1126771165,0.1056848869,False,False,False,0.037,0.032,0.027,True,True,True,False,False,False,results/plots/210407_Sample_C10_force_time.png,results/plots/210407_Sample_C10_force_extension.png
210407 MRC Sample C2Data.csv,07.04.2021,C,2,177.2,F,8wks,Tm1b Hom,8.768503506,-0.006212285155,False,0.01485998829,15.50813717,129.5093333,13173.22218,0.013173222,14,0.258,19.58518577,10.07857143,1.411,412.4925648,8.805742437,0.03514285714,788.16,0.077,0.492,0.8286346312,-6.130231923,179,53.15900902,46.3445231,174.7655718,True,True,True,0.03730587184,0.05278158796,0.0186904712,True,True,True,0.095,0.09,0.28,True,True,True,True,True,True,results/plots/210407_Sample_C2_force_time.png,results/plots/210407_Sample_C2_force_extension.png
210407 MRC Sample C4Data.csv,07.04.2021,C,4,177.2,F,8wks,Tm1b Hom,1.453624651,-0.001268187213,False,0.06238571289,44.55548088,143.2556667,16118.08723,0.016118087,14,0.158,9.802652139,4.621428571,0.647,308.1389945,4.280905048,0.02064285714,785.56,0.077,0.289,0.7864014434,-2.563959917,180,10.70313963,58.96997013,39.3522841,True,True,True,0.03561811412,0.04839289368,0.0136036243,True,True,True,0.121,0.089,0.205,True,True,True,True,True,True,results/plots/210407_Sample_C4_force_time.png,results/plots/210407_Sample_C4_force_extension.png
210407 MRC Sample C5Data.csv,07.04.2021,C,5,177.2,F,8wks,Tm1b Hom,58.92513773,-0.006401364642,False,0.01473101532,41.33522316,165.2366667,21443.84859,0.021443849,14.001,0.058,2.704738314,7.999428612,1.12,65.92709951,0.7461347074,0.02485536747,786.32,-0.039,0.348,0.7855101607,-1.121420727,147,8.064681397,2.27574809,9.870703951,True,False,True,0.07974468326,0.147957427,0.05796569893,True,False,True,0.058,0.027,0.069,True,True,True,True,False,True,results/plots/210407_Sample_C5_force_time.png,results/plots/210407_Sample_C5_force_extension.png
210407 MRC Sample C6Data.csv,07.04.2021,C,6,177.2,F,8wks,Tm1b Hom,54.67740528,-0.01531828494,False,0.02922409023,63.63585538,140.4568,15494.42346,0.015494423,14.001,0.068,4.388675848,9.606456682,1.345,210.5126931,0.6453935071,0.02464109706,786.28,-0.029,0.345,0.6498468345,-4.12768367,136,11.48418182,18.0446941,39.78267617,True,True,True,0.04759613531,0.1056485663,0.07605771557,True,False,True,0.048,0.036,0.068,True,True,True,True,False,True,results/plots/210407_Sample_C6_force_time.png,results/plots/210407_Sample_C6_force_extension.png
210407 MRC Sample C7Data.csv,07.04.2021,C,7,177.2,F,8wks,Tm1b Hom,7.409032617e-12,-4.11707705e-16,False,0.01614463596,17.62533755,125.2983333,12330.49381,0.012330494,14,0.21,17.03094783,16.44285714,2.302,350.2020343,6.406880373,0.07342857143,795.08,0.04,1.028,0.8343103123,-20.08195054,181,16.76408486,1.379365963,77.86242347,True,False,True,0.05162857365,0.06574191707,0.02761150501,True,True,True,0.069,0.037,0.232,True,True,True,True,True,True,results/plots/210407_Sample_C7_force_time.png,results/plots/210407_Sample_C7_force_extension.png
210407 MRC Sample C8Data.csv,07.04.2021,C,8,177.2,F,8wks,Tm1b Hom,6.030555454,-0.001956806399,False,0.03055626248,41.59355708,156.496,19235.18486,0.019235185,14.001,0.158,8.214113875,20.77708735,2.909,290.1222792,4.36699725,0.05521034212,791.77,0.034,0.773,0.7361862772,-11.46152242,103,2.575116517,10.54805493,39.76483587,False,True,True,0.04832641408,0.07525426681,0.02273226192,True,True,True,0.074,0.063,0.169,True,True,True,True,True,True,results/plots/210407_Sample_C8_force_time.png,results/plots/210407_Sample_C8_force_extension.png
210407 MRC Sample C9Data.csv,07.04.2021,C,9,177.2,F,8wks,Tm1b Hom,24.99433461,-0.002504535908,False,0.007948844912,18.02604962,133.0625,13905.96842,0.013905968,14,0.047,3.37984382,7.985714286,1.118,73.96398045,1.510142983,0.07885714286,796.06,-0.071,1.104,0.3380993621,-4.268710087,54,2.623530701,2.806180581,6.969772287,False,False,True,0.1100192726,0.1102955936,0.06283646205,False,False,True,0.037,0.032,0.058,True,True,True,False,False,True,results/plots/210407_Sample_C9_force_time.png,results/plots/210407_Sample_C9_force_extension.png
210408 MRC Sample A1Data.csv,08.04.2021,A,1,107.1,F,8wks,Tm1b Het,9.911344485,-0.03089453092,False,0.08768917589,29.82015713,154.612,18774.84142,0.018774841,14.001,1.08,57.52378942,9.87072352,1.382,833.3095193,3.355554383,0.004071137776,782.62,0.13,0.057,0.9340410145,-0.2284377851,105,30.90892605,48.57895379,157.3208973,True,True,True,0.01261076421,0.01344747382,0.01840663801,True,True,True,0.358,0.374,1.17,True,True,True,True,True,True,results/plots/210408_Sample_A1_force_time.png,results/plots/210408_Sample_A1_force_extension.png
210408 MRC Sample A10Data.csv,08.04.2021,A,10,107.1,F,8wks,Tm1b Het,14.89888868,-0.01827776671,False,0.03322588521,25.20353179,116.2836667,10620.06847,0.010620068,14.001,0.184,17.32568944,6.56381687,0.919,447.3160401,9.886942343,0.03056924505,787.34,-0.044,0.428,0.7389484105,-4.468493358,121,8.440460382,10.65439237,23.34695413,True,True,True,0.06099439603,0.06649350161,0.02736810977,True,True,True,0.095,0.085,0.195,True,True,True,True,True,True,results/plots/210408_Sample_A10_force_time.png,results/plots/210408_Sample_A10_force_extension.png
210408 MRC Sample A2Data.csv,08.04.2021,A,2,107.1,F,8wks,Tm1b Het,46.95439897,-0.004795386063,False,0.002115609435,4.512447027,150.8093333,17862.66779,0.017862668,14.001,0.426,23.84862105,10.76351689,1.507,425.2481482,8.845263205,0.04999642883,790.83,0.162,0.7,0.921774124,-12.03771133,181,4.507792169,7.248264914,91.79180688,True,True,True,0.05080640019,0.06037474936,0.02307727249,True,True,True,0.069,0.057,0.442,True,True,True,True,True,True,results/plots/210408_Sample_A2_force_time.png,results/plots/210408_Sample_A2_force_extension.png
210408 MRC Sample A3Data.csv,08.04.2021,A,3,107.1,F,8wks,Tm1b Het,34.40902908,-0.03265541227,False,0.02450315617,33.94454408,165.8553333,21604.72607,0.021604726,14,1.069,49.47991472,11.54285714,1.616,671.8598464,15.13557728,0.04085714286,789.19,0.299,0.572,0.9711828855,-12.18221292,180,19.16402674,18.24048449,193.4388123,True,True,True,0.03561833769,0.03818384127,0.0220343871,True,True,True,0.163,0.147,1.074,True,True,True,True,True,True,results/plots/210408_Sample_A3_force_time.png,results/plots/210408_Sample_A3_force_extension.png
210408 MRC Sample A4Data.csv,08.04.2021,A,4,107.1,F,8wks,Tm1b Het,33.17065904,-0.05971803389,False,0.03642155769,32.36023552,121.0736667,11513.02033,0.01151302,14,0.484,42.03936065,8.935714286,1.251,711.0882044,14.15788386,0.03507142857,788.16,0.13,0.491,0.9548658337,-10.33245464,179,8.320291119,65.99065811,328.2496573,True,True,True,0.03434009727,0.03191907956,0.009321568084,True,True,True,0.11,0.132,0.484,True,True,True,True,True,True,results/plots/210408_Sample_A4_force_time.png,results/plots/210408_Sample_A4_force_extension.png
210408 MRC Sample A5Data.csv,08.04.2021,A,5,107.1,F,8wks,Tm1b Het,6.417643045,-0.005573179041,False,0.0191637351,24.77179693,153.5913333,18527.77646,0.018527776,14,0.753,40.64168306,10.95,1.533,548.7220263,8.52773695,0.02842857143,786.96,0.083,0.398,0.9302625303,-7.542425373,180,17.20041161,28.46471931,127.9853174,True,True,True,0.03020576686,0.0290886182,0.0285392026,True,True,True,0.158,0.142,0.774,True,True,True,True,True,True,results/plots/210408_Sample_A5_force_time.png,results/plots/210408_Sample_A5_force_extension.png
210408 MRC Sample A6Data.csv,08.04.2021,A,6,107.1,F,8wks,Tm1b Het,20.37279338,-0.04597539692,False,0.07577696383,39.12787536,83.30233333,5450.096776,0.005450097,14,0.231,42.38456673,10.67857143,1.495,827.4443106,11.55942729,0.03478571429,788.1,-0.033,0.487,0.7542762936,-15.24089552,178,9.068797962,9.911471152,33.18170999,True,True,True,0.07441395715,0.06120723173,0.02052314792,True,True,True,0.079,0.085,0.253,True,True,True,True,True,True,results/plots/210408_Sample_A6_force_time.png,results/plots/210408_Sample_A6_force_extension.png
210408 MRC Sample A7Data.csv,08.04.2021,A,7,107.1,F,8wks,Tm1b Het,9.78446853,-0.01547768669,False,0.03583073249,32.38777711,137.209,14786.14905,0.014786149,14.001,0.759,51.33182413,13.31333476,1.864,668.5832931,11.76776996,0.03249767874,787.73,0.056,0.455,0.9451981573,-9.773442078,181,14.87303592,72.0246393,548.3371642,True,True,True,0.02121142304,0.01822600244,0.0174247806,True,True,True,0.142,0.174,0.769,True,True,True,True,True,True,results/plots/210408_Sample_A7_force_time.png,results/plots/210408_Sample_A7_force_extension.png
210408 MRC Sample A8Data.csv,08.04.2021,A,8,107.1,F,8wks,Tm1b Het,4.935637729,-0.005068820713,False,0.001586443978,1.751027629,168.599,22325.43194,0.022325432,14.001,0.743,33.28043103,10.77780159,1.509,423.4842867,16.30427577,0.05306763803,791.43,0.262,0.743,0.9643518142,-6.143742879,180,28.68019517,27.35360083,107.9596059,True,True,True,0.02087553823,0.02424727573,0.02322554137,True,True,True,0.222,0.2,0.801,True,True,True,True,True,True,results/plots/210408_Sample_A8_force_time.png,results/plots/210408_Sample_A8_force_extension.png
210408 MRC Sample A9Data.csv,08.04.2021,A,9,107.1,F,8wks,Tm1b Het,10.94471688,-0.003710178926,False,0.02841397251,29.60989256,100.26,7894.875431,0.007894875,14,0.148,18.74633861,9.157142857,1.282,479.2971835,6.713215852,0.04278571429,789.54,-0.065,0.599,0.8413341709,-13.44811457,179,28.04438885,5.944798727,96.10719511,True,True,True,0.05488104931,0.1239036578,0.01931157497,True,False,True,0.058,0.037,0.169,True,True,True,True,False,True,results/plots/210408_Sample_A9_force_time.png,results/plots/210408_Sample_A9_force_extension.png
210408 MRC Sample B1Data.csv,08.04.2021,B,1,227.2,F,8wks,Tm1b Hom,0.6140396806,-0.0009389540491,False,0.04352809796,27.98092767,108.822,9300.863874,0.009300864,14.001,0.195,20.96579415,5.885293908,0.824,524.6921748,11.93437513,0.02728376545,786.8,-0.007,0.382,0.7662160766,-2.611337011,103,11.15803442,59.46881634,126.1150723,True,True,True,0.03162191631,0.02507302593,0.02658345955,True,True,True,0.095,0.1,0.237,True,True,True,True,True,True,results/plots/210408_Sample_B1_force_time.png,results/plots/210408_Sample_B1_force_extension.png
210408 MRC Sample B10Data.csv,08.04.2021,B,10,227.2,F,8wks,Tm1b Hom,11.57558463,-0.02192729138,False,0.08171415557,43.4180744,94.44766667,7006.035727,0.007006036,14,0.374,53.38254043,10.06428571,1.409,808.3440184,15.84348125,0.03364285714,787.89,-0.049,0.471,0.8779444616,-10.63002678,180,8.764980778,58.72068325,255.4924459,True,True,True,0.03500783182,0.04162732879,0.01357848575,True,True,True,0.09,0.085,0.374,True,True,True,True,True,True,results/plots/210408_Sample_B10_force_time.png,results/plots/210408_Sample_B10_force_extension.png
210408 MRC Sample B2Data.csv,08.04.2021,B,2,227.2,F,8wks,Tm1b Hom,26.4194871,-0.04030761738,False,0.05202686466,34.96493526,88.59833333,6165.112214,0.006165112,14.001,0.158,25.62808267,6.278122991,0.879,763.7794335,10.38099551,0.02421255625,786.2,-0.054,0.339,0.8714172755,-8.164881659,181,30.945036,40.25432815,103.5677737,True,True,True,0.04334024551,0.02989825401,0.0223526757,True,True,True,0.068,0.084,0.179,True,True,True,True,True,True,results/plots/210408_Sample_B2_force_time.png,results/plots/210408_Sample_B2_force_extension.png
210408 MRC Sample B3Data.csv,08.04.2021,B,3,227.2,F,8wks,Tm1b Hom,15.70672497,-0.05682143205,False,0.13435142,73.20816692,126.8586667,12639.50793,0.012639508,14.001,1.19,94.14923429,10.95636026,1.534,1131.136153,31.64680144,0.03456895936,788.06,0.293,0.484,0.9624709512,-6.930215983,181,39.27113984,36.70120396,188.1185746,True,True,True,0.01374016495,0.01724812363,0.01643880748,True,True,True,0.305,0.295,1.216,True,True,True,True,True,True,results/plots/210408_Sample_B3_force_time.png,results/plots/210408_Sample_B3_force_extension.png
210408 MRC Sample B4Data.csv,08.04.2021,B,4,227.2,F,8wks,Tm1b Hom,2.42669964,-0.002472000326,False,0.01802297959,28.83158927,159.698,20030.36374,0.020030364,14.001,0.459,22.91521013,7.213770445,1.01,414.3178953,8.686811683,0.02685522463,786.72,0.056,0.376,0.9229346986,-2.555673213,180,18.43960973,23.37513939,66.94712191,True,True,True,0.02662643572,0.02292013843,0.03420264722,True,True,True,0.168,0.174,0.501,True,True,True,True,True,True,results/plots/210408_Sample_B4_force_time.png,results/plots/210408_Sample_B4_force_extension.png
210408 MRC Sample B5Data.csv,08.04.2021,B,5,227.2,F,8wks,Tm1b Hom,10.94752067,-0.01508229707,False,0.01427337431,17.06362955,141.3276667,15687.15758,0.015687158,14,0.448,28.55839152,8.864285714,1.241,478.0629816,10.39066477,0.03142857143,787.5,0.056,0.44,0.9167175047,-4.626654191,182,100.9802951,29.18747799,62.78539119,True,True,True,0.02133653076,0.02121639869,0.02225819047,True,True,True,0.195,0.174,0.501,True,True,True,True,True,True,results/plots/210408_Sample_B5_force_time.png,results/plots/210408_Sample_B5_force_extension.png
210408 MRC Sample B6Data.csv,08.04.2021,B,6,227.2,F,8wks,Tm1b Hom,43.31200982,-0.06611890722,False,0.02877522397,28.70380924,102.9756667,8328.352647,0.008328353,14,0.279,33.50002095,13.85,1.939,512.0907731,13.92832412,0.05907142857,792.5,-0.033,0.827,0.8151483064,-14.98077718,180,14.6278172,50.42341019,38.39638312,True,True,True,0.03473380831,0.04643701456,0.02404751767,True,True,True,0.121,0.121,0.29,True,True,True,True,True,True,results/plots/210408_Sample_B6_force_time.png,results/plots/210408_Sample_B6_force_extension.png
210408 MRC Sample B7Data.csv,08.04.2021,B,7,227.2,F,8wks,Tm1b Hom,3.985859834,-0.001790940191,False,0.02248625095,23.27053054,121.7463333,11641.30484,0.011641305,14.001,0.126,10.82352881,10.09213628,1.413,254.6752522,4.982259291,0.03806870938,788.68,-0.096,0.533,0.712356396,-4.844509165,161,6.075607904,3.978859301,17.35693969,True,True,True,0.08841607653,0.09640980945,0.04000632534,False,False,True,0.064,0.048,0.132,True,True,True,False,False,True,results/plots/210408_Sample_B7_force_time.png,results/plots/210408_Sample_B7_force_extension.png
210408 MRC Sample B8Data.csv,08.04.2021,B,8,227.2,F,8wks,Tm1b Hom,30.86396577,-0.007621627688,False,0.008828144576,16.25911869,144.0266667,16292.04874,0.016292049,14.001,0.19,11.6621304,9.742161274,1.364,290.0186467,3.560018755,0.03171202057,787.55,-0.123,0.444,0.8196424151,-6.085803941,181,4.141886978,3.240140997,27.45567954,True,True,True,0.09045483724,0.08074976534,0.02358063939,False,False,True,0.069,0.063,0.211,True,True,True,False,False,True,results/plots/210408_Sample_B8_force_time.png,results/plots/210408_Sample_B8_force_extension.png
210408 MRC Sample B9Data.csv,08.04.2021,B,9,227.2,F,8wks,Tm1b Hom,7.032809016,-0.008000577467,False,0.03174028329,21.57671741,117.701,10880.53341,0.010880533,14.001,0.284,26.10166248,11.88486537,1.664,432.3879834,11.12077873,0.03592600529,788.3,-0.033,0.503,0.8220467435,-3.87436445,181,7.2651537,11.11822231,37.99825223,True,True,True,0.05255113404,0.05317051553,0.01550525641,True,True,True,0.106,0.09,0.29,True,True,True,True,True,True,results/plots/210408_Sample_B9_force_time.png,results/plots/210408_Sample_B9_force_extension.png
210408 MRC Sample C10Data.csv,08.04.2021,C,10,227.3,F,8wks,Tm1b Hom,17.47413008,-0.005226842752,False,0.01709994288,14.30524995,94.3475,6991.183076,0.006991183,14.001,0.042,6.00756696,2.92836226,0.41,250.8095099,0.8582238514,0.01542746947,784.67,-0.154,0.216,0.4763280292,-2.841206537,79,16.26803566,9.63132033,31.16816798,True,True,True,0.05418170529,0.1157823556,0.04925835095,True,False,True,0.058,0.037,0.052,True,True,True,True,False,True,results/plots/210408_Sample_C10_force_time.png,results/plots/210408_Sample_C10_force_extension.png
210408 MRC Sample C2Data.csv,08.04.2021,C,2,227.3,F,8wks,Tm1b Hom,40.64909171,-0.05945970642,False,0.111072948,49.01062695,101.549,8099.18247,0.008099182,14,0.174,21.48365107,24.46428571,3.425,511.1002356,9.136725166,0.03478571429,788.14,-0.065,0.487,0.7943530653,-8.15655162,178,4.95167936,10.24882562,26.15316195,True,True,True,0.06534061345,0.06786521543,0.02311805817,True,True,True,0.09,0.085,0.195,True,True,True,True,True,True,results/plots/210408_Sample_C2_force_time.png,results/plots/210408_Sample_C2_force_extension.png
210408 MRC Sample C3Data.csv,08.04.2021,C,3,227.3,F,8wks,Tm1b Hom,23.94696455,-0.003274444976,False,0.0499988061,57.49127101,135.4073333,14400.38992,0.01440039,14,0.337,23.40214397,15.78571429,2.21,308.8096757,9.16641841,0.09292857143,798.59,-0.028,1.301,0.7836739388,-19.05739101,181,9.962309558,8.554332945,233.9425289,True,True,True,0.03803269926,0.1544241949,0.01347912624,True,False,True,0.085,0.027,0.337,True,True,True,True,False,True,results/plots/210408_Sample_C3_force_time.png,results/plots/210408_Sample_C3_force_extension.png
210408 MRC Sample C4Data.csv,08.04.2021,C,4,227.3,F,8wks,Tm1b Hom,63.43949368,-0.01453962387,False,0.02094798545,70.61399981,125.3386667,12338.43344,0.012338433,14,0.158,12.8055159,10.70714286,1.499,306.71465,5.592282261,0.06528571429,793.62,-0.091,0.914,0.7899679122,-14.78631866,179,6.845462901,8.170520669,102.4291314,True,True,True,0.06707855261,0.1702337229,0.02626649754,True,False,True,0.042,0.021,0.158,True,True,True,True,False,True,results/plots/210408_Sample_C4_force_time.png,results/plots/210408_Sample_C4_force_extension.png
210408 MRC Sample C6Data.csv,08.04.2021,C,6,227.3,F,8wks,Tm1b Hom,7.503687585e-12,-4.403884664e-15,False,0.03302608743,24.28377494,101.2553333,8052.406607,0.008052407,14.001,0.079,9.810731127,7.642311263,1.07,309.671612,4.594899388,0.01949860724,785.4,-0.165,0.273,0.5487432571,-2.324658121,176,7.715895613,3.89651766,7.578188551,True,True,True,0.09035112777,0.0993845131,0.05998087214,False,False,True,0.063,0.048,0.079,True,True,True,False,False,True,results/plots/210408_Sample_C6_force_time.png,results/plots/210408_Sample_C6_force_extension.png
210408 MRC Sample C7Data.csv,08.04.2021,C,7,227.3,F,8wks,Tm1b Hom,95.76488627,-0.0317982052,False,0.01331857452,23.71270564,137.515,14852.17397,0.014852174,14,0.116,7.810304404,9.785714286,1.37,301.7904874,4.241803254,0.0485,790.57,-0.128,0.679,0.7179659508,-10.07968793,68,2.957836475,4.587270774,15.35788751,False,True,True,0.09453694323,0.1547147062,0.03987311419,False,False,True,0.063,0.042,0.127,True,True,True,False,False,True,results/plots/210408_Sample_C7_force_time.png,results/plots/210408_Sample_C7_force_extension.png
210408 MRC Sample C8Data.csv,08.04.2021,C,8,227.3,F,8wks,Tm1b Hom,100,-0.0232687338,True,0.05834548958,46.77531613,103.6176667,8432.522299,0.008432522,14.001,0.095,11.26590598,28.80508535,4.033,465.6532253,4.980716327,0.04906792372,790.66,-0.128,0.687,0.7942900755,-18.58780721,180,2.03397872,2.418796062,20.32503885,False,False,True,0.09291282591,0.1196488184,0.03186868009,False,False,True,0.053,0.048,0.127,True,True,True,False,False,True,results/plots/210408_Sample_C8_force_time.png,results/plots/210408_Sample_C8_force_extension.png
210408 MRC Sample C9Data.csv,08.04.2021,C,9,227.3,F,8wks,Tm1b Hom,30.10474048,-0.01950171546,False,0.03106831154,29.04359758,104.823,8629.846107,0.008629846,14,0.09,10.42892307,4.514285714,0.632,319.2996685,2.433415382,0.013,784.18,-0.165,0.182,0.7411994026,-2.03169061,159,4.005645799,8.863718615,17.01125725,True,True,True,0.07993761733,0.07082463357,0.04749546566,True,True,True,0.069,0.063,0.106,True,True,True,True,True,True,results/plots/210408_Sample_C9_force_time.png,results/plots/210408_Sample_C9_force_extension.png
210409 MRC Sample A1Data.csv,09.04.2021,A,1,175.1,F,8wks,Tm1b Wt,4.394314816,-0.01079397058,False,0.07945960806,44.48050977,128.4556667,12959.74381,0.012959744,14,0.905,69.8316263,10.13571429,1.419,847.7178923,3.703776865,0.005428571429,782.88,0.184,0.076,0.9129367232,-0.6596928402,91,26.82715846,40.01957929,137.365528,True,True,True,0.02258352127,0.01861694034,0.01567785165,True,True,True,0.22,0.256,0.936,True,True,True,True,True,True,results/plots/210409_Sample_A1_force_time.png,results/plots/210409_Sample_A1_force_extension.png
210409 MRC Sample A2Data.csv,09.04.2021,A,2,175.1,F,8wks,Tm1b Wt,15.70643396,-0.02964143564,False,0.05957541486,30.27030087,89.829,6337.573534,0.006337574,14,0.387,61.06437574,9.771428571,1.368,897.6178453,20.512581,0.03792857143,788.71,0.272,0.531,0.8779704934,-13.41863344,181,8.005067076,10.81758407,57.66525117,True,True,True,0.05363056912,0.05073443534,0.02070572541,True,True,True,0.11,0.11,0.419,True,True,True,True,True,True,results/plots/210409_Sample_A2_force_time.png,results/plots/210409_Sample_A2_force_extension.png
210409 MRC Sample A3Data.csv,09.04.2021,A,3,175.1,F,8wks,Tm1b Wt,0.5622578221,-0.0005335340059,False,0.03270608971,25.48892934,194.5676667,29732.48599,0.029732486,14,0.507,17.05205545,10.83571429,1.517,332.8402152,8.273778385,0.03092857143,787.45,0.367,0.433,0.9631653618,-1.903348065,179,19.44002254,88.90901525,82.19358055,True,True,True,0.01898246802,0.02223578286,0.02907973259,True,True,True,0.24,0.209,0.512,True,True,True,True,True,True,results/plots/210409_Sample_A3_force_time.png,results/plots/210409_Sample_A3_force_extension.png
210409 MRC Sample A4Data.csv,09.04.2021,A,4,175.1,F,8wks,Tm1b Wt,22.73719081,-0.01911805285,False,0.02370215603,36.18633985,180.3016667,25532.26622,0.025532266,14.001,0.236,9.243206224,3.749732162,0.525,276.8433039,2.663296709,0.0139275766,784.4,0.199,0.195,0.8916497632,-1.201821019,181,23.40419821,15.64495835,30.73477995,True,True,True,0.03366269325,0.03367379159,0.01997409355,True,True,True,0.172,0.162,0.251,True,True,True,True,True,True,results/plots/210409_Sample_A4_force_time.png,results/plots/210409_Sample_A4_force_extension.png
210409 MRC Sample A5Data.csv,09.04.2021,A,5,175.1,F,8wks,Tm1b Wt,14.28486861,-0.03742359504,False,0.06434822464,33.82203458,135.9643333,14519.10601,0.014519106,14.001,0.847,58.33692515,8.699378616,1.218,888.8281994,21.97104973,0.03335476037,787.84,0.466,0.467,0.9708337819,-7.855728814,181,25.45818313,35.09690987,106.5750371,True,True,True,0.02236871725,0.02458516807,0.01762870781,True,True,True,0.257,0.251,0.878,True,True,True,True,True,True,results/plots/210409_Sample_A5_force_time.png,results/plots/210409_Sample_A5_force_extension.png
210409 MRC Sample A6Data.csv,09.04.2021,A,6,175.1,F,8wks,Tm1b Wt,15.04911872,-0.0245986138,False,0.04780688335,42.07677693,176.869,24569.33048,0.02456933,14,0.826,33.61915038,7.685714286,1.076,524.5137779,19.37374768,0.0445,789.89,0.602,0.623,0.935540561,-4.076818128,129,27.28791259,47.62768052,226.4777596,True,True,True,0.02245236899,0.01952197825,0.02663015353,True,True,True,0.251,0.266,0.842,True,True,True,True,True,True,results/plots/210409_Sample_A6_force_time.png,results/plots/210409_Sample_A6_force_extension.png
210409 MRC Sample A7Data.csv,09.04.2021,A,7,175.1,F,8wks,Tm1b Wt,-1.416313506,0.00451773688,False,0.06184814978,23.10466419,114.6273333,10319.68069,0.010319681,14,0.643,62.30812755,7.471428571,1.046,1084.394726,23.83794615,0.03078571429,787.42,0.388,0.431,0.9682101031,-10.14598571,179,19.91025181,37.79523242,92.11743268,True,True,True,0.02160295119,0.02179185271,0.02678443942,True,True,True,0.24,0.245,0.675,True,True,True,True,True,True,results/plots/210409_Sample_A7_force_time.png,results/plots/210409_Sample_A7_force_extension.png
210409 MRC Sample A8Data.csv,09.04.2021,A,8,175.1,F,8wks,Tm1b Wt,16.89115517,-0.04120964476,False,0.07844277802,28.19208244,132.534,13795.72385,0.013795724,14.001,0.858,62.19318392,12.17770159,1.705,719.9129264,8.770833629,0.01178487251,784.01,0.278,0.165,0.9570681265,-0.1654442662,180,109.5532501,28.55366776,634.4547289,True,True,True,0.01827418854,0.02092849109,0.02628452182,True,True,True,0.251,0.251,0.905,True,True,True,True,True,True,results/plots/210409_Sample_A8_force_time.png,results/plots/210409_Sample_A8_force_extension.png
210409 MRC Sample A9Data.csv,09.04.2021,A,9,175.1,F,8wks,Tm1b Wt,18.10615273,-0.07245909444,False,0.07212935292,23.72311012,106.0523333,8833.44964,0.00883345,14.001,1.041,117.8475001,10.3849725,1.454,1425.142193,55.13134732,0.04499678594,789.93,0.618,0.63,0.9588872242,-10.89305387,181,109.236362,55.83048501,127.3208065,True,True,True,0.02048655302,0.02065662408,0.01454156131,True,True,True,0.262,0.272,1.077,True,True,True,True,True,True,results/plots/210409_Sample_A9_force_time.png,results/plots/210409_Sample_A9_force_extension.png
210409 MRC Sample B1Data.csv,09.04.2021,B,1,107.3,F,8wks,Tm1b Het,17.78045784,-0.04941549483,False,0.01914523073,19.09447246,136.457,14624.51659,0.014624517,14.001,1.182,80.82318206,11.53489036,1.615,996.6051963,35.07808155,0.04956788801,790.8,0.639,0.694,0.9687390879,-13.52279002,181,27.03817647,33.9806712,170.8526308,True,True,True,0.02141486897,0.02118046471,0.03419995584,True,True,True,0.245,0.251,1.187,True,True,True,True,True,True,results/plots/210409_Sample_B1_force_time.png,results/plots/210409_Sample_B1_force_extension.png
210409 MRC Sample B10Data.csv,09.04.2021,B,10,107.3,F,8wks,Tm1b Het,12.33698576,-0.008822947106,False,0.02699747485,39.34611868,128.483,12965.25965,0.01296526,14.001,0.329,25.37550346,10.21355617,1.43,423.0886129,6.401722758,0.03056924505,787.34,0.199,0.428,0.8348167978,-7.276120813,181,8.228684286,37.40179714,224.2017071,True,True,True,0.04711003038,0.0598497894,0.01476088807,True,True,True,0.074,0.074,0.335,True,True,True,True,True,True,results/plots/210409_Sample_B10_force_time.png,results/plots/210409_Sample_B10_force_extension.png
210409 MRC Sample B2Data.csv,09.04.2021,B,2,107.3,F,8wks,Tm1b Het,23.23939645,-0.06417443021,False,0.04721061766,22.52688163,103.4416667,8403.900471,0.0084039,14.001,0.701,83.41365318,12.42768374,1.74,971.1006011,29.86708552,0.04185415327,789.37,0.377,0.586,0.9223579877,-10.9803226,181,16.36113042,38.34931358,105.7962074,True,True,True,0.03383904534,0.03533598229,0.02134575151,True,True,True,0.162,0.162,0.711,True,True,True,True,True,True,results/plots/210409_Sample_B2_force_time.png,results/plots/210409_Sample_B2_force_extension.png
210409 MRC Sample B3Data.csv,09.04.2021,B,3,107.3,F,8wks,Tm1b Het,3.006062426,-0.006825196296,False,0.01055724277,5.549703966,99.17233333,7724.51008,0.00772451,14,0.45,58.25612239,9.135714286,1.279,808.5099088,20.32491381,0.03092857143,787.45,0.283,0.433,0.9143494006,-3.425746018,181,16.31536404,20.25457983,61.7550633,True,True,True,0.04239662329,0.03261188557,0.02513623455,True,True,True,0.13,0.13,0.46,True,True,True,True,True,True,results/plots/210409_Sample_B3_force_time.png,results/plots/210409_Sample_B3_force_extension.png
210409 MRC Sample B4Data.csv,09.04.2021,B,4,107.3,F,8wks,Tm1b Het,7.615727225,-0.01093251798,False,0.01397384586,14.170287,144.2723333,16347.67491,0.016347675,14.001,0.847,51.81164906,13.84186844,1.938,560.8823307,20.125186,0.04842511249,790.6,0.476,0.678,0.9495845382,-6.913818927,181,19.34121643,45.89834638,104.325054,True,True,True,0.02812529564,0.02849231477,0.03106897411,True,True,True,0.193,0.172,0.889,True,True,True,True,True,True,results/plots/210409_Sample_B4_force_time.png,results/plots/210409_Sample_B4_force_extension.png
210409 MRC Sample B5Data.csv,09.04.2021,B,5,107.3,F,8wks,Tm1b Het,6.177959122,-0.01765283873,False,0.005249317005,2.027158139,115.425,10463.80524,0.010463805,14,0.916,87.53985763,12.09285714,1.693,1068.526468,28.57469152,0.03671428571,788.49,0.456,0.514,0.9495432161,-10.08292284,180,26.13131375,127.9691844,668.3527662,True,True,True,0.01699026049,0.0168466509,0.02981832719,True,True,True,0.245,0.235,0.963,True,True,True,True,True,True,results/plots/210409_Sample_B5_force_time.png,results/plots/210409_Sample_B5_force_extension.png
210409 MRC Sample B6Data.csv,09.04.2021,B,6,107.3,F,8wks,Tm1b Het,7.44661572e-12,-1.779317434e-14,False,0.04702957169,17.71279604,95.87433333,7219.29179,0.007219292,14,0.523,72.44477713,14.40714286,2.017,831.6670405,19.5310011,0.02678571429,786.7,0.272,0.375,0.9037373731,-4.717964429,181,11.70292196,12.65795355,81.55794833,True,True,True,0.0379202188,0.03306800388,0.02646077715,True,True,True,0.136,0.136,0.538,True,True,True,True,True,True,results/plots/210409_Sample_B6_force_time.png,results/plots/210409_Sample_B6_force_extension.png
210409 MRC Sample B7Data.csv,09.04.2021,B,7,107.3,F,8wks,Tm1b Het,22.69493942,-0.04038318309,False,0.01635416967,16.93897524,149.043,17446.69017,0.01744669,14,1.109,63.56506592,14.22142857,1.991,673.9217745,14.73058787,0.03314285714,787.8,0.388,0.464,0.9535230707,-8.06352593,179,23.21191112,26.25034696,153.7279087,True,True,True,0.02811783997,0.02620027069,0.01858995579,True,True,True,0.209,0.224,1.13,True,True,True,True,True,True,results/plots/210409_Sample_B7_force_time.png,results/plots/210409_Sample_B7_force_extension.png
210409 MRC Sample B8Data.csv,09.04.2021,B,8,107.3,F,8wks,Tm1b Het,17.79940039,-0.04824301172,False,0.05183511454,26.97356384,116.4433333,10649.25287,0.010649253,14,0.9,84.51297006,12.25,1.715,1087.137123,30.98808902,0.04171428571,789.39,0.466,0.584,0.9642728753,-14.32543412,180,20.39837873,22.71958824,140.5473605,True,True,True,0.02859682381,0.02740541917,0.0327634883,True,True,True,0.209,0.204,0.92,True,True,True,True,True,True,results/plots/210409_Sample_B8_force_time.png,results/plots/210409_Sample_B8_force_extension.png
210409 MRC Sample B9Data.csv,09.04.2021,B,9,107.3,F,8wks,Tm1b Het,5.325947979,-0.01413843431,False,0.03062489952,13.09405234,105.5033333,8742.230308,0.00874223,14.001,0.722,82.58762352,12.27769445,1.719,973.7560984,26.30907675,0.0370687808,788.51,0.372,0.519,0.9380295743,-9.658103862,181,17.49111932,28.76905862,107.7810569,True,True,True,0.02669554661,0.02952107229,0.03214471434,True,True,True,0.204,0.167,0.754,True,True,True,True,True,True,results/plots/210409_Sample_B9_force_time.png,results/plots/210409_Sample_B9_force_extension.png
210409 MRC Sample C1Data.csv,09.04.2021,C,1,227.4,F,8wks,Tm1b Hom,27.95000019,-0.003567566337,False,0.005541820957,9.337044471,104.2863333,8541.707142,0.008541707,14.001,0.22,25.75597594,9.477894436,1.327,637.6046951,7.375574929,0.04271123491,789.52,0.194,0.598,0.8300206221,-20.91589495,182,1.60479873,1.190133987,35.2652706,False,False,True,0.1621742145,0.18569691,0.02418398964,False,False,True,0.041,0.036,0.23,True,True,True,False,False,True,results/plots/210409_Sample_C1_force_time.png,results/plots/210409_Sample_C1_force_extension.png
210409 MRC Sample C10Data.csv,09.04.2021,C,10,227.4,F,8wks,Tm1b Hom,19.53403387,-0.02299051107,False,0.01925259212,14.98306878,102.979,8328.891829,0.008328892,14,0.345,41.42207631,14.62857143,2.048,573.7972736,11.28601499,0.041,789.26,0.241,0.574,0.8436366398,-11.06425705,180,4.903779937,8.107244773,54.67557467,True,True,True,0.06765531306,0.06387812875,0.02994221912,True,True,True,0.083,0.083,0.376,True,True,True,True,True,True,results/plots/210409_Sample_C10_force_time.png,results/plots/210409_Sample_C10_force_extension.png
210409 MRC Sample C3Data.csv,09.04.2021,C,3,227.4,F,8wks,Tm1b Hom,7.544154363,-0.01213397549,False,0.04672900248,29.96975676,160.9443333,20344.23022,0.02034423,14,0.722,35.48917801,10.34285714,1.448,541.8053082,12.33765053,0.03314285714,787.8,0.393,0.464,0.9514545625,-5.822827588,180,83.06140012,35.72250244,172.7779167,True,True,True,0.02709751902,0.02752183086,0.02290247924,True,True,True,0.209,0.209,0.743,True,True,True,True,True,True,results/plots/210409_Sample_C3_force_time.png,results/plots/210409_Sample_C3_force_extension.png
210409 MRC Sample C4Data.csv,09.04.2021,C,4,227.4,F,8wks,Tm1b Hom,7.473858689e-12,-1.561713721e-15,False,0.02803016761,29.95276925,111.0046667,9677.704467,0.009677704,14.001,0.062,6.406478231,5.299621456,0.742,155.0888591,0.5166514702,0.01764159703,785.06,0.147,0.247,0.5840686819,-1.853553454,82,3.847089047,2.591136694,9.668805899,True,False,True,0.09768100204,0.09198955117,0.06392508699,False,False,True,0.052,0.047,0.088,True,True,True,False,False,True,results/plots/210409_Sample_C4_force_time.png,results/plots/210409_Sample_C4_force_extension.png
210409 MRC Sample C5Data.csv,09.04.2021,C,5,227.4,F,8wks,Tm1b Hom,36.54633367,-0.01502789665,False,0.01548699388,16.39818594,107.0593333,9001.998794,0.009001999,14.001,0.131,14.55232332,5.78530105,0.81,519.5320857,2.888247377,0.02885508178,787.08,0.173,0.404,0.7779825636,-11.19046732,181,3.486809452,4.539131711,26.07591468,True,True,True,0.07770722529,0.08075930536,0.02743271658,True,False,True,0.062,0.062,0.162,True,True,True,True,False,True,results/plots/210409_Sample_C5_force_time.png,results/plots/210409_Sample_C5_force_extension.png
210409 MRC Sample C7Data.csv,09.04.2021,C,7,227.4,F,8wks,Tm1b Hom,50.27010649,-0.04942165538,False,0.03252508265,29.40551397,110.3326667,9560.885374,0.009560885,14,0.309,32.31918384,9.764285714,1.367,580.3526468,6.066384022,0.0245,786.3,0.194,0.343,0.8534736387,-9.035375586,181,6.808628739,9.500562901,39.94389013,True,True,True,0.0732957357,0.07480917084,0.01915387853,True,True,True,0.083,0.083,0.324,True,True,True,True,True,True,results/plots/210409_Sample_C7_force_time.png,results/plots/210409_Sample_C7_force_extension.png
210409 MRC Sample C8Data.csv,09.04.2021,C,8,227.4,F,8wks,Tm1b Hom,14.19910107,-0.006694305911,False,0.03137874376,26.5442076,109.0726667,9343.761486,0.009343761,14,0.246,26.3277282,10.6,1.484,509.2605587,5.030094413,0.02657142857,786.62,0.194,0.372,0.8606162319,-8.904471353,170,10.33316518,6.132094343,59.80997929,True,True,True,0.06432930312,0.08210924072,0.01824597976,True,False,True,0.083,0.068,0.272,True,True,True,True,False,True,results/plots/210409_Sample_C8_force_time.png,results/plots/210409_Sample_C8_force_extension.png
210409 MRC Sample C9Data.csv,09.04.2021,C,9,227.4,F,8wks,Tm1b Hom,29.24492267,-0.01585994688,False,0.01168129555,12.91919142,105.4823333,8738.750445,0.00873875,14.001,0.189,21.62780718,6.856653096,0.96,614.4497153,6.064940638,0.02821227055,786.91,0.189,0.395,0.8118132935,-11.58484996,181,3.24126599,3.792166271,24.80368347,True,True,True,0.092724075,0.09675693485,0.02928096968,False,False,True,0.068,0.062,0.204,True,True,True,False,False,True,results/plots/210409_Sample_C9_force_time.png,results/plots/210409_Sample_C9_force_extension.png
210412 MRC Sample A1Data.csv,12.04.2021,A,1,106.1,F,8wks,oim Wt,25.16073071,-0.02987156579,False,0.08356366948,37.33841312,111.659,9792.134035,0.009792134,14,0.226,23.07974952,10.67142857,1.494,536.8609626,5.923121559,0.01921428571,785.34,0.041,0.269,0.8373173986,-4.386172594,182,17.58125697,10.21550836,35.53635156,True,True,True,0.04123739081,0.04805279987,0.02359190244,True,True,True,0.131,0.105,0.236,True,True,True,True,True,True,results/plots/210412_Sample_A1_force_time.png,results/plots/210412_Sample_A1_force_extension.png
210412 MRC Sample A10Data.csv,12.04.2021,A,10,106.1,F,8wks,oim Wt,12.19994074,-0.002275696061,False,-0.0002519882603,-0.8069778543,154.2873333,18696.07437,0.018696074,14.001,0.026,1.390666297,0.9499321477,0.133,26.13433306,0.2674358264,0,781.43,-0.012,0,0.0844877965,0.334155772,65,2.166639225,3.795577463,3.941720243,False,True,True,0.1326467412,0.179445218,0.1650911197,False,False,False,0.047,0.036,0.036,True,True,True,False,False,False,results/plots/210412_Sample_A10_force_time.png,results/plots/210412_Sample_A10_force_extension.png
210412 MRC Sample A2Data.csv,12.04.2021,A,2,106.1,F,8wks,oim Wt,47.97544757,-0.03978997468,False,0.04555867572,28.22425309,89.809,6334.751787,0.006334752,14,0.121,19.10098454,7.171428571,1.004,1212.518245,10.89229697,0.031,787.46,0.052,0.434,0.6667114746,-25.3551883,64,7.965451467,3.967791441,14.99423412,True,True,True,0.07207858469,0.08124156719,0.04266559056,True,False,True,0.084,0.063,0.126,True,True,True,True,False,True,results/plots/210412_Sample_A2_force_time.png,results/plots/210412_Sample_A2_force_extension.png
210412 MRC Sample A3Data.csv,12.04.2021,A,3,106.1,F,8wks,oim Wt,56.54878457,-0.08999978726,False,0.05893677551,26.34714761,88.22466667,6113.218711,0.006113219,14.001,0.179,29.28080934,11.55631741,1.618,779.1320129,9.487636546,0.02406970931,786.18,0.057,0.337,0.7968216159,-11.13939767,181,8.770031101,8.862682025,19.749025,True,True,True,0.05253149512,0.07081186252,0.0306513458,True,True,True,0.105,0.084,0.2,True,True,True,True,True,True,results/plots/210412_Sample_A3_force_time.png,results/plots/210412_Sample_A3_force_extension.png
210412 MRC Sample A4Data.csv,12.04.2021,A,4,106.1,F,8wks,oim Wt,15.59050043,-0.01884664385,False,0.05894331896,40.66584612,146.8063333,16926.97936,0.016926979,14.001,0.395,23.33552845,9.5636026,1.339,613.5849168,7.798201912,0.02656953075,786.67,0.136,0.372,0.9705539467,-8.720788172,181,17.54444993,22.29258945,43.79794871,True,True,True,0.03538455904,0.03428337216,0.01708019492,True,True,True,0.173,0.163,0.426,True,True,True,True,True,True,results/plots/210412_Sample_A4_force_time.png,results/plots/210412_Sample_A4_force_extension.png
210412 MRC Sample A5Data.csv,12.04.2021,A,5,106.1,F,8wks,oim Wt,41.41565695,-0.04544356209,False,0.03648082017,33.49919315,124.3303333,12140.70977,0.01214071,14,0.2,16.47350114,7.664285714,1.073,424.8555201,5.189152858,0.023,785.99,0.041,0.322,0.7948835858,-4.586594295,180,9.769385256,16.50654318,54.76555228,True,True,True,0.04269202701,0.0622954983,0.01611731655,True,True,True,0.105,0.084,0.211,True,True,True,True,True,True,results/plots/210412_Sample_A5_force_time.png,results/plots/210412_Sample_A5_force_extension.png
210412 MRC Sample A6Data.csv,12.04.2021,A,6,106.1,F,8wks,oim Wt,18.43477556,-0.02903442199,False,0.2330707156,75.12722335,120.5673333,11416.92615,0.011416926,14,0.31,27.15266789,31.65,4.431,866.3740201,8.758925126,0.02335714286,786.09,0.073,0.327,0.9303736514,-11.28941513,181,8.531500452,33.82631356,77.33846222,True,True,True,0.02337002623,0.04364716587,0.01640342635,True,True,True,0.169,0.121,0.31,True,True,True,True,True,True,results/plots/210412_Sample_A6_force_time.png,results/plots/210412_Sample_A6_force_extension.png
210412 MRC Sample A8Data.csv,12.04.2021,A,8,106.1,F,8wks,oim Wt,45.82244188,-0.02075452774,False,0.01997740572,19.87764754,106.6613333,8935.192178,0.008935192,14,0.09,10.07253118,4.757142857,0.666,541.1181455,3.021759353,0.02842857143,787,0.036,0.398,0.7917986366,-12.108592,180,5.057933087,4.024239885,13.44066846,True,True,True,0.08241193976,0.07857118164,0.04916976824,False,True,True,0.073,0.063,0.126,True,True,True,False,True,True,results/plots/210412_Sample_A8_force_time.png,results/plots/210412_Sample_A8_force_extension.png
210412 MRC Sample A9Data.csv,12.04.2021,A,9,106.1,F,8wks,oim Wt,28.76824468,-0.0971034494,False,0.2084509609,40.85648294,127.8223333,12832.26629,0.012832266,14.001,0.684,53.30313446,9.627883723,1.348,992.1004123,25.01506749,0.02921219913,787.11,0.32,0.409,0.9774033882,-3.608999305,180,23.10638183,56.43352317,104.9600009,True,True,True,0.01213404307,0.0187885004,0.01248059261,True,True,True,0.368,0.294,0.71,True,True,True,True,True,True,results/plots/210412_Sample_A9_force_time.png,results/plots/210412_Sample_A9_force_extension.png
210412 MRC Sample B1Data.csv,12.04.2021,B,1,114.1,F,8wks,oim Het,39.52947642,-0.02917190969,False,0.02220336663,13.92110161,91.07833333,6515.08417,0.006515084,14.001,0.21,32.23289216,10.89922148,1.526,693.970059,7.214028246,0.02921219913,787.14,0.046,0.409,0.8376724084,-13.79281481,180,6.206702281,4.092550604,28.04157673,True,True,True,0.07223312969,0.08720916311,0.02950128381,True,False,True,0.084,0.063,0.231,True,True,True,True,False,True,results/plots/210412_Sample_B1_force_time.png,results/plots/210412_Sample_B1_force_extension.png
210412 MRC Sample B2Data.csv,12.04.2021,B,2,114.1,F,8wks,oim Het,6.941271857,-0.004095085751,False,0.02629406514,18.69493513,93.38933333,6849.903159,0.006849903,14,0.258,37.66476693,10.69285714,1.497,659.9028555,2.3357995,0.0235,786.12,0.025,0.329,0.7026280508,-11.98172826,112,8.024381362,3.48025688,33.89277214,True,True,True,0.07204511341,0.09098786826,0.02329971546,True,False,True,0.084,0.068,0.294,True,True,True,True,False,True,results/plots/210412_Sample_B2_force_time.png,results/plots/210412_Sample_B2_force_extension.png
210412 MRC Sample B4Data.csv,12.04.2021,B,4,114.1,F,8wks,oim Het,50.17446288,-0.01526158382,False,0.005922836209,8.987081514,128.8663333,13042.73962,0.01304274,14,0.131,10.04390182,15.28571429,2.14,383.2356431,5.596983456,0.1037142857,800.53,0.046,1.452,0.704507509,-34.10353206,90,0.8372058115,14.51891858,87.66737179,False,True,True,0.100879797,0.07535901609,0.02770530104,False,True,True,0.047,0.047,0.137,True,True,True,False,True,True,results/plots/210412_Sample_B4_force_time.png,results/plots/210412_Sample_B4_force_extension.png
210412 MRC Sample B5Data.csv,12.04.2021,B,5,114.1,F,8wks,oim Het,100,-0.007537564882,True,-0.002856593647,-4.172691175,101.066,8022.321014,0.008022321,14,0.09,11.21869843,12.09285714,1.693,564.6707484,4.612131576,0.08221428571,796.63,0.046,1.151,0.81303519,-42.49601097,180,0.669305713,0.532514841,12.7505742,False,False,True,0.1534289391,0.2126009771,0.05121951968,False,False,True,0.042,0.031,0.121,True,True,True,False,False,True,results/plots/210412_Sample_B5_force_time.png,results/plots/210412_Sample_B5_force_extension.png
210412 MRC Sample B6Data.csv,12.04.2021,B,6,114.1,F,8wks,oim Het,68.47283334,-0.009749146823,False,0.004358582253,9.698514151,131.651,13612.50982,0.01361251,14,0.142,10.43158095,11.03571429,1.545,320.9229054,3.085397182,0.06321428571,793.25,0.036,0.885,0.8283908951,-16.98939024,180,1.76082317,0.9601553467,25.15864534,False,False,True,0.1357588045,0.2041326695,0.03322764685,False,False,True,0.047,0.031,0.158,True,True,True,False,False,True,results/plots/210412_Sample_B6_force_time.png,results/plots/210412_Sample_B6_force_extension.png
210412 MRC Sample B7Data.csv,12.04.2021,B,7,114.1,F,8wks,oim Het,3.490269683,-0.001373826025,False,0.0280972717,25.57171263,101.5056667,8092.271729,0.008092272,14.001,0.116,14.33466399,5.306763803,0.743,772.6896199,7.78520544,0.03464038283,788.07,0.046,0.485,0.7064184119,-18.4858112,78,3.482945047,2.506658061,21.68063597,True,False,True,0.09663790276,0.1070853059,0.02793343146,False,False,True,0.063,0.047,0.132,True,True,True,False,False,True,results/plots/210412_Sample_B7_force_time.png,results/plots/210412_Sample_B7_force_extension.png
210412 MRC Sample B9Data.csv,12.04.2021,B,9,114.1,F,8wks,oim Het,94.36606073,-0.003952801843,False,0.0004868762804,0.7266049278,108.2323333,9200.340988,0.009200341,14,0.231,25.10776503,17.17142857,2.404,512.7957165,4.565048187,0.08885714286,797.81,0.036,1.244,0.8005030008,-40.76327029,180,0.6441631246,0.7508314584,29.93755124,False,False,True,0.1883861539,0.1874566924,0.02155566458,False,False,True,0.036,0.036,0.247,True,True,True,False,False,True,results/plots/210412_Sample_B9_force_time.png,results/plots/210412_Sample_B9_force_extension.png
210412 MRC Sample C1Data.csv,12.04.2021,C,1,114.3,F,8wks,oim Hom,7.496740506e-12,-2.738550127e-15,False,0.01188961058,13.3855506,102.1303333,8192.177994,0.008192178,12,0.221,26.97695289,14.39166667,1.727,587.8334393,3.784097465,0.03475,788.14,0.03,0.417,0.7729196791,-15.45345366,179,2.297232811,2.51016433,26.50362002,False,False,True,0.1054378852,0.09635121402,0.03397525297,False,False,True,0.057,0.052,0.247,True,True,True,False,False,True,results/plots/210412_Sample_C1_force_time.png,results/plots/210412_Sample_C1_force_extension.png
210412 MRC Sample C2Data.csv,12.04.2021,C,2,114.3,F,8wks,oim Hom,22.72549978,-0.0179672866,False,0.06234719158,44.58032268,88.67366667,6175.600808,0.006175601,12,0.042,6.80095751,3.775,0.453,309.4105832,0.9715653586,0.01658333333,784.83,-0.106,0.199,0.5457408635,-3.295152944,117,1.738047803,12.47183452,13.88773528,False,True,True,0.08885631634,0.1249455645,0.1056427746,False,False,False,0.042,0.037,0.042,True,True,True,False,False,False,results/plots/210412_Sample_C2_force_time.png,results/plots/210412_Sample_C2_force_extension.png
210412 MRC Sample C3Data.csv,12.04.2021,C,3,114.3,F,8wks,oim Hom,100,0.008717065445,True,0.005522838211,15.02703945,102.244,8210.42323,0.008210423,12,0.184,22.41053841,14.78333333,1.774,460.8495692,6.333413029,0.05916666667,792.52,-0.054,0.71,0.7519199643,-20.93898799,181,8.695060394,1.211731795,36.73711723,True,False,True,0.1019323011,0.1900812911,0.03132477945,False,False,True,0.042,0.021,0.2,True,True,True,False,False,True,results/plots/210412_Sample_C3_force_time.png,results/plots/210412_Sample_C3_force_extension.png
210412 MRC Sample C6Data.csv,12.04.2021,C,6,114.3,F,8wks,oim Hom,46.28910462,-0.01472415555,False,0.01545390662,13.11663393,97.913,7529.577296,0.007529577,12.001,0.136,18.06210362,14.40713274,1.729,485.4901108,5.578002589,0.04332972252,789.68,-0.064,0.52,0.8238320687,-14.52050782,181,3.192218035,2.111560009,15.11942186,True,False,True,0.08906472129,0.1550500336,0.04890759306,False,False,True,0.064,0.037,0.142,True,True,True,False,False,True,results/plots/210412_Sample_C6_force_time.png,results/plots/210412_Sample_C6_force_extension.png
210412 MRC Sample C7Data.csv,12.04.2021,C,7,114.3,F,8wks,oim Hom,100,0.007472193295,True,-0.001645075211,-13.65076061,87.541,6018.841241,0.006018841,12.001,0.026,4.31976854,8.740938255,1.049,107.4207308,0.8307247193,0.08599283393,797.35,-0.091,1.032,0.1789601552,-7.894834523,41,1.291946065,0.970551436,8.313934526,False,False,True,0.1873893076,0.1873268822,0.1224556514,False,False,False,0.021,0.021,0.042,True,True,True,False,False,False,results/plots/210412_Sample_C7_force_time.png,results/plots/210412_Sample_C7_force_extension.png
210412 MRC Sample C8Data.csv,12.04.2021,C,8,114.3,F,8wks,oim Hom,20.89402672,-0.007605689198,False,0.01305609098,32.12250261,129.012,13072.24254,0.013072243,12.001,0.184,14.07562574,13.56553621,1.628,327.3623944,3.21291457,0.05032913924,790.89,-0.064,0.604,0.7692337283,-12.60347946,181,0.7551549154,4.317034797,37.22679075,False,True,True,0.1082035439,0.1307241452,0.03237725314,False,False,True,0.042,0.037,0.19,True,True,True,False,False,True,results/plots/210412_Sample_C8_force_time.png,results/plots/210412_Sample_C8_force_extension.png
210413 MRC Sample A1Data.csv,13.04.2021,A,1,108.1,F,8wks,oim Wt,30.95482401,-0.05279790164,False,0.06059706371,23.89538899,86.59333333,5889.233812,0.005889234,14,0.11,18.67815067,11.25714286,1.576,446.8783143,2.716821916,0.003857142857,782.55,0.016,0.054,0.364079959,1.455873231,116,7.171705776,46.47693834,70.55832488,True,True,True,0.04360789537,0.03693418964,0.03241897409,True,True,True,0.083,0.078,0.11,True,True,True,True,True,True,results/plots/210413_Sample_A1_force_time.png,results/plots/210413_Sample_A1_force_extension.png
210413 MRC Sample A10Data.csv,13.04.2021,A,10,108.1,F,8wks,oim Wt,15.53103246,-0.01958642858,False,0.06560542031,41.34226854,115.2663333,10435.05729,0.010435057,14,0.167,16.00374583,7.142857143,1,381.9711992,4.024894162,0.01485714286,784.56,0.042,0.208,0.7745039285,-1.514533183,181,8.001791936,50.70233123,111.3355311,True,True,True,0.03399870088,0.05283656298,0.02109982669,True,True,True,0.094,0.083,0.172,True,True,True,True,True,True,results/plots/210413_Sample_A10_force_time.png,results/plots/210413_Sample_A10_force_extension.png
210413 MRC Sample A11Data.csv,13.04.2021,A,11,108.1,F,8wks,oim Wt,56.23399443,-0.03510300118,False,0.04789493864,39.42483683,134.1183333,14127.52801,0.014127528,14.001,0.214,15.14773144,12.37054496,1.732,373.9682932,4.459378881,0.02949789301,787.19,0.094,0.413,0.8593356083,-5.799879554,180,16.62901515,7.815320695,30.49775332,True,True,True,0.04962847563,0.07128174762,0.0231560089,True,True,True,0.115,0.084,0.24,True,True,True,True,True,True,results/plots/210413_Sample_A11_force_time.png,results/plots/210413_Sample_A11_force_extension.png
210413 MRC Sample A2Data.csv,13.04.2021,A,2,108.1,F,8wks,oim Wt,8.707710599,-0.005240230855,False,0.01983810813,42.45443646,99.64033333,7797.586925,0.007797587,14,0.078,10.00309455,4.857142857,0.68,265.3196106,3.975588858,0.02914285714,787.13,0.031,0.408,0.6538255516,-3.327863166,181,21.11058533,12.41150054,32.30385103,True,True,True,0.08926379264,0.1238557738,0.0544559355,False,False,True,0.037,0.037,0.078,True,True,True,False,False,True,results/plots/210413_Sample_A2_force_time.png,results/plots/210413_Sample_A2_force_extension.png
210413 MRC Sample A3Data.csv,13.04.2021,A,3,108.1,F,8wks,oim Wt,100,-0.004937393009,False,0.0441110347,68.60163617,90.289,6402.647133,0.006402647,14.001,0.104,16.24328188,7.785158203,1.09,893.7190119,0.7809270135,0.02428397972,786.26,0.005,0.34,0.7422800842,-20.79636552,101,15.2136541,2.817554882,65.98644817,True,False,True,0.0340579245,0.06839578079,0.02088551188,True,True,True,0.042,0.016,0.104,True,True,True,True,True,True,results/plots/210413_Sample_A3_force_time.png,results/plots/210413_Sample_A3_force_extension.png
210413 MRC Sample A4Data.csv,13.04.2021,A,4,108.1,F,8wks,oim Wt,5.608425617,-0.00489291595,False,0.07141938696,39.34644352,101.5203333,8094.61041,0.00809461,14,0.083,10.25373675,5.15,0.721,583.7244665,0.6176949847,0.009071428571,783.52,0.005,0.127,0.694979656,-4.962459246,76,49.43516058,29.81160852,57.83678504,True,True,True,0.0317141474,0.04727240254,0.03506413297,True,True,True,0.094,0.052,0.099,True,True,True,True,True,True,results/plots/210413_Sample_A4_force_time.png,results/plots/210413_Sample_A4_force_extension.png
210413 MRC Sample A6Data.csv,13.04.2021,A,6,108.1,F,8wks,oim Wt,40.18556822,-0.07433099952,False,0.08167007975,39.88443221,89.33566667,6268.153838,0.006268154,14,0.125,19.94207545,9.95,1.393,508.7598899,8.295903387,0.02228571429,785.85,0.052,0.312,0.7206763923,-3.085884965,164,5.374762185,49.24477267,83.43335344,True,True,True,0.04350685475,0.03783207324,0.02172388261,True,True,True,0.078,0.078,0.125,True,True,True,True,True,True,results/plots/210413_Sample_A6_force_time.png,results/plots/210413_Sample_A6_force_extension.png
210413 MRC Sample A7Data.csv,13.04.2021,A,7,108.1,F,8wks,oim Wt,4.606804939,-0.003275295792,False,0.0375850843,29.45786625,112.7003333,9975.628843,0.009975629,14.001,0.099,9.924186234,10.02071281,1.403,334.4618573,1.002443054,0.002142704093,782.24,0.01,0.03,0.5381981501,0.4305968065,123,4.904519366,33.03676412,45.54163977,True,True,True,0.04741344284,0.04143429285,0.03212863578,True,True,True,0.078,0.063,0.099,True,True,True,True,True,True,results/plots/210413_Sample_A7_force_time.png,results/plots/210413_Sample_A7_force_extension.png
210413 MRC Sample A8Data.csv,13.04.2021,A,8,108.1,F,8wks,oim Wt,10.43421644,-0.01264667309,False,0.0380997028,30.70368607,111.848,9825.311471,0.009825311,14,0.167,16.99691745,13.45714286,1.884,381.8562934,4.27467385,0.01771428571,785.03,0.042,0.248,0.7578659761,-2.160455977,180,6.429791292,49.65192739,64.76355513,True,True,True,0.04647489042,0.06102522739,0.03030551276,True,True,True,0.083,0.078,0.167,True,True,True,True,True,True,results/plots/210413_Sample_A8_force_time.png,results/plots/210413_Sample_A8_force_extension.png
210413 MRC Sample A9Data.csv,13.04.2021,A,9,108.1,F,8wks,oim Wt,24.80832356,-0.02678765862,False,0.04395677408,27.15103717,106.5396667,8914.819389,0.008914819,14,0.135,15.14332484,13.57142857,1.9,389.6514139,6.954712148,0.03328571429,787.87,0.078,0.466,0.7472870591,-6.46565546,180,7.930590829,12.90993456,14.90571651,True,True,True,0.07110734999,0.0790441475,0.04003828051,True,True,True,0.083,0.078,0.151,True,True,True,True,True,True,results/plots/210413_Sample_A9_force_time.png,results/plots/210413_Sample_A9_force_extension.png
210413 MRC Sample B1Data.csv,13.04.2021,B,1,116.1,F,8wks,oim Het,8.904122299,-0.005686038457,False,0.3494597005,72.02648314,98.877,7678.571695,0.007678572,14,0.027,3.516278808,1.407142857,0.197,94.00032409,0.7813952907,0.002285714286,782.26,0.016,0.032,0.4000005396,0.6790900106,57,29.66067294,12.97837275,7.855708745,True,True,True,0.0293245537,0.147406294,0.09533334906,True,False,False,0.172,0.037,0.037,True,True,True,True,False,False,results/plots/210413_Sample_B1_force_time.png,results/plots/210413_Sample_B1_force_extension.png
210413 MRC Sample B10Data.csv,13.04.2021,B,10,116.1,F,8wks,oim Het,7.398528766e-12,-3.626728547e-15,False,0.03606858795,22.14506724,76.10033333,4548.445543,0.004548446,14,0.042,9.233922971,2.935714286,0.411,751.951815,4.616961485,0.02885714286,787.08,0.016,0.404,0.6826186518,-17.60813321,91,5.875837647,2.069379377,6.694926345,True,False,True,0.07837549638,0.1418663279,0.08836682569,True,False,False,0.068,0.031,0.063,True,True,True,True,False,False,results/plots/210413_Sample_B10_force_time.png,results/plots/210413_Sample_B10_force_extension.png
210413 MRC Sample B2Data.csv,13.04.2021,B,2,116.1,F,8wks,oim Het,10.73171658,-0.004205634556,False,0.01592727817,11.78636277,84.08933333,5553.562964,0.005553563,14.001,0.041,7.38264786,3.464038283,0.485,336.5249425,3.601291639,0.03078351546,787.38,0.057,0.431,0.5424607639,-7.723262248,113,2.303150549,1.934973717,5.825552962,False,False,True,0.1353710339,0.1326858018,0.06965497957,False,False,True,0.042,0.037,0.078,True,True,True,False,False,True,results/plots/210413_Sample_B2_force_time.png,results/plots/210413_Sample_B2_force_extension.png
210413 MRC Sample B3Data.csv,13.04.2021,B,3,116.1,F,8wks,oim Het,-25.00697946,0.02993596245,False,0.05321062965,19.62852343,73.43066667,4234.916226,0.004234916,14,0.13,30.69718502,10.6,1.484,1105.582874,2.361321925,0.0105,783.74,0.047,0.147,0.5978838168,-9.073624884,90,25.63659813,11.52857551,20.12666568,True,True,True,0.0739112718,0.07538187575,0.03406397538,True,True,True,0.067,0.073,0.167,True,True,True,True,True,True,results/plots/210413_Sample_B3_force_time.png,results/plots/210413_Sample_B3_force_extension.png
210413 MRC Sample B4Data.csv,13.04.2021,B,4,116.1,F,8wks,oim Het,3.725298711,-0.004439594796,False,0.0345521107,21.14966654,89.41233333,6278.916944,0.006278917,14.001,0.052,8.281682972,2.128419399,0.298,391.6238986,4.140841486,0.02028426541,785.54,0.052,0.284,0.6042655241,-3.904842042,86,5.626573246,6.337580926,6.153674861,True,True,True,0.08017077895,0.08997590144,0.08390966368,False,False,False,0.073,0.068,0.073,True,True,True,False,False,False,results/plots/210413_Sample_B4_force_time.png,results/plots/210413_Sample_B4_force_extension.png
210413 MRC Sample B6Data.csv,13.04.2021,B,6,116.1,F,8wks,oim Het,1.921128913,-0.003464377397,False,0.06662763819,34.18477486,70.30233333,3881.766076,0.003881766,14,0.078,20.09394693,3.05,0.427,1425.780508,1.288073521,0.006357142857,782.99,0.005,0.089,0.641568662,-7.436619094,96,34.13619831,29.90278136,47.14800731,True,True,True,0.03526810635,0.0528265556,0.03543812238,True,True,True,0.068,0.042,0.083,True,True,True,True,True,True,results/plots/210413_Sample_B6_force_time.png,results/plots/210413_Sample_B6_force_extension.png
210413 MRC Sample B7Data.csv,13.04.2021,B,7,116.1,F,8wks,oim Het,93.97414633,-0.02532172338,False,0.05250041094,57.91757572,66.17766667,3439.638349,0.003439638,14.001,0.042,12.21058728,20.60567102,2.885,825.3013593,1.453641342,0.02221269909,785.84,0.005,0.311,0.5276539833,-17.25963205,85,13.33930631,6.52936117,27.60354619,True,True,True,0.03102990924,0.07941664834,0.1238248525,True,True,False,0.042,0.021,0.042,True,True,True,True,True,False,results/plots/210413_Sample_B7_force_time.png,results/plots/210413_Sample_B7_force_extension.png
210413 MRC Sample B9Data.csv,13.04.2021,B,9,116.1,F,8wks,oim Het,11.17719488,-0.02501559831,False,0.07005616608,25.72587601,63.38366667,3155.32864,0.003155329,14,0.073,23.13546385,3.557142857,0.498,1224.358297,1.584620811,0.009071428571,783.48,0.005,0.127,0.4106002765,-8.828304815,88,30.99746015,30.11093078,38.9371867,True,True,True,0.03247518536,0.06634860628,0.0159449749,True,True,True,0.078,0.042,0.078,True,True,True,True,True,True,results/plots/210413_Sample_B9_force_time.png,results/plots/210413_Sample_B9_force_extension.png
210413 MRC Sample C1Data.csv,13.04.2021,C,1,152.2,F,8wks,oim Hom,22.33212721,-0.002808283421,False,0.01296337372,13.30838855,80.45966667,5084.477613,0.005084478,14,0.026,5.113602616,2.771428571,0.388,57.87588385,1.966770237,0.0025,782.34,-0.016,0.035,0.09597544869,1.592598719,61,2.161840632,1.389310599,1.56500823,False,False,False,0.1630501806,0.1786249232,0.1648588308,False,False,False,0.026,0.026,0.026,True,True,True,False,False,False,results/plots/210413_Sample_C1_force_time.png,results/plots/210413_Sample_C1_force_extension.png
210413 MRC Sample C2Data.csv,13.04.2021,C,2,152.2,F,8wks,oim Hom,100,0.00317220861,True,5.466796443e-05,0.1525146112,66.781,3502.641729,0.003502642,14,0.078,22.26890444,11.53571429,1.615,621.0937472,2.854987749,0.061,792.81,0.01,0.854,0.5228194063,-33.75081328,167,1.002665085,0.1622447226,47.20247045,False,False,True,0.01880985927,0.02787252326,0.02538080804,True,True,True,0.015,0.01,0.083,True,True,True,True,True,True,results/plots/210413_Sample_C2_force_time.png,results/plots/210413_Sample_C2_force_extension.png
210413 MRC Sample C5Data.csv,13.04.2021,C,5,152.2,F,8wks,oim Hom,26.6981398,-0.0009726493039,False,3.285202092e-05,0.1176936735,93.96433333,6934.512814,0.006934513,12,0.037,5.335630635,8.483333333,1.018,142.5519236,2.307299734,0.0845,797.03,0.016,1.014,0.1417103583,-10.19439303,82,1.538876353,0.9054717362,20.51445539,False,False,True,0.1765776526,0.2092774026,0.07099405852,False,False,True,0.01,0.005,0.042,True,False,True,False,False,True,results/plots/210413_Sample_C5_force_time.png,results/plots/210413_Sample_C5_force_extension.png
210413 MRC Sample C8Data.csv,13.04.2021,C,8,152.2,F,8wks,oim Hom,31.75265033,-0.0007384004236,False,0.00791120129,82.04174398,90.01966667,6364.505737,0.006364506,12,0.016,2.513942166,3.541666667,0.425,2.664535259e-12,0.7856069269,0,781.81,0.005,0,,0.7856069269,8,6.269341898,3.490179827,4.183535242,True,True,True,0.05606385896,0.09409597974,0.09269036414,True,False,False,0.021,0.016,0.016,True,True,True,True,False,False,results/plots/210413_Sample_C8_force_time.png,results/plots/210413_Sample_C8_force_extension.png
210415 MRC Sample A1Data.csv,15.04.2021,A,1,108.2,F,8wks,oim Wt,42.07988545,-0.03239405388,False,0.103082167,40.15191404,143.835,16248.71558,0.016248716,14,0.189,11.63168831,11.81428571,1.654,257.2049127,4.18494606,0.02207142857,785.83,-0.016,0.309,0.7416546217,-1.806730096,181,59.31545649,51.08024533,124.1410937,True,True,True,0.01983009548,0.05191327695,0.02837807758,True,True,True,0.21,0.079,0.231,True,True,True,True,True,True,results/plots/210415_Sample_A1_force_time.png,results/plots/210415_Sample_A1_force_extension.png
210415 MRC Sample A2Data.csv,15.04.2021,A,2,108.2,F,8wks,oim Wt,5.953517388,-0.003235525903,False,0.01103353158,21.05115352,172.8923333,23476.93255,0.023476933,14.001,0.188,8.007860311,6.542389829,0.916,264.0007182,4.472475174,0.03014070424,787.32,-0.005,0.422,0.7526770164,-3.632395474,119,14.52158361,11.52823112,28.04339293,True,True,True,0.04879369165,0.04943430232,0.04037357917,True,True,True,0.121,0.105,0.204,True,True,True,True,True,True,results/plots/210415_Sample_A2_force_time.png,results/plots/210415_Sample_A2_force_extension.png
210415 MRC Sample A3Data.csv,15.04.2021,A,3,108.2,F,8wks,oim Wt,1.621140805,-0.001239718817,False,0.0656252037,45.72301656,90.97,6499.594624,0.006499595,14.001,0.11,16.92413143,9.699307192,1.358,674.6952528,1.538557402,0.02028426541,785.54,-0.1,0.284,0.7248778834,-13.04792532,66,6.500459801,4.833300827,15.39738589,True,True,True,0.0965181947,0.1224651018,0.04321572859,False,False,True,0.063,0.042,0.126,True,True,True,False,False,True,results/plots/210415_Sample_A3_force_time.png,results/plots/210415_Sample_A3_force_extension.png
210415 MRC Sample A4Data.csv,15.04.2021,A,4,108.2,F,8wks,oim Wt,100,-0.008484580276,True,0.040818075,49.99231039,118.753,11075.90089,0.011075901,14.001,0.068,6.139455382,6.363831155,0.891,267.920465,1.89600828,0.02714091851,786.78,-0.089,0.38,0.7782423248,-6.16839276,126,3.533675826,1.566724062,10.03935098,True,False,True,0.134986954,0.2094538124,0.07012633545,False,False,True,0.047,0.032,0.084,True,True,True,False,False,True,results/plots/210415_Sample_A4_force_time.png,results/plots/210415_Sample_A4_force_extension.png
210415 MRC Sample A5Data.csv,15.04.2021,A,5,108.2,F,8wks,oim Wt,32.63889469,-0.03201239777,False,0.06163320506,40.71864443,81.56533333,5225.17827,0.005225178,14,0.063,12.05700552,20.65714286,2.892,619.4816415,0.9569052002,0.02178571429,785.82,-0.1,0.305,0.7244740801,-12.32220609,96,5.208828341,4.079733245,10.31830614,True,True,True,0.1176798849,0.1380607125,0.06645228124,False,False,True,0.052,0.042,0.084,True,True,True,False,False,True,results/plots/210415_Sample_A5_force_time.png,results/plots/210415_Sample_A5_force_extension.png
210415 MRC Sample A6Data.csv,15.04.2021,A,6,108.2,F,8wks,oim Wt,65.24156799,-0.08327996451,False,0.06526184319,37.1625206,67.62966667,3592.231982,0.003592232,14.001,0.079,21.99189807,7.613741876,1.066,984.7096594,8.629732155,0.0254981787,786.48,-0.053,0.357,0.8159910228,-17.43578956,173,29.56053358,19.06129434,51.50290934,True,True,True,0.05725776567,0.1067495637,0.05103011904,True,False,True,0.052,0.042,0.084,True,True,True,True,False,True,results/plots/210415_Sample_A6_force_time.png,results/plots/210415_Sample_A6_force_extension.png
210415 MRC Sample A7Data.csv,15.04.2021,A,7,108.2,F,8wks,oim Wt,27.53435586,-0.008564707191,False,0.05148605498,34.10003442,97.27333333,7431.517043,0.007431517,14,0.178,23.95204102,17.23571429,2.413,619.3635901,2.825802592,0.02335714286,786.1,-0.063,0.327,0.6456354008,-12.5942912,82,34.34128018,7.192050914,119.4945383,True,True,True,0.03143349769,0.09832233867,0.01991288313,True,False,True,0.079,0.042,0.188,True,True,True,True,False,True,results/plots/210415_Sample_A7_force_time.png,results/plots/210415_Sample_A7_force_extension.png
210415 MRC Sample A8Data.csv,15.04.2021,A,8,108.2,F,8wks,oim Wt,3.559356272,-0.004456917248,False,0.06435529828,40.19900088,84.85033333,5654.536176,0.005654536,14.001,0.162,28.64956559,7.778015856,1.089,701.7088649,7.427665152,0.03021212771,787.33,-0.042,0.423,0.7678937483,-11.46229001,181,34.35205293,30.18585031,108.3278385,True,True,True,0.03206153551,0.04774468541,0.02861485049,True,True,True,0.073,0.047,0.167,True,True,True,True,True,True,results/plots/210415_Sample_A8_force_time.png,results/plots/210415_Sample_A8_force_extension.png
210415 MRC Sample A9Data.csv,15.04.2021,A,9,108.2,F,8wks,oim Wt,3.836312052,-0.00220655493,False,0.0158050385,20.30202841,129.2896667,13128.57269,0.013128573,14,0.231,17.59521008,9.792857143,1.371,355.8053677,5.560391065,0.02521428571,786.44,-0.053,0.353,0.7873390444,-3.805238821,180,9.014414009,7.191918208,23.60434309,True,True,True,0.07257966293,0.08632168227,0.01731716275,True,False,True,0.084,0.073,0.231,True,True,True,True,False,True,results/plots/210415_Sample_A9_force_time.png,results/plots/210415_Sample_A9_force_extension.png
210415 MRC Sample B2Data.csv,15.04.2021,B,2,116.2,F,8wks,oim Het,7.459661697e-12,-2.143072126e-30,False,0.004680967133,13.17438295,101.2466667,8051.02823,0.008051028,14,0.079,9.812411533,9.9,1.386,419.189303,3.229401264,0.05885714286,792.47,-0.058,0.824,0.7430653961,-21.69249036,171,7.335975494,0.48257407,50.47714681,True,False,True,0.0340534811,0.04242270986,0.03442216435,True,True,True,0.031,0.021,0.089,True,True,True,True,True,True,results/plots/210415_Sample_B2_force_time.png,results/plots/210415_Sample_B2_force_extension.png
210415 MRC Sample B3Data.csv,15.04.2021,B,3,116.2,F,8wks,oim Het,100,-3.608541992e-17,True,0.001139835815,2.925890064,90.33866667,6409.693077,0.006409693,14,0.089,13.8852204,11.45714286,1.604,548.0517659,5.772507357,0.05007142857,790.91,-0.047,0.701,0.8524403573,-22.87477786,179,1.952041578,0.994610748,58.58231857,False,False,True,0.04194023474,0.02878171349,0.03735902364,True,True,True,0.02,0.021,0.094,True,True,True,True,True,True,results/plots/210415_Sample_B3_force_time.png,results/plots/210415_Sample_B3_force_extension.png
210415 MRC Sample B5Data.csv,15.04.2021,B,5,116.2,F,8wks,oim Het,29.47575041,-0.0005525327378,False,0.0009602979004,2.718212225,119.4503333,11206.36112,0.011206361,14,0.005,0.4461751678,10.25714286,1.436,0,0,0,781.42,-0.084,0,,0,109,0.7727400945,0.8260441422,0.9222522919,False,False,False,0.06585376392,0.04920360451,0.08784384955,True,True,False,0.016,0.021,0.01,True,True,False,True,True,False,results/plots/210415_Sample_B5_force_time.png,results/plots/210415_Sample_B5_force_extension.png
210415 MRC Sample B6Data.csv,15.04.2021,B,6,116.2,F,8wks,oim Het,71.64928396,-0.07718218888,False,0.06601368003,54.26067477,91.17266667,6528.587006,0.006528587,14.001,0.162,24.81394519,8.870794943,1.242,605.2032218,7.964970062,0.03628312263,788.42,-0.032,0.508,0.77735618,-13.43399481,181,6.299884527,29.58102764,108.8779451,True,True,True,0.04933273645,0.08434985029,0.03122053632,True,False,True,0.052,0.047,0.162,True,True,True,True,False,True,results/plots/210415_Sample_B6_force_time.png,results/plots/210415_Sample_B6_force_extension.png
210415 MRC Sample B7Data.csv,15.04.2021,B,7,116.2,F,8wks,oim Het,1.452474191,-0.001796547507,False,0.07008462728,29.04193283,72.325,4108.343671,0.004108344,14,0.105,25.55774297,12.99285714,1.819,833.998878,12.65716795,0.04378571429,789.72,-0.053,0.613,0.7783348605,-25.15183244,153,4.080159839,4.132166203,16.34759706,True,True,True,0.09936187519,0.1015323787,0.04173092109,False,False,True,0.058,0.047,0.126,True,True,True,False,False,True,results/plots/210415_Sample_B7_force_time.png,results/plots/210415_Sample_B7_force_extension.png
210415 MRC Sample B8Data.csv,15.04.2021,B,8,116.2,F,8wks,oim Het,6.053879506,-0.007205817435,False,0.08122888375,38.3553413,77.81333333,4755.518998,0.004755519,14,0.095,19.97678907,12.08571429,1.692,475.9726909,6.729023688,0.0195,785.4,-0.089,0.273,0.7320975213,-3.857100751,181,1.666180974,4.480372189,10.17338352,False,True,True,0.1434249981,0.1249182985,0.05400142731,False,False,True,0.042,0.042,0.1,True,True,True,False,False,True,results/plots/210415_Sample_B8_force_time.png,results/plots/210415_Sample_B8_force_extension.png
210415 MRC Sample B9Data.csv,15.04.2021,B,9,116.2,F,8wks,oim Het,34.5192522,-0.1008929502,False,0.1335313121,27.29275111,65.905,3411.352595,0.003411353,14.001,0.146,42.79826802,8.192271981,1.147,1141.4235,13.77752464,0.0217127348,785.81,-0.021,0.304,0.7041321964,-11.90665936,181,12.23393,8.437506709,20.25859347,True,True,True,0.06754943532,0.07491359138,0.03425006955,True,True,True,0.084,0.079,0.162,True,True,True,True,True,True,results/plots/210415_Sample_B9_force_time.png,results/plots/210415_Sample_B9_force_extension.png
210415 MRC Sample C10Data.csv,15.04.2021,C,10,159.1,F,8wks,oim Hom,7.47754784e-12,-3.924583003e-30,False,4.91868172e-05,0.1756320993,74.907,4406.915158,0.004406915,4.001,0.01,2.26916108,17.24568858,0.69,,,,,,,,,0,2.010516752,0.9672873525,1.458620085,False,False,False,0.04258581152,0.09485043797,0.05826755298,True,False,True,0.015,0.005,0.015,True,False,True,True,False,False,results/plots/210415_Sample_C10_force_time.png,results/plots/210415_Sample_C10_force_extension.png
210415 MRC Sample C2Data.csv,15.04.2021,C,2,159.1,F,8wks,oim Hom,74.76324895,-0.006841814721,False,-0.002177160835,-5.473639656,78.36133333,4822.736292,0.004822736,8,0.011,2.280862979,1.4875,0.119,,,,,,,,,0,0.7315870344,1.173467098,0.7984725483,False,False,False,0.2509278888,0.2598210762,0.1873962966,False,False,False,0.021,0.021,0.021,True,True,True,False,False,False,results/plots/210415_Sample_C2_force_time.png,results/plots/210415_Sample_C2_force_extension.png
210415 MRC Sample C8Data.csv,15.04.2021,C,8,159.1,F,8wks,oim Hom,7.485097399e-12,-2.432321124e-30,False,-0.0001349911592,-0.7905596264,95.198,7117.795894,0.007117796,4,0.005,0.7024646393,8.575,0.343,0,0,0,781.43,-0.084,0,,0,138,0.5388696692,0.5388696692,0.6589010829,False,False,False,0.03795447862,0.03369890704,0.06193110244,True,True,True,0.01,0.01,0.01,False,False,False,False,False,False,results/plots/210415_Sample_C8_force_time.png,results/plots/210415_Sample_C8_force_extension.png
210415 MRC Sample C9Data.csv,15.04.2021,C,9,159.1,F,8wks,oim Hom,100,-0.006224290882,True,0.002589521113,4.177041763,71.483,4013.242685,0.004013243,4.001,0.037,9.219476618,9.872531867,0.395,162.9196685,3.9868007,0.03624093977,788.38,-0.063,0.145,0.2053597893,-3.041136045,143,0.8039368436,0.4399097223,6.17655238,False,False,True,0.2417713378,0.2411226238,0.1051024559,False,False,False,0.026,0.026,0.042,True,True,True,False,False,False,results/plots/210415_Sample_C9_force_time.png,results/plots/210415_Sample_C9_force_extension.png
210416 MRC Sample A1Data.csv,16.04.2021,A,1,108.5,F,8wks,oim Wt,11.14930728,-0.02649527558,False,0.1115828982,43.54149463,100.2216667,7888.839549,0.00788884,14,0.425,53.8735733,11.83571429,1.657,773.0711634,10.01414657,0.018,785.15,0.095,0.252,0.9103103224,-3.631954781,181,52.22801647,15.35145862,76.29374839,True,True,True,0.03954923791,0.0386053688,0.02596424911,True,True,True,0.131,0.126,0.446,True,True,True,True,True,True,results/plots/210416_Sample_A1_force_time.png,results/plots/210416_Sample_A1_force_extension.png
210416 MRC Sample A10Data.csv,16.04.2021,A,10,108.5,F,8wks,oim Wt,25.29414977,-0.0124580598,False,0.01660895846,36.56749507,154.314,18702.53771,0.018702538,14,0.174,9.303550138,8.707142857,1.219,232.9380657,3.956682243,0.02885714286,787.08,0.074,0.404,0.7895127004,-3.475542663,181,34.89258755,26.14303421,116.6588748,True,True,True,0.034419628,0.03388623901,0.02786825574,True,True,True,0.073,0.073,0.174,True,True,True,True,True,True,results/plots/210416_Sample_A10_force_time.png,results/plots/210416_Sample_A10_force_extension.png
210416 MRC Sample A2Data.csv,16.04.2021,A,2,108.5,F,8wks,oim Wt,-9.670969972,0.01607245293,False,0.07769201968,53.30848731,129.968,13266.69525,0.013266695,14.001,0.488,36.78384104,19.87000929,2.782,794.094562,6.331644769,0.0146418113,784.53,0.095,0.205,0.9695031487,-4.813683531,181,22.43216188,22.08484073,82.01894517,True,True,True,0.02789541233,0.03312413991,0.02163959906,True,True,True,0.174,0.168,0.499,True,True,True,True,True,True,results/plots/210416_Sample_A2_force_time.png,results/plots/210416_Sample_A2_force_extension.png
210416 MRC Sample A3Data.csv,16.04.2021,A,3,108.5,F,8wks,oim Wt,3.36809384,-0.008708376826,False,0.09991210427,41.96243743,111.609,9783.366321,0.009783366,14.001,0.315,32.19750748,4.678237269,0.655,921.4640852,5.417358402,0.0132133419,784.28,0.074,0.185,0.9486912385,-6.496053823,178,18.75619557,26.00129979,42.93428807,True,True,True,0.03147504154,0.03493900695,0.02935718653,True,True,True,0.174,0.168,0.336,True,True,True,True,True,True,results/plots/210416_Sample_A3_force_time.png,results/plots/210416_Sample_A3_force_extension.png
210416 MRC Sample A4Data.csv,16.04.2021,A,4,108.5,F,8wks,oim Wt,21.35170445,-0.05165511142,False,0.06466123059,38.39856088,112.129,9874.742497,0.009874742,14,0.483,48.91267033,32.32142857,4.525,886.1019918,15.39280722,0.03178571429,787.62,0.168,0.445,0.9402416778,-11.22681887,179,21.23133988,20.26467457,69.97737364,True,True,True,0.03407360961,0.03279663745,0.01792108176,True,True,True,0.163,0.163,0.499,True,True,True,True,True,True,results/plots/210416_Sample_A4_force_time.png,results/plots/210416_Sample_A4_force_extension.png
210416 MRC Sample A5Data.csv,16.04.2021,A,5,108.5,F,8wks,oim Wt,73.42807902,-0.08682703699,False,0.07105522973,58.47533171,85.24,5706.591215,0.005706591,14.001,0.079,13.8436415,5.606742376,0.785,601.7595162,5.607550988,0.02142704093,785.75,0.032,0.3,0.8376685344,-8.235765488,173,8.035379455,29.54003952,50.66843278,True,True,True,0.05348120536,0.09948900279,0.04924947155,True,False,True,0.053,0.042,0.079,True,True,True,True,False,True,results/plots/210416_Sample_A5_force_time.png,results/plots/210416_Sample_A5_force_extension.png
210416 MRC Sample A6Data.csv,16.04.2021,A,6,108.5,F,8wks,oim Wt,18.17908051,-0.03051972675,False,0.09801017793,40.28585819,100.9166667,7998.631255,0.007998631,14.001,0.252,31.50539136,12.26340976,1.717,699.4799911,10.50179712,0.02664095422,786.68,0.084,0.373,0.8835398758,-6.966607552,182,17.47858078,57.7576723,180.376016,True,True,True,0.0215364698,0.04398652037,0.01295998023,True,True,True,0.131,0.094,0.267,True,True,True,True,True,True,results/plots/210416_Sample_A6_force_time.png,results/plots/210416_Sample_A6_force_extension.png
210416 MRC Sample A7Data.csv,16.04.2021,A,7,108.5,F,8wks,oim Wt,,0,False,0.0119127619,22.85219992,108.435,9234.828806,0.009234829,14.001,0.21,22.73999876,15.706021,2.199,472.7753233,10.2871423,0.06835226055,794.18,0.095,0.957,0.7742484404,-21.74309663,180,8.302937928,1.061101915,147.5243664,True,False,True,0.03347194904,0.03001103286,0.01781001893,True,True,True,0.036,0.016,0.22,True,True,True,True,True,True,results/plots/210416_Sample_A7_force_time.png,results/plots/210416_Sample_A7_force_extension.png
210416 MRC Sample A9Data.csv,16.04.2021,A,9,108.5,F,8wks,oim Wt,35.74515203,-0.04561160984,False,0.1250100946,45.84051743,129.0443333,13078.79576,0.013078796,14,0.226,17.27987806,8.907142857,1.247,483.1115079,6.422609543,0.02314285714,786.06,0.095,0.324,0.9220107173,-4.637045273,180,58.45429881,17.62849567,47.34775313,True,True,True,0.03158866573,0.03173447923,0.01691868984,True,True,True,0.168,0.121,0.247,True,True,True,True,True,True,results/plots/210416_Sample_A9_force_time.png,results/plots/210416_Sample_A9_force_extension.png
210416 MRC Sample B1Data.csv,16.04.2021,B,1,118.1,F,8wks,oim Het,,0,False,0.007007540816,40.80786014,103.473,8408.992458,0.008408992,16.566,0.21,24.97326671,18.79753712,3.114,499.7694409,11.29743018,0.09555716528,799.07,0.095,1.583,0.8011208571,-35.97230628,179,1.717373745,0.7382947355,155.8418409,False,False,True,0.08780551451,0.05583983756,0.02812698107,False,True,True,0.021,0.006,0.215,True,False,True,False,False,True,results/plots/210416_Sample_B1_force_time.png,results/plots/210416_Sample_B1_force_extension.png
210416 MRC Sample B10Data.csv,16.04.2021,B,10,118.1,F,8wks,oim Het,4.520503074,-0.005042700094,False,0.05268518961,35.71736273,76.779,4629.933829,0.004629934,14,0.084,18.14280722,6.192857143,0.867,628.3318874,1.079929001,0.01657142857,784.88,0.021,0.232,0.6815788587,-8.602693001,106,5.128756507,4.933647474,12.35052875,True,True,True,0.1149699918,0.1129216334,0.05451291164,False,False,True,0.048,0.042,0.1,True,True,True,False,False,True,results/plots/210416_Sample_B10_force_time.png,results/plots/210416_Sample_B10_force_extension.png
210416 MRC Sample B3Data.csv,16.04.2021,B,3,118.1,F,8wks,oim Het,97.34729631,-0.03011216747,False,0.02600312062,54.55294239,103.3423333,8387.767955,0.008387768,14,0.231,27.54010364,17.17142857,2.404,495.106715,10.72991051,0.07928571429,796.15,0.09,1.11,0.783932941,-27.7482282,180,4.439191333,6.05656088,153.4849271,True,True,True,0.0638460929,0.09888244847,0.02142259945,True,False,True,0.037,0.021,0.231,True,True,True,True,False,True,results/plots/210416_Sample_B3_force_time.png,results/plots/210416_Sample_B3_force_extension.png
210416 MRC Sample B4Data.csv,16.04.2021,B,4,118.1,F,8wks,oim Het,100,0.002777047657,True,0.01669374481,42.72585318,85.79233333,5780.785311,0.005780785,14.001,0.042,7.265449243,11.19920006,1.568,219.9954752,2.767790188,0.103849725,800.55,0.016,1.454,0.2457027049,-19.34071097,78,3.328866836,0.7937640755,22.17809186,True,False,True,0.1396445377,0.1581803922,0.1103096086,False,False,False,0.026,0.021,0.042,True,True,True,False,False,False,results/plots/210416_Sample_B4_force_time.png,results/plots/210416_Sample_B4_force_extension.png
210416 MRC Sample B5Data.csv,16.04.2021,B,5,118.1,F,8wks,oim Het,30.05309942,-0.02522816575,False,0.07518228078,40.70296646,103.623,8433.390381,0.00843339,14,0.121,14.34772968,5.314285714,0.744,421.6408754,1.304339062,0.01492857143,784.58,0.053,0.209,0.7335420986,-4.232473235,137,5.69756387,29.61323691,77.03272847,True,True,True,0.03241331328,0.06824923186,0.03208493234,True,True,True,0.094,0.052,0.163,True,True,True,True,True,True,results/plots/210416_Sample_B5_force_time.png,results/plots/210416_Sample_B5_force_extension.png
210416 MRC Sample B6Data.csv,16.04.2021,B,6,118.1,F,8wks,oim Het,19.66934552,-0.01233699144,False,0.03326939283,38.54967931,114.329,10266.03383,0.010266034,14,0.074,7.208236404,7.078571429,0.991,356.4580317,2.045580601,0.02164285714,785.8,0.021,0.303,0.7756471754,-5.239540406,149,4.395262837,9.013451136,46.9471635,True,True,True,0.1064796097,0.08913114268,0.02609811867,False,False,True,0.048,0.042,0.084,True,True,True,False,False,True,results/plots/210416_Sample_B6_force_time.png,results/plots/210416_Sample_B6_force_extension.png
210416 MRC Sample B8Data.csv,16.04.2021,B,8,118.1,F,8wks,oim Het,19.60037042,-0.03030237621,False,0.0714986771,42.86442624,75.59766667,4488.556163,0.004488556,14.001,0.152,33.86389743,8.199414328,1.148,893.2953768,10.47107355,0.03142632669,787.56,0.058,0.44,0.8126082875,-17.68645095,181,5.576627222,5.851900741,21.03261813,True,True,True,0.07672725986,0.07339441607,0.03148305021,True,True,True,0.063,0.063,0.163,True,True,True,True,True,True,results/plots/210416_Sample_B8_force_time.png,results/plots/210416_Sample_B8_force_extension.png
210416 MRC Sample B9Data.csv,16.04.2021,B,9,118.1,F,8wks,oim Het,65.25537382,-0.008732381503,False,0.03067824966,39.54202436,77.14366667,4674.018594,0.004674019,14.001,0.036,7.702150975,2.992643383,0.419,119.1054362,3.209229573,0.02699807157,786.75,0.021,0.378,0.06605613097,-0.8567129155,70,4.90969252,0.5207164793,5.445476627,True,False,True,0.1411073352,0.2239319079,0.1271651016,False,False,False,0.042,0.027,0.042,True,True,True,False,False,False,results/plots/210416_Sample_B9_force_time.png,results/plots/210416_Sample_B9_force_extension.png
210416 MRC Sample C2Data.csv,16.04.2021,C,2,159.2,F,8wks,oim Hom,100,-0.005698228037,True,-0.0009924946909,-1.537993037,66.13166667,3434.858236,0.003434858,10,0.047,13.68324397,11.05,1.105,303.9099574,1.455664252,0.0385,788.82,0.016,0.385,0.4633114785,-9.01410434,157,1.578721961,0.8192832331,5.36581328,False,False,True,0.2273048031,0.2967284064,0.07927124484,False,False,True,0.027,0.021,0.058,True,True,True,False,False,True,results/plots/210416_Sample_C2_force_time.png,results/plots/210416_Sample_C2_force_extension.png
210416 MRC Sample C3Data.csv,16.04.2021,C,3,159.2,F,8wks,oim Hom,69.24420175,-0.01197118042,False,-0.007930254541,-192.5917631,88.39933333,6137.448499,0.006137448,10.001,0.021,3.421617584,0,0,,,,,,,,,0,9.688732033,1.219915777,0.1918346364,True,False,False,0.2104469447,0.2788366704,0.2329880372,False,False,False,0.027,0.021,0.021,True,True,True,False,False,False,results/plots/210416_Sample_C3_force_time.png,results/plots/210416_Sample_C3_force_extension.png
210416 MRC Sample C4Data.csv,16.04.2021,C,4,159.2,F,8wks,oim Hom,100,9.800798844e-05,True,0.0008751232312,1.245125376,67.13366667,3539.733917,0.003539734,10.001,0.005,1.412535518,0,0,,,,,,,,,0,0.4161396221,1.020406253,0.1101153598,False,False,False,0.2295281518,0.2941418599,0.2378294701,False,False,False,0.027,0.021,0.021,True,True,True,False,False,False,results/plots/210416_Sample_C4_force_time.png,results/plots/210416_Sample_C4_force_extension.png
210416 MRC Sample C6Data.csv,16.04.2021,C,6,159.2,F,8wks,oim Hom,85.29248018,-0.01500443436,False,0.004156083014,9.324669866,99.665,7801.448098,0.007801448,10.001,0.047,6.024522627,12.21877812,1.222,156.7350056,1.409994657,0.02449755024,786.32,-0.015,0.245,0.4479956458,-2.340431213,171,3.22646675,0.6920208599,5.398761601,True,False,True,0.1553345375,0.204872776,0.0811714801,False,False,False,0.042,0.032,0.063,True,True,True,False,False,False,results/plots/210416_Sample_C6_force_time.png,results/plots/210416_Sample_C6_force_extension.png
210419 MRC Sample A1Data.csv,19.04.2021,A,1,157.3,M,8wks,Tm1b Wt,13.90657852,-0.02347307903,False,0.08275816182,41.45420119,150.7673333,17852.71977,0.01785272,14,0.457,25.5983402,7.971428571,1.116,512.6174668,13.1072464,0.02885714286,787.09,0.323,0.404,0.9278189652,-2.147586662,181,21.45790115,26.18918052,75.57430598,True,True,True,0.02853637564,0.02746698564,0.02387934025,True,True,True,0.207,0.207,0.462,True,True,True,True,True,True,results/plots/210419_Sample_A1_force_time.png,results/plots/210419_Sample_A1_force_extension.png
210419 MRC Sample A10Data.csv,19.04.2021,A,10,157.3,M,8wks,Tm1b Wt,1.698429476,-0.004142105145,False,0.0710064881,31.49703848,118.998,11121.64955,0.01112165,14.001,0.581,52.24044993,7.292336262,1.021,817.8682709,29.4021121,0.0384972502,788.83,0.245,0.539,0.9431348232,-3.045022453,145,21.43440847,33.57864212,86.50711598,True,True,True,0.02076732161,0.02060518736,0.01833423645,True,True,True,0.192,0.197,0.602,True,True,True,True,True,True,results/plots/210419_Sample_A10_force_time.png,results/plots/210419_Sample_A10_force_extension.png
210419 MRC Sample A2Data.csv,19.04.2021,A,2,157.3,M,8wks,Tm1b Wt,11.06120021,-0.01839932993,False,0.05480964992,35.80077003,154.5873333,18768.85125,0.018768851,14.001,0.81,43.15661092,10.01357046,1.402,704.5709778,13.85273931,0.02992643383,787.28,0.385,0.419,0.963809509,-6.879398127,180,37.71092505,56.54045132,594.4345941,True,True,True,0.01638407219,0.019353767,0.02361295341,True,True,True,0.244,0.239,0.851,True,True,True,True,True,True,results/plots/210419_Sample_A2_force_time.png,results/plots/210419_Sample_A2_force_extension.png
210419 MRC Sample A3Data.csv,19.04.2021,A,3,157.3,M,8wks,Tm1b Wt,22.08961067,-0.02961165321,False,0.02941028996,28.97835622,153.7463333,18565.19074,0.018565191,14.001,0.607,32.69559683,18.90579244,2.647,460.639819,12.2810479,0.03578315835,788.33,0.317,0.501,0.9543632828,-4.296953207,182,19.01816693,22.44565729,78.07033854,True,True,True,0.03510456901,0.033383248,0.02439118668,True,True,True,0.161,0.161,0.612,True,True,True,True,True,True,results/plots/210419_Sample_A3_force_time.png,results/plots/210419_Sample_A3_force_extension.png
210419 MRC Sample A4Data.csv,19.04.2021,A,4,157.3,M,8wks,Tm1b Wt,17.40608891,-0.03321676098,False,0.07133220867,36.01458746,144.7446667,16454.89148,0.016454891,14.001,0.467,28.38061948,8.735090351,1.223,495.0344232,13.24834057,0.03421184201,788.05,0.307,0.479,0.9191753378,-3.575699744,180,77.57974934,27.94514148,67.51327305,True,True,True,0.02234603709,0.02573300286,0.02901824746,True,True,True,0.207,0.202,0.472,True,True,True,True,True,True,results/plots/210419_Sample_A4_force_time.png,results/plots/210419_Sample_A4_force_extension.png
210419 MRC Sample A5Data.csv,19.04.2021,A,5,157.3,M,8wks,Tm1b Wt,4.821527047,-0.009400801651,False,0.1007020519,37.18282604,124.5593333,12185.47411,0.012185474,14.001,0.581,47.67972095,8.87793729,1.243,863.3055209,21.74720491,0.03578315835,788.33,0.39,0.501,0.9570196866,-9.050649451,181,57.21098035,21.37947357,429.0030103,True,True,True,0.01989460846,0.0238109657,0.0226968113,True,True,True,0.223,0.202,0.622,True,True,True,True,True,True,results/plots/210419_Sample_A5_force_time.png,results/plots/210419_Sample_A5_force_extension.png
210419 MRC Sample A6Data.csv,19.04.2021,A,6,157.3,M,8wks,Tm1b Wt,14.60083013,-0.04049369037,False,0.1139180217,35.29001263,110.2123333,9540.041748,0.009540042,14,0.514,53.87816951,10.07142857,1.41,843.1262141,25.57640732,0.03607142857,788.38,0.333,0.505,0.9235706154,-5.412366278,181,12.25043192,53.87532441,66.61432874,True,True,True,0.02388617125,0.02485533451,0.03142613993,True,True,True,0.192,0.207,0.519,True,True,True,True,True,True,results/plots/210419_Sample_A6_force_time.png,results/plots/210419_Sample_A6_force_extension.png
210419 MRC Sample A7Data.csv,19.04.2021,A,7,157.3,M,8wks,Tm1b Wt,8.598411901,-0.01679658501,False,0.05801474601,36.38239158,131.4283333,13566.50197,0.013566502,14.001,0.498,36.70806226,8.827940861,1.236,613.4264739,18.35403113,0.03928290836,788.96,0.333,0.55,0.92735122,-5.805513205,181,24.82196052,26.40188049,294.2787912,True,True,True,0.02533711686,0.02751560755,0.0286895207,True,True,True,0.202,0.166,0.498,True,True,True,True,True,True,results/plots/210419_Sample_A7_force_time.png,results/plots/210419_Sample_A7_force_extension.png
210419 MRC Sample A8Data.csv,19.04.2021,A,8,157.3,M,8wks,Tm1b Wt,3.220474494,-0.00608191549,False,0.03139639196,29.1434286,112.572,9952.923027,0.009952923,14,0.705,70.83346269,9.571428571,1.34,1056.008512,40.69156367,0.05707142857,792.15,0.323,0.799,0.8759661894,-20.27081119,133,32.39760364,61.49481248,524.2354167,True,True,True,0.02242186169,0.0331299146,0.01925022353,True,True,True,0.129,0.124,0.71,True,True,True,True,True,True,results/plots/210419_Sample_A8_force_time.png,results/plots/210419_Sample_A8_force_extension.png
210419 MRC Sample A9Data.csv,19.04.2021,A,9,157.3,M,8wks,Tm1b Wt,7.783658492,-0.01496390082,False,0.07669662274,38.49998368,133.8676667,14074.76878,0.014074769,14,0.705,50.08963202,9.642857143,1.35,761.9866486,22.09627739,0.0385,788.82,0.229,0.539,0.9797013652,-7.683570343,180,34.31670876,24.68191619,165.750847,True,True,True,0.0284101739,0.02567107521,0.01594680641,True,True,True,0.187,0.192,0.705,True,True,True,True,True,True,results/plots/210419_Sample_A9_force_time.png,results/plots/210419_Sample_A9_force_extension.png
210419 MRC Sample B1Data.csv,19.04.2021,B,1,91.3,M,8wks,Tm1b Het,8.429234909,-0.01431327056,False,0.02394358855,20.75769552,118.345,10999.92463,0.010999925,14.001,0.56,50.90943802,12.1634169,1.703,667.2385588,18.36376157,0.04406828084,789.83,0.125,0.617,0.8827349832,-10.94322642,180,26.25596381,78.40339664,185.7950552,True,True,True,0.03456364165,0.04066739258,0.02544482162,True,True,True,0.124,0.119,0.586,True,True,True,True,True,True,results/plots/210419_Sample_B1_force_time.png,results/plots/210419_Sample_B1_force_extension.png
210419 MRC Sample B10Data.csv,19.04.2021,B,10,91.3,M,8wks,Tm1b Het,15.14610846,-0.03080129356,False,0.05775754628,35.56826258,146.9706667,16964.89632,0.016964896,14,1.312,77.33616522,11.4,1.596,940.4882049,28.11688324,0.04342857143,789.72,0.369,0.608,0.9789847848,-12.6966612,179,32.14771828,151.8683564,222.5956375,True,True,True,0.01795153348,0.01649934555,0.03212112499,True,True,True,0.296,0.285,1.354,True,True,True,True,True,True,results/plots/210419_Sample_B10_force_time.png,results/plots/210419_Sample_B10_force_extension.png
210419 MRC Sample B2Data.csv,19.04.2021,B,2,91.3,M,8wks,Tm1b Het,2.805343358e+15,0.0005657686678,False,0.07538071069,96.57263631,120.8406667,11468.75055,0.011468751,14.001,0.005,0.4359672644,0.2428397972,0.034,0,0,0,781.42,-0.082,0,,0,92,6.694260283,5.304298701,0.6152456129,True,True,False,0.04217567039,0.05233863536,0.1554924236,True,True,False,0.062,0.015,0.005,True,True,False,True,True,False,results/plots/210419_Sample_B2_force_time.png,results/plots/210419_Sample_B2_force_extension.png
210419 MRC Sample B3Data.csv,19.04.2021,B,3,91.3,M,8wks,Tm1b Het,38.39795038,-0.05070765239,False,0.02382559222,36.23470605,140.2923333,15458.15857,0.015458159,14.001,0.737,47.67708755,12.82765517,1.796,582.6680261,20.8304236,0.05421041354,791.65,0.245,0.759,0.9366033773,-11.47780482,180,13.65040364,38.21731389,114.8341486,True,True,True,0.03766262612,0.02757831017,0.02622403318,True,True,True,0.124,0.124,0.747,True,True,True,True,True,True,results/plots/210419_Sample_B3_force_time.png,results/plots/210419_Sample_B3_force_extension.png
210419 MRC Sample B4Data.csv,19.04.2021,B,4,91.3,M,8wks,Tm1b Het,11.2838318,-0.01360182523,False,0.0198914909,28.27094115,148.553,17332.16181,0.017332162,14,0.565,32.59835674,10.21428571,1.43,459.0624344,16.44341889,0.05092857143,791.04,0.203,0.713,0.9102507608,-6.705487532,179,19.26050756,102.3128026,414.1877825,True,True,True,0.03443222121,0.02271571395,0.02834515297,True,True,True,0.124,0.161,0.581,True,True,True,True,True,True,results/plots/210419_Sample_B4_force_time.png,results/plots/210419_Sample_B4_force_extension.png
210419 MRC Sample B5Data.csv,19.04.2021,B,5,91.3,M,8wks,Tm1b Het,12.74231635,-0.009333638964,False,0.005285730476,5.053377888,109.733,9457.239479,0.009457239,14,0.456,48.21703248,18.21428571,2.55,487.1061405,21.88799501,0.09635714286,799.21,0.125,1.349,0.7537688627,-26.41139205,180,29.43582556,35.1662776,335.4894792,True,True,True,0.0380451974,0.03377964171,0.02554399902,True,True,True,0.083,0.093,0.472,True,True,True,True,True,True,results/plots/210419_Sample_B5_force_time.png,results/plots/210419_Sample_B5_force_extension.png
210419 MRC Sample B6Data.csv,19.04.2021,B,6,91.3,M,8wks,Tm1b Het,16.41986731,-0.04669384938,False,0.04318498061,19.52793258,118.1736667,10968.09753,0.010968098,14,0.648,59.08043491,11.71428571,1.64,731.2184808,13.22015905,0.02314285714,786.06,0.037,0.324,0.9453366677,-3.791093996,180,24.11629978,28.08597804,88.11087651,True,True,True,0.02852609853,0.02472186393,0.03217560109,True,True,True,0.192,0.203,0.669,True,True,True,True,True,True,results/plots/210419_Sample_B6_force_time.png,results/plots/210419_Sample_B6_force_extension.png
210419 MRC Sample B7Data.csv,19.04.2021,B,7,91.3,M,8wks,Tm1b Het,49.94056688,-0.05840939987,False,0.005391174955,11.29016542,154.7303333,18803.59131,0.018803591,14.001,1.063,56.53175502,15.71316335,2.2,518.6890473,14.03987143,0.04778230126,790.44,0.125,0.669,0.966610473,-10.5028509,181,18.96126547,20.61139058,180.2062366,True,True,True,0.03210592278,0.03407866345,0.02828321697,True,True,True,0.156,0.156,1.074,True,True,True,True,True,True,results/plots/210419_Sample_B7_force_time.png,results/plots/210419_Sample_B7_force_extension.png
210419 MRC Sample B8Data.csv,19.04.2021,B,8,91.3,M,8wks,Tm1b Het,5.029447354,-0.00557677343,False,0.007199433773,11.16702369,152.1543333,18182.70665,0.018182707,14.001,1.183,65.06181945,13.14906078,1.841,719.0230752,28.8185912,0.05806728091,792.34,0.4,0.813,0.9646395391,-13.42312787,180,77.07055706,53.39031325,876.8684427,True,True,True,0.01956947024,0.02586574846,0.03106974562,True,True,True,0.229,0.145,1.209,True,True,True,True,True,True,results/plots/210419_Sample_B8_force_time.png,results/plots/210419_Sample_B8_force_extension.png
210419 MRC Sample B9Data.csv,19.04.2021,B,9,91.3,M,8wks,Tm1b Het,29.72754215,-0.05651316602,False,0.03406898855,39.54848128,143.5083333,16174.99379,0.016174994,14,1.157,71.53016564,11.13571429,1.559,897.454336,19.90727168,0.036,788.32,0.198,0.504,0.9752398836,-12.20050836,181,85.9063394,32.75866639,802.1043613,True,True,True,0.02033130852,0.0172510369,0.02533942108,True,True,True,0.239,0.239,1.193,True,True,True,True,True,True,results/plots/210419_Sample_B9_force_time.png,results/plots/210419_Sample_B9_force_extension.png
210419 MRC Sample C1Data.csv,19.04.2021,C,1,155.2,M,8wks,Tm1b Hom,47.61972339,-0.04889720831,False,0.01385075127,7.304472822,84.799,5647.696406,0.005647696,14,0.213,37.71449455,15.94285714,2.232,839.1969147,14.69625844,0.043,789.63,-0.051,0.602,0.7797676431,-22.29987111,180,5.441105333,20.51112145,31.40032958,True,True,True,0.06507535607,0.08426939719,0.02836035564,True,False,True,0.073,0.068,0.239,True,True,True,True,False,True,results/plots/210419_Sample_C1_force_time.png,results/plots/210419_Sample_C1_force_extension.png
210419 MRC Sample C10Data.csv,19.04.2021,C,10,155.2,M,8wks,Tm1b Hom,0.9276524444,-0.0004104268039,False,0.04841949237,62.58857381,122.2893333,11745.37902,0.011745379,12.001,0.213,18.13479156,16.07366053,1.929,359.1126449,6.640909587,0.03624697942,788.41,-0.155,0.435,0.755511846,-5.956280331,181,5.108563463,4.95096649,31.35496181,True,True,True,0.07203862901,0.08254534063,0.03141866926,True,False,True,0.078,0.057,0.228,True,True,True,True,False,True,results/plots/210419_Sample_C10_force_time.png,results/plots/210419_Sample_C10_force_extension.png
210419 MRC Sample C2Data.csv,19.04.2021,C,2,155.2,M,8wks,Tm1b Hom,76.60991358,-0.1002340035,False,0.01405236079,9.373891821,80.54633333,5095.436943,0.005095437,14.001,0.265,52.00731556,14.86322406,2.081,888.5652337,17.46660787,0.06528105135,793.64,-0.061,0.914,0.8023315727,-40.07020591,180,5.310595276,5.72235855,36.39239962,True,True,True,0.07411600807,0.06846900067,0.02447728967,True,True,True,0.078,0.078,0.275,True,True,True,True,True,True,results/plots/210419_Sample_C2_force_time.png,results/plots/210419_Sample_C2_force_extension.png
210419 MRC Sample C3Data.csv,19.04.2021,C,3,155.2,M,8wks,Tm1b Hom,22.75095523,-0.06010836753,False,0.001737583545,1.057111428,121.4906667,11592.46283,0.011592463,14.001,0.623,53.74181483,10.14927505,1.421,766.5709162,20.18552917,0.03906863795,788.93,0.131,0.547,0.9208843172,-10.11335412,180,86.43631952,28.36225921,92.50107922,True,True,True,0.03106292916,0.02700126984,0.03690749508,True,True,True,0.166,0.203,0.68,True,True,True,True,True,True,results/plots/210419_Sample_C3_force_time.png,results/plots/210419_Sample_C3_force_extension.png
210419 MRC Sample C4Data.csv,19.04.2021,C,4,155.2,M,8wks,Tm1b Hom,93.62273323,-0.06663562007,False,-0.004866315387,-8.408419964,121.531,11600.1612,0.011600161,14,0.457,39.39600493,21.79285714,3.051,407.8359242,9.396421308,0.05935714286,792.57,-0.051,0.831,0.7840550429,-15.35314382,179,5.570677103,6.683776979,91.31809989,True,True,True,0.07512638402,0.06521806697,0.02693333835,True,True,True,0.078,0.078,0.457,True,True,True,True,True,True,results/plots/210419_Sample_C4_force_time.png,results/plots/210419_Sample_C4_force_extension.png
210419 MRC Sample C5Data.csv,19.04.2021,C,5,155.2,M,8wks,Tm1b Hom,30.87484429,-0.03037246527,False,0.01517694993,14.43052737,103.8253333,8466.356452,0.008466356,14.001,0.451,53.26967115,17.4844654,2.448,583.8349466,24.44971603,0.0679951432,794.12,-0.041,0.952,0.8065178414,-16.50702252,181,7.661631134,9.121517407,333.3905807,True,True,True,0.05114998606,0.04381777415,0.0179752127,True,True,True,0.083,0.083,0.467,True,True,True,True,True,True,results/plots/210419_Sample_C5_force_time.png,results/plots/210419_Sample_C5_force_extension.png
210419 MRC Sample C6Data.csv,19.04.2021,C,6,155.2,M,8wks,Tm1b Hom,1.826413092,-0.001981534187,False,-0.003667659617,-2.5964342,91.309,6548.126404,0.006548126,14,0.285,43.52390287,14.32857143,2.006,666.3578634,14.20253673,0.03928571429,788.96,-0.155,0.55,0.7539919803,-11.28238771,179,49.57843737,30.46621564,190.6754892,True,True,True,0.03950424624,0.03825313158,0.01591719238,True,True,True,0.089,0.063,0.285,True,True,True,True,True,True,results/plots/210419_Sample_C6_force_time.png,results/plots/210419_Sample_C6_force_extension.png
210419 MRC Sample C7Data.csv,19.04.2021,C,7,155.2,M,8wks,Tm1b Hom,17.44026546,-0.03118728934,False,0.04018059283,31.14942998,92.22033333,6679.489272,0.006679489,14,0.483,72.31092079,12.37142857,1.732,927.3778909,24.85220052,0.047,790.34,-0.067,0.658,0.8890777143,-19.42351457,180,11.86116264,9.912033279,86.44733643,True,True,True,0.05996635695,0.05382829879,0.02767274058,True,True,True,0.088,0.083,0.498,True,True,True,True,True,True,results/plots/210419_Sample_C7_force_time.png,results/plots/210419_Sample_C7_force_extension.png
210419 MRC Sample C8Data.csv,19.04.2021,C,8,155.2,M,8wks,Tm1b Hom,25.96899205,-0.0578218629,False,0.02456131703,26.28427468,103.422,8400.705215,0.008400705,14.001,0.498,59.28073894,14.2918363,2.001,688.4391448,6.189956676,0.01249910721,784.15,-0.155,0.175,0.8826761128,-2.189401032,172,86.36292031,57.77462745,146.4149556,True,True,True,0.02275767332,0.02785281328,0.02795625542,True,True,True,0.135,0.161,0.57,True,True,True,True,True,True,results/plots/210419_Sample_C8_force_time.png,results/plots/210419_Sample_C8_force_extension.png
210419 MRC Sample C9Data.csv,19.04.2021,C,9,155.2,M,8wks,Tm1b Hom,16.55532456,-0.03432439848,False,0.1713905167,45.65156978,93.145,6814.107417,0.006814107,14,0.337,49.45622368,11.15714286,1.562,800.6083666,25.09499777,0.04592857143,790.16,-0.041,0.643,0.8233351516,-13.31234952,180,19.06567895,39.37607825,94.02839824,True,True,True,0.02931369436,0.03115021836,0.02547597275,True,True,True,0.161,0.119,0.373,True,True,True,True,True,True,results/plots/210419_Sample_C9_force_time.png,results/plots/210419_Sample_C9_force_extension.png
210422 MRC Sample A1Data.csv,22.04.2021,A,1,157.4,M,8wks,Tm1b Wt,37.19847206,-0.05274116375,False,0.1326726399,40.77876076,107.4086667,9060.841481,0.009060841,14,0.188,20.74862587,11.29285714,1.581,519.2823554,5.849346656,0.02,785.5,-0.053,0.28,0.8163832626,-3.457960433,181,7.536361828,17.50489281,51.73589553,True,True,True,0.02508592826,0.03721201075,0.02909895515,True,True,True,0.146,0.094,0.193,True,True,True,True,True,True,results/plots/210422_Sample_A1_force_time.png,results/plots/210422_Sample_A1_force_extension.png
210422 MRC Sample A10Data.csv,22.04.2021,A,10,157.4,M,8wks,Tm1b Wt,94.34983633,-0.008180571444,False,0.00822855124,22.5646018,117.9516667,10926.92709,0.010926927,14,0.006,0.5491022316,3.428571429,0.48,0,0,0,781.44,-0.435,0,,0,42,0.6259568605,0.785883807,0.8888642764,False,False,False,0.2105092723,0.2764568664,0.1587814482,False,False,False,0.026,0.02,0.026,True,True,True,False,False,False,results/plots/210422_Sample_A10_force_time.png,results/plots/210422_Sample_A10_force_extension.png
210422 MRC Sample A2Data.csv,22.04.2021,A,2,157.4,M,8wks,Tm1b Wt,18.24449698,-0.01162156041,False,0.03714283544,37.60859314,168.668,22343.70927,0.022343709,14,0.313,14.00841731,9.25,1.295,349.9425591,2.774830267,0.02292857143,786.02,-0.033,0.321,0.9482060511,-5.116073028,181,20.67216271,28.28818638,72.11580501,True,True,True,0.0304878965,0.04068930744,0.01715762449,True,True,True,0.162,0.125,0.339,True,True,True,True,True,True,results/plots/210422_Sample_A2_force_time.png,results/plots/210422_Sample_A2_force_extension.png
210422 MRC Sample A3Data.csv,22.04.2021,A,3,157.4,M,8wks,Tm1b Wt,33.86087059,-0.04903780669,False,0.1590268492,42.33365985,129.158,13101.84641,0.013101846,14,0.282,21.52368453,10.95714286,1.534,439.1034059,6.029684672,0.01907142857,785.33,-0.262,0.267,0.8900148372,-1.656378295,181,7.984258864,16.85290653,40.86910379,True,True,True,0.02300214931,0.04523020606,0.02364180847,True,True,True,0.23,0.125,0.329,True,True,True,True,True,True,results/plots/210422_Sample_A3_force_time.png,results/plots/210422_Sample_A3_force_extension.png
210422 MRC Sample A4Data.csv,22.04.2021,A,4,157.4,M,8wks,Tm1b Wt,6.091746398,-0.004993866763,False,0.05746533359,40.08552981,139.2526667,15229.89548,0.015229895,14.001,0.193,12.67244456,7.613741876,1.066,317.7193757,4.793204418,0.02028426541,785.55,-0.304,0.284,0.8088026745,-2.39390457,181,9.117722528,11.32183136,24.30211229,True,True,True,0.04775659898,0.04782511865,0.02771211435,True,True,True,0.126,0.105,0.204,True,True,True,True,True,True,results/plots/210422_Sample_A4_force_time.png,results/plots/210422_Sample_A4_force_extension.png
210422 MRC Sample A5Data.csv,22.04.2021,A,5,157.4,M,8wks,Tm1b Wt,17.27299683,-0.02267545731,False,0.08465872604,31.45750175,89.933,6352.256747,0.006352257,14,0.094,14.79788995,4.942857143,0.692,482.6491332,3.305911584,0.0065,783.08,-0.356,0.091,0.8328121887,0.02422629285,156,4.554094449,5.711943501,10.900317,True,True,True,0.07097310022,0.09886919295,0.05381573531,True,False,True,0.084,0.063,0.105,True,True,True,True,False,True,results/plots/210422_Sample_A5_force_time.png,results/plots/210422_Sample_A5_force_extension.png
210422 MRC Sample A6Data.csv,22.04.2021,A,6,157.4,M,8wks,Tm1b Wt,32.80861873,-0.02037066899,False,0.0475035697,48.16450348,177.2623333,24678.72989,0.02467873,14.001,0.266,10.77851251,9.592171988,1.343,299.6284411,3.606344411,0.02499821441,786.4,-0.262,0.35,0.9139169652,-3.948462598,181,70.23245396,13.42763512,35.3425224,True,True,True,0.03659937267,0.04826560282,0.01569106497,True,True,True,0.162,0.126,0.303,True,True,True,True,True,True,results/plots/210422_Sample_A6_force_time.png,results/plots/210422_Sample_A6_force_extension.png
210422 MRC Sample A7Data.csv,22.04.2021,A,7,157.4,M,8wks,Tm1b Wt,100,0.001996185813,True,-0.002427409814,-8.552868083,146.2063333,16788.9004,0.0167889,14,0.094,5.598937393,9.742857143,1.364,259.1189359,1.846458076,0.06607142857,793.77,-0.325,0.925,0.8125133521,-15.09559993,179,1.36752539,0.8398682599,12.7542886,False,False,True,0.1328885372,0.1540601317,0.04127364041,False,False,True,0.047,0.042,0.126,True,True,True,False,False,True,results/plots/210422_Sample_A7_force_time.png,results/plots/210422_Sample_A7_force_extension.png
210422 MRC Sample A8Data.csv,22.04.2021,A,8,157.4,M,8wks,Tm1b Wt,-28.49593613,0.02293806499,False,0.04659220665,31.67212798,111.618,9784.94422,0.009784944,14,0.104,10.62857386,4.778571429,0.669,472.9267147,0.5109891278,0.0001428571429,781.93,-0.424,0.002,0.4947654437,0.38994798,89,6.518024542,13.74324657,65.81779346,True,True,True,0.07157109851,0.06890737756,0.05626043504,True,True,True,0.083,0.078,0.104,True,True,True,True,True,True,results/plots/210422_Sample_A8_force_time.png,results/plots/210422_Sample_A8_force_extension.png
210422 MRC Sample A9Data.csv,22.04.2021,A,9,157.4,M,8wks,Tm1b Wt,94.50186891,-0.01869673985,False,0.02299043621,40.14542003,108.301,9212.018783,0.009212019,14,0.099,10.74682977,13.87142857,1.942,360.3349456,0.5427691801,0.02485714286,786.37,-0.424,0.348,0.6985051741,-8.129212814,97,1.657020811,7.576213104,63.27861875,False,True,True,0.05773878791,0.03876383031,0.03967969068,True,True,True,0.042,0.036,0.099,True,True,True,True,True,True,results/plots/210422_Sample_A9_force_time.png,results/plots/210422_Sample_A9_force_extension.png
210422 MRC Sample B10Data.csv,22.04.2021,B,10,91.4,M,8wks,Tm1b Het,6.026322488,-0.009045630011,False,0.05116599624,34.6534162,105.2253333,8696.219666,0.00869622,10,0.208,23.91843813,7.75,0.775,541.8541005,5.404647077,0.0166,784.87,0.059,0.166,0.924785339,-3.749426191,181,10.38342127,15.58717324,29.86291682,True,True,True,0.03728493993,0.05217104537,0.02081002529,True,True,True,0.093,0.083,0.218,True,True,True,True,True,True,results/plots/210422_Sample_B10_force_time.png,results/plots/210422_Sample_B10_force_extension.png
210422 MRC Sample B2Data.csv,22.04.2021,B,2,91.4,M,8wks,Tm1b Het,4.943244833,-0.004063200999,False,0.1106336011,60.08198241,140.8053333,15571.41542,0.015571415,14,0.125,8.027529932,1.657142857,0.232,854.1291848,1.027523831,0.01364285714,781.71,-0.497,0.191,0.3672965116,-9.238081446,21,1.762274053,10.795671,6.649101249,False,True,True,0.04450845427,0.05244781735,0.03398759881,True,True,True,0.125,0.084,0.125,True,True,True,True,True,True,results/plots/210422_Sample_B2_force_time.png,results/plots/210422_Sample_B2_force_extension.png
210422 MRC Sample B3Data.csv,22.04.2021,B,3,91.4,M,8wks,Tm1b Het,100,-0.04055332962,True,0.09755184632,63.28107925,98.76233333,7660.772496,0.007660772,12.001,0.052,6.78782765,3.199733356,0.384,1230.862522,0.6526757356,0.01599866678,781.71,-0.508,0.192,1,-19.0394836,3,0.7115450287,0.7521264796,1.049580142,False,False,False,0.07510007799,0.05731316117,0.1010111398,True,True,False,0.057,0.068,0.052,True,True,True,True,True,False,results/plots/210422_Sample_B3_force_time.png,results/plots/210422_Sample_B3_force_extension.png
210422 MRC Sample B8Data.csv,22.04.2021,B,8,91.4,M,8wks,Tm1b Het,22.96667522,-0.0388931553,False,0.06756312096,40.97259975,118.2676667,10985.55338,0.010985553,10,0.453,41.23597601,15.22,1.522,512.7910661,5.188632743,0.0138,784.37,0.059,0.138,0.8900976346,-2.086341519,179,30.73741668,25.78723987,76.12019164,True,True,True,0.02801918865,0.04160601354,0.02110045875,True,True,True,0.131,0.12,0.464,True,True,True,True,True,True,results/plots/210422_Sample_B8_force_time.png,results/plots/210422_Sample_B8_force_extension.png
210422 MRC Sample C1Data.csv,22.04.2021,C,1,176.2,M,8wks,Tm1b Hom,40.30480375,-0.06916725771,False,0.0497621101,33.80983783,85.552,5748.442808,0.005748443,13.999,0.198,34.44410947,8.000571469,1.12,795.4868753,10.95948938,0.02500178584,786.39,0.075,0.35,0.7939095496,-10.88065625,178,27.67045803,14.30219602,37.70222577,True,True,True,0.05547678646,0.04915566597,0.02318122774,True,True,True,0.078,0.078,0.208,True,True,True,True,True,True,results/plots/210422_Sample_C1_force_time.png,results/plots/210422_Sample_C1_force_extension.png
210422 MRC Sample C10Data.csv,22.04.2021,C,10,176.2,M,8wks,Tm1b Hom,16.81770217,-0.0280370626,False,0.05222852742,35.64934174,96.69566667,7343.513631,0.007343514,14,0.203,27.64344155,11.50714286,1.611,598.9083435,15.66007772,0.05464285714,791.73,0.122,0.765,0.3747856421,-16.36094813,58,9.183377408,44.83034191,53.29411946,True,True,True,0.04997526223,0.06302443259,0.03557619782,True,True,True,0.078,0.078,0.208,True,True,True,True,True,True,results/plots/210422_Sample_C10_force_time.png,results/plots/210422_Sample_C10_force_extension.png
210422 MRC Sample C2Data.csv,22.04.2021,C,2,176.2,M,8wks,Tm1b Hom,2.356457488,-0.004324158122,False,0.06339506031,24.4701009,107.0426667,8999.196217,0.008999196,14,0.224,24.89111249,5.5,0.77,643.1059915,7.556230579,0.02121428571,785.73,0.132,0.297,0.8428053349,-3.99941487,180,11.85021285,16.35434285,32.85462332,True,True,True,0.02952458519,0.0355099932,0.02339793383,True,True,True,0.151,0.125,0.271,True,True,True,True,True,True,results/plots/210422_Sample_C2_force_time.png,results/plots/210422_Sample_C2_force_extension.png
210422 MRC Sample C3Data.csv,22.04.2021,C,3,176.2,M,8wks,Tm1b Hom,29.40742991,-0.02510121895,False,0.0540555264,29.27026557,91.39333333,6560.227737,0.006560228,14.001,0.062,9.450891036,4.371116349,0.612,528.6179264,4.725445518,0.02699807157,786.75,0.059,0.378,0.7051257059,-9.495272193,76,10.94724604,5.363015006,9.086323783,True,True,True,0.07326553663,0.0674521583,0.0530110534,True,True,True,0.078,0.073,0.088,True,True,True,True,True,True,results/plots/210422_Sample_C3_force_time.png,results/plots/210422_Sample_C3_force_extension.png
210422 MRC Sample C4Data.csv,22.04.2021,C,4,176.2,M,8wks,Tm1b Hom,100,0.01096353158,True,0.01953080912,72.55195209,117.9303333,10922.97484,0.010922975,14,0.036,3.295805401,2.842857143,0.398,172.7934063,1.37325225,0.02757142857,786.86,0.017,0.386,0.4068061695,-3.624673469,62,7.66081628,0.5717739294,14.63400078,True,False,True,0.09653925486,0.1424551401,0.1345044477,False,False,False,0.036,0.021,0.036,True,True,True,False,False,False,results/plots/210422_Sample_C4_force_time.png,results/plots/210422_Sample_C4_force_extension.png
210422 MRC Sample C6Data.csv,22.04.2021,C,6,176.2,M,8wks,Tm1b Hom,9.89811681,-0.01915140066,False,0.08238784112,32.79365776,85.69266667,5767.361807,0.005767362,14,0.245,42.48042693,8.85,1.239,848.0872282,10.75014885,0.01857142857,785.23,0.069,0.26,0.8776120087,-6.091235602,180,9.151958273,10.77322912,49.56521316,True,True,True,0.06404052597,0.06145418534,0.02008330759,True,True,True,0.083,0.083,0.25,True,True,True,True,True,True,results/plots/210422_Sample_C6_force_time.png,results/plots/210422_Sample_C6_force_extension.png
210422 MRC Sample C7Data.csv,22.04.2021,C,7,176.2,M,8wks,Tm1b Hom,55.96517067,-0.02805239186,False,0.05697950229,54.53591679,110.6653333,9618.626789,0.009618627,14,0.088,9.148914913,18.37142857,2.572,356.1834237,1.039649422,0.008642857143,783.46,0.012,0.121,0.7274630999,-1.578524257,143,1.639284371,9.974553192,32.64702696,False,True,True,0.08045401758,0.1093083689,0.04492296507,False,False,True,0.052,0.041,0.088,True,True,True,False,False,True,results/plots/210422_Sample_C7_force_time.png,results/plots/210422_Sample_C7_force_extension.png
210422 MRC Sample C8Data.csv,22.04.2021,C,8,176.2,M,8wks,Tm1b Hom,9.219805682,-0.01546893827,False,0.04288094259,27.15397776,101.4113333,8077.237755,0.008077238,14,0.375,46.42676123,11.84285714,1.658,646.0301468,17.45646222,0.04442857143,789.91,0.148,0.622,0.8491591204,-10.85087751,181,12.4859654,28.16113584,140.1978275,True,True,True,0.04158105409,0.04118506477,0.01921292201,True,True,True,0.088,0.083,0.38,True,True,True,True,True,True,results/plots/210422_Sample_C8_force_time.png,results/plots/210422_Sample_C8_force_extension.png
210422 MRC Sample C9Data.csv,22.04.2021,C,9,176.2,M,8wks,Tm1b Hom,2.037938221,-0.0009553863272,False,0.02043645697,41.4682732,130.509,13377.37204,0.013377372,14.001,0.13,9.717902739,9.18505821,1.286,290.2758238,4.634692076,0.03014070424,787.32,0.064,0.422,0.7253424395,-4.40054526,150,14.7860557,8.987976582,30.54618858,True,True,True,0.07446696654,0.06462954264,0.04106618577,True,True,True,0.047,0.047,0.13,True,True,True,True,True,True,results/plots/210422_Sample_C9_force_time.png,results/plots/210422_Sample_C9_force_extension.png
210422 MRC Sample D1Data.csv,22.04.2021,D,1,81.2,M,52wks,Tm1b Hom,45.89625013,-0.08742393668,False,0.07197252494,35.18670448,91.063,6512.890684,0.006512891,14,0.395,60.64894991,13.83571429,1.937,837.1887156,24.7202049,0.05392857143,791.6,0.163,0.755,0.8130710007,-21.57078829,181,6.691715531,26.378632,109.4808001,True,True,True,0.04602478511,0.04893053024,0.02337207445,True,True,True,0.083,0.078,0.395,True,True,True,True,True,True,results/plots/210422_Sample_D1_force_time.png,results/plots/210422_Sample_D1_force_extension.png
210422 MRC Sample D10Data.csv,22.04.2021,D,10,81.2,M,52wks,Tm1b Hom,11.66630089,-0.002401456488,False,0.006619562679,31.04979628,182.969,26293.28872,0.026293289,14,0.583,22.17295828,13.77142857,1.928,286.7159847,9.279934511,0.06735714286,794.01,0.246,0.943,0.9102822513,-10.00075748,180,6.973070773,16.93768723,309.8986911,True,True,True,0.04492230993,0.07989894661,0.01623648067,True,True,True,0.057,0.052,0.588,True,True,True,True,True,True,results/plots/210422_Sample_D10_force_time.png,results/plots/210422_Sample_D10_force_extension.png
210422 MRC Sample D3Data.csv,22.04.2021,D,3,81.2,M,52wks,Tm1b Hom,14.96549941,-0.007883482393,False,0.03209378985,39.39713034,115.742,10521.35917,0.010521359,14.001,0.13,12.35581829,8.177987287,1.145,346.6633003,4.942327317,0.03756874509,788.65,0.054,0.526,0.7508772707,-7.798687842,159,1.563451413,15.86917032,19.33707761,False,True,True,0.1296443873,0.1243419608,0.04043977152,False,False,True,0.041,0.041,0.13,True,True,True,False,False,True,results/plots/210422_Sample_D3_force_time.png,results/plots/210422_Sample_D3_force_extension.png
210422 MRC Sample D4Data.csv,22.04.2021,D,4,81.2,M,52wks,Tm1b Hom,32.22435373,-0.05879253169,False,0.04851309622,42.43052821,127.961,12860.12329,0.012860123,14,0.947,73.63848697,14.07857143,1.971,822.8587994,31.95925887,0.06178571429,793.01,0.423,0.865,0.9425590638,-18.22529599,180,34.03280047,29.98988336,217.8628165,True,True,True,0.0319890712,0.02752324034,0.02819288905,True,True,True,0.135,0.146,0.957,True,True,True,True,True,True,results/plots/210422_Sample_D4_force_time.png,results/plots/210422_Sample_D4_force_extension.png
210422 MRC Sample D5Data.csv,22.04.2021,D,5,81.2,M,52wks,Tm1b Hom,100,-0.003437910068,True,-0.000632643885,-9.469318883,121.2783333,11551.97715,0.011551977,14.001,0.135,11.68631136,21.94843225,3.073,249.8872795,4.501394004,0.1294193272,805.21,0.054,1.812,0.657614055,-27.45129632,188,1.839079454,1.063633605,28.40922523,False,False,True,0.1489300655,0.1538079311,0.03157324629,False,False,True,0.021,0.021,0.135,True,True,True,False,False,True,results/plots/210422_Sample_D5_force_time.png,results/plots/210422_Sample_D5_force_extension.png
210422 MRC Sample D6Data.csv,22.04.2021,D,6,81.2,M,52wks,Tm1b Hom,100,-0.0005018627493,True,0.017441222,64.39637474,99.14466667,7720.200782,0.007720201,14.001,0.078,10.10336389,7.078065852,0.991,423.2131601,1.295303063,0.02878365831,787.03,0.012,0.403,0.6239969776,-10.46672264,140,1.929802699,3.738929927,25.62204381,False,True,True,0.07515539132,0.1119945298,0.05375843499,True,False,True,0.041,0.026,0.078,True,True,True,True,False,True,results/plots/210422_Sample_D6_force_time.png,results/plots/210422_Sample_D6_force_extension.png
210422 MRC Sample D8Data.csv,22.04.2021,D,8,81.2,M,52wks,Tm1b Hom,8.578791548,-0.005216591159,False,0.05271474226,55.75642204,97.852,7520.198335,0.007520198,14,0.187,24.86636655,9.757142857,1.366,566.9675027,6.914711554,0.03878571429,788.88,0.054,0.543,0.7944749579,-14.56611631,179,4.323256418,7.864542091,40.71131414,True,True,True,0.09088052654,0.1065688207,0.0348539806,False,False,True,0.046,0.046,0.192,True,True,True,False,False,True,results/plots/210422_Sample_D8_force_time.png,results/plots/210422_Sample_D8_force_extension.png
210422 MRC Sample D9Data.csv,22.04.2021,D,9,81.2,M,52wks,Tm1b Hom,6.252136397,-0.008544458913,False,0.1015549353,41.21816884,93.52033333,6869.133764,0.006869134,14,0.229,33.33753571,9.392857143,1.315,624.013994,6.842201652,0.01814285714,785.16,0.064,0.254,0.8245273241,-4.848498746,179,8.062518101,8.231235269,24.20253566,True,True,True,0.04998448671,0.06059924744,0.02052301043,True,True,True,0.105,0.078,0.244,True,True,True,True,True,True,results/plots/210422_Sample_D9_force_time.png,results/plots/210422_Sample_D9_force_extension.png
210423 MRC Sample A1Data.csv,23.04.2021,A,1,174.1,M,8wks,Tm1b Wt,37.4680168,-0.03026881013,False,0.05965559914,46.02293386,152.038,18154.91322,0.018154913,14,0.186,10.24516064,12.78571429,1.79,262.4445006,2.864238457,0.02121428571,785.72,0.051,0.297,0.8674182922,-2.37022899,181,6.83316184,12.71223188,23.89499749,True,True,True,0.04372191343,0.04370341972,0.02384194826,True,True,True,0.124,0.109,0.217,True,True,True,True,True,True,results/plots/210423_Sample_A1_force_time.png,results/plots/210423_Sample_A1_force_extension.png
210423 MRC Sample A10Data.csv,23.04.2021,A,10,174.1,M,8wks,Tm1b Wt,17.2337872,-0.0158064118,False,0.04300895375,44.77936127,150.8556667,17873.64543,0.017873645,14,0.304,17.00828231,12.24285714,1.714,430.640207,5.482933112,0.03007142857,787.31,0.092,0.421,0.9412279978,-6.68815949,181,58.73597054,14.83304854,46.22180021,True,True,True,0.04643435401,0.05173412035,0.01803569543,True,True,True,0.113,0.108,0.314,True,True,True,True,True,True,results/plots/210423_Sample_A10_force_time.png,results/plots/210423_Sample_A10_force_extension.png
210423 MRC Sample A2Data.csv,23.04.2021,A,2,174.1,M,8wks,Tm1b Wt,13.77562535,-0.008523202819,False,0.04459694878,45.40724249,126.5373333,12575.5572,0.012575557,14,0.175,13.9158846,15.45,2.163,412.3017119,2.862696261,0.02328571429,786.04,0.035,0.326,0.8454838899,-7.133693393,180,30.65477109,7.384674362,30.37102455,True,True,True,0.06592364018,0.08961816118,0.02605472265,True,False,True,0.077,0.061,0.19,True,True,True,True,False,True,results/plots/210423_Sample_A2_force_time.png,results/plots/210423_Sample_A2_force_extension.png
210423 MRC Sample A3Data.csv,23.04.2021,A,3,174.1,M,8wks,Tm1b Wt,14.90445504,-0.01312126916,False,0.07687088842,49.99249184,104.6786667,8606.097185,0.008606097,14,0.17,19.75343759,13.78571429,1.93,588.7739485,5.461244511,0.02764285714,786.86,0.051,0.387,0.8407638151,-10.26664834,179,19.99838575,6.933049147,27.3963875,True,True,True,0.05165263264,0.0901517261,0.0283638657,True,False,True,0.103,0.061,0.19,True,True,True,True,False,True,results/plots/210423_Sample_A3_force_time.png,results/plots/210423_Sample_A3_force_extension.png
210423 MRC Sample A4Data.csv,23.04.2021,A,4,174.1,M,8wks,Tm1b Wt,35.71369615,-0.04107166452,False,0.06460223189,38.84919518,122.171,11722.65918,0.011722659,14,0.206,17.57280494,12.36428571,1.731,461.5613373,10.15128052,0.04121428571,789.3,0.123,0.577,0.5634439963,-8.966828214,83,14.63500438,15.15589968,35.45633155,True,True,True,0.03435344741,0.04480211546,0.02953376668,True,True,True,0.113,0.103,0.226,True,True,True,True,True,True,results/plots/210423_Sample_A4_force_time.png,results/plots/210423_Sample_A4_force_extension.png
210423 MRC Sample A5Data.csv,23.04.2021,A,5,174.1,M,8wks,Tm1b Wt,18.07000006,-0.01715190683,False,0.06971152906,46.31483639,102.7393333,8290.168689,0.008290169,14.001,0.114,13.75122751,10.5063924,1.471,808.9686337,1.206248027,0.01764159703,785.07,0.014,0.247,0.6842599154,-13.66132327,73,29.91278318,7.010239152,15.93630912,True,True,True,0.07164440773,0.09086848983,0.03598054325,True,False,True,0.072,0.061,0.134,True,True,True,True,False,True,results/plots/210423_Sample_A5_force_time.png,results/plots/210423_Sample_A5_force_extension.png
210423 MRC Sample A6Data.csv,23.04.2021,A,6,174.1,M,8wks,Tm1b Wt,39.17407163,-0.04671177056,False,0.07546071205,43.86280742,122.818,11847.15098,0.011847151,14,0.186,15.69997715,18.47857143,2.587,378.9040115,4.389240924,0.021,785.68,0.051,0.294,0.8616319584,-3.25329201,181,6.361450741,13.24264796,30.38877982,True,True,True,0.04549914688,0.04249896699,0.03015273066,True,True,True,0.108,0.103,0.201,True,True,True,True,True,True,results/plots/210423_Sample_A6_force_time.png,results/plots/210423_Sample_A6_force_extension.png
210423 MRC Sample A7Data.csv,23.04.2021,A,7,174.1,M,8wks,Tm1b Wt,69.57803475,-0.07768410383,False,0.111076927,47.22339378,94.266,6979.109935,0.00697911,14,0.088,12.6090576,4.75,0.665,552.7122939,2.149271182,0.01978571429,785.45,0.014,0.277,0.8143276544,-7.687349173,179,3.244535547,7.162069023,12.79655052,True,True,True,0.05821115092,0.07862154303,0.05002366336,True,True,True,0.087,0.061,0.103,True,True,True,True,True,True,results/plots/210423_Sample_A7_force_time.png,results/plots/210423_Sample_A7_force_extension.png
210423 MRC Sample A8Data.csv,23.04.2021,A,8,174.1,M,8wks,Tm1b Wt,14.67691155,-0.01981829588,False,0.1447282386,48.13833017,119.3406667,11185.79358,0.011185794,14.001,0.237,21.18758847,12.37054496,1.732,546.2171247,12.42647594,0.03578315835,788.32,0.128,0.501,0.5389072378,-7.465218223,91,11.10200704,14.26947339,47.41539399,True,True,True,0.03135658812,0.04832976951,0.01787696882,True,True,True,0.16,0.119,0.258,True,True,True,True,True,True,results/plots/210423_Sample_A8_force_time.png,results/plots/210423_Sample_A8_force_extension.png
210423 MRC Sample A9Data.csv,23.04.2021,A,9,174.1,M,8wks,Tm1b Wt,21.05411404,-0.03687920439,False,0.07758108391,37.12228945,120.233,11353.69566,0.011353696,14.001,0.284,25.01388094,7.763731162,1.087,595.5991664,12.24270933,0.02892650525,787.09,0.107,0.405,0.8949138799,-5.593971451,181,58.14797971,38.70587141,40.88242965,True,True,True,0.03686883458,0.0490973272,0.02037480939,True,True,True,0.139,0.124,0.284,True,True,True,True,True,True,results/plots/210423_Sample_A9_force_time.png,results/plots/210423_Sample_A9_force_extension.png
210423 MRC Sample B1Data.csv,23.04.2021,B,1,92.3,M,8wks,Tm1b Het,-2.422063977,0.002630568013,False,0.08455097622,35.43680885,117.7656667,10892.49255,0.010892493,14.001,0.171,15.69888546,7.199485751,1.008,355.377794,3.855866605,0.01449896436,784.5,0.051,0.203,0.7745677361,-0.7593438286,182,10.83242619,58.12387522,123.7652179,True,True,True,0.03367032992,0.04163674475,0.02888342378,True,True,True,0.129,0.088,0.222,True,True,True,True,True,True,results/plots/210423_Sample_B1_force_time.png,results/plots/210423_Sample_B1_force_extension.png
210423 MRC Sample B10Data.csv,23.04.2021,B,10,92.3,M,8wks,Tm1b Het,23.89090979,-0.05098484342,False,0.05183289257,28.54127349,113.3506667,10091.08906,0.010091089,14,0.552,54.70172743,10.85,1.519,852.4160086,19.42307713,0.03428571429,788.06,0.205,0.48,0.950297274,-9.457812253,178,12.88444838,19.72891365,404.1597351,True,True,True,0.02454866739,0.02138472824,0.02729138666,True,True,True,0.139,0.165,0.552,True,True,True,True,True,True,results/plots/210423_Sample_B10_force_time.png,results/plots/210423_Sample_B10_force_extension.png
210423 MRC Sample B2Data.csv,23.04.2021,B,2,92.3,M,8wks,Tm1b Het,16.63773406,-0.01203540194,False,0.0315008633,39.90189045,103.719,8449.023599,0.008449024,14,0.217,25.68343989,9.035714286,1.265,592.8024857,6.154557023,0.02792857143,786.92,0.02,0.391,0.8424331574,-10.4020318,181,9.040489423,10.90576552,53.63033459,True,True,True,0.08281823515,0.08874051695,0.02080575781,False,False,True,0.046,0.046,0.217,True,True,True,False,False,True,results/plots/210423_Sample_B2_force_time.png,results/plots/210423_Sample_B2_force_extension.png
210423 MRC Sample B4Data.csv,23.04.2021,B,4,92.3,M,8wks,Tm1b Het,15.6269121,-0.00885483873,False,0.02600121737,40.2600542,113.5653333,10129.34682,0.010129347,14,0.315,31.09775981,9.042857143,1.266,589.0843481,7.108059384,0.03057142857,787.38,0.04,0.428,0.8519775805,-10.6334,181,9.74203311,6.395984766,44.94043309,True,True,True,0.08161808815,0.091019714,0.0107950586,False,False,True,0.057,0.046,0.32,True,True,True,False,False,True,results/plots/210423_Sample_B4_force_time.png,results/plots/210423_Sample_B4_force_extension.png
210423 MRC Sample B5Data.csv,23.04.2021,B,5,92.3,M,8wks,Tm1b Het,8.105839744,-0.0114279481,False,0.03496402188,38.92291297,105.91,8809.754729,0.008809755,14.001,0.408,46.31229813,12.24198272,1.714,691.9858623,12.94020095,0.03506892365,788.2,0.123,0.491,0.8904787761,-11.712008,180,53.77701543,49.9494737,276.6262558,True,True,True,0.03260469865,0.05595803789,0.01840635775,True,True,True,0.083,0.078,0.408,True,True,True,True,True,True,results/plots/210423_Sample_B5_force_time.png,results/plots/210423_Sample_B5_force_extension.png
210423 MRC Sample B6Data.csv,23.04.2021,B,6,92.3,M,8wks,Tm1b Het,6.018224254,-0.006924516537,False,0.07941947629,57.37698364,85.999,5808.669729,0.00580867,14.001,0.248,42.69479933,10.39211485,1.455,837.6920303,19.62583517,0.05413899007,791.63,0.123,0.758,0.7724548167,-26.08491643,181,17.95755294,28.19376038,171.559324,True,True,True,0.04929493009,0.05622681066,0.01644202415,True,True,True,0.047,0.047,0.248,True,True,True,True,True,True,results/plots/210423_Sample_B6_force_time.png,results/plots/210423_Sample_B6_force_extension.png
210423 MRC Sample B8Data.csv,23.04.2021,B,8,92.3,M,8wks,Tm1b Het,100,1.586899387e-18,True,0.0008943264708,4.352083014,152.307,18219.21283,0.018219213,14,0.145,7.958631363,13.02142857,1.823,179.3415336,4.006759238,0.1024285714,800.31,0.082,1.434,0.7347336913,-14.38244061,165,0.6739932341,0.5173867276,93.69779258,False,False,True,0.08352157112,0.07143366756,0.02999385125,False,True,True,0.02,0.02,0.15,True,True,True,False,True,True,results/plots/210423_Sample_B8_force_time.png,results/plots/210423_Sample_B8_force_extension.png
210423 MRC Sample B9Data.csv,23.04.2021,B,9,92.3,M,8wks,Tm1b Het,68.11140892,-0.02882541519,False,0.04522678292,70.28331662,120.1736667,11342.49264,0.011342493,14.001,0.145,12.78378572,8.942218413,1.252,307.9262449,4.143709853,0.04671094922,790.29,0.056,0.654,0.8260662579,-9.670924484,180,4.779312518,14.11131674,97.82054294,True,True,True,0.05694658758,0.08047075338,0.02896698529,True,False,True,0.041,0.041,0.145,True,True,True,True,False,True,results/plots/210423_Sample_B9_force_time.png,results/plots/210423_Sample_B9_force_extension.png
210423 MRC Sample C1Data.csv,23.04.2021,C,1,176.3,M,8wks,Tm1b Hom,1.034901045,-0.001385893927,False,0.04685543785,43.79556885,140.1763333,15432.60614,0.015432606,14,0.717,46.46007291,10.90714286,1.527,729.7236886,13.41315913,0.03257142857,787.76,0.216,0.456,0.9655845189,-9.955767893,179,14.52873164,86.66721321,289.4250361,True,True,True,0.02047948054,0.02703314055,0.02971229461,True,True,True,0.145,0.124,0.717,True,True,True,True,True,True,results/plots/210423_Sample_C1_force_time.png,results/plots/210423_Sample_C1_force_extension.png
210423 MRC Sample C10Data.csv,23.04.2021,C,10,176.3,M,8wks,Tm1b Hom,19.77582072,-0.01567905134,False,0.05249109103,46.99528622,91.53433333,6580.485355,0.006580485,14.001,0.052,7.902153109,4.063995429,0.569,206.565537,3.951076554,0.02414113278,786.24,0.04,0.338,0.2004139777,-1.389958535,70,1.240385022,7.698429743,7.428900943,False,True,True,0.1177080444,0.1411564038,0.09145364303,False,False,False,0.042,0.036,0.057,True,True,True,False,False,False,results/plots/210423_Sample_C10_force_time.png,results/plots/210423_Sample_C10_force_extension.png
210423 MRC Sample C2Data.csv,23.04.2021,C,2,176.3,M,8wks,Tm1b Hom,-35.47847139,0.02985838138,False,0.02003440146,15.27868178,117.4983333,10843.09578,0.010843096,14,0.279,25.73065848,9.435714286,1.321,478.0237673,9.499131982,0.03385714286,787.93,0.112,0.474,0.8573490408,-6.190513023,179,8.19284579,19.31925605,109.6362596,True,True,True,0.06109146061,0.05610751456,0.02893151638,True,True,True,0.088,0.083,0.279,True,True,True,True,True,True,results/plots/210423_Sample_C2_force_time.png,results/plots/210423_Sample_C2_force_extension.png
210423 MRC Sample C3Data.csv,23.04.2021,C,3,176.3,M,8wks,Tm1b Hom,12.29768845,-0.01559620915,False,0.08040467443,49.53722907,84.92866667,5664.981466,0.005664981,14,0.124,21.88886423,7.485714286,1.048,515.9575098,9.179201131,0.02842857143,787.01,0.061,0.398,0.7015895245,-5.439889343,152,2.819366921,29.71619358,83.45069922,False,True,True,0.04619857449,0.06086602694,0.03882696754,True,True,True,0.052,0.042,0.124,True,True,True,True,True,True,results/plots/210423_Sample_C3_force_time.png,results/plots/210423_Sample_C3_force_extension.png
210423 MRC Sample C4Data.csv,23.04.2021,C,4,176.3,M,8wks,Tm1b Hom,7.453840163e-12,-1.130577113e-15,False,0.0009499806302,1.775969765,103.175,8360.626772,0.008360627,14.001,0.15,17.94123814,14.70609242,2.059,609.7174119,9.927485104,0.0994214699,799.76,0.087,1.392,0.5242616791,-50.08978359,61,1.395468196,2.069453648,47.14368325,False,False,True,0.1015291846,0.1027047728,0.0263183153,False,False,True,0.025,0.025,0.16,True,True,True,False,False,True,results/plots/210423_Sample_C4_force_time.png,results/plots/210423_Sample_C4_force_extension.png
210423 MRC Sample C5Data.csv,23.04.2021,C,5,176.3,M,8wks,Tm1b Hom,33.67337667,-0.01668875226,False,0.03405809786,35.46005266,112.5013333,9940.43112,0.009940431,14,0.052,5.231161506,4.014285714,0.562,190.7013563,1.609588156,0.02957142857,787.22,0.051,0.414,0.8033704111,-3.823683423,166,1.944590423,4.831553879,8.092987436,False,True,True,0.127510494,0.1186819605,0.05721560549,False,False,True,0.042,0.042,0.078,True,True,True,False,False,True,results/plots/210423_Sample_C5_force_time.png,results/plots/210423_Sample_C5_force_extension.png
210423 MRC Sample C6Data.csv,23.04.2021,C,6,176.3,M,8wks,Tm1b Hom,100,2.489720231e-18,True,0.05252797926,72.35322181,121.596,11612.57304,0.011612573,14,0.031,2.669520355,2.771428571,0.388,118.9756575,0.4305677992,0.02464285714,786.33,0.014,0.345,0.1716573851,-2.494333385,25,1.335545948,2.602757757,16.72280199,False,False,True,0.04358883108,0.03818254416,0.09505842099,True,True,False,0.047,0.016,0.031,True,True,True,True,True,False,results/plots/210423_Sample_C6_force_time.png,results/plots/210423_Sample_C6_force_extension.png
210423 MRC Sample C8Data.csv,23.04.2021,C,8,176.3,M,8wks,Tm1b Hom,10.98377542,-0.007723284089,False,0.04599942674,50.15458783,118.7036667,11066.70033,0.0110667,14,0.088,7.951783278,4.221428571,0.591,414.802583,0.4518058681,0.009571428571,783.62,0.014,0.134,0.5682699537,-3.179499651,93,3.543561029,34.34866652,56.89493392,True,True,True,0.03424737445,0.03442520904,0.05613930178,True,True,True,0.067,0.057,0.088,True,True,True,True,True,True,results/plots/210423_Sample_C8_force_time.png,results/plots/210423_Sample_C8_force_extension.png
210423 MRC Sample C9Data.csv,23.04.2021,C,9,176.3,M,8wks,Tm1b Hom,62.12258682,-0.02274720179,False,0.03054295181,57.95641571,129.4586667,13162.91695,0.013162917,14.001,0.078,5.925738193,10.82065567,1.515,233.6104079,0.8356810272,0.02371259196,786.15,0.02,0.332,0.5276915753,-4.308565026,152,1.151905518,5.659764577,12.267496,False,True,True,0.1190194347,0.1301321022,0.06079232518,False,False,True,0.042,0.036,0.078,True,True,True,False,False,True,results/plots/210423_Sample_C9_force_time.png,results/plots/210423_Sample_C9_force_extension.png
210423 MRC Sample D1Data.csv,23.04.2021,D,1,88.2,M,52wks,Tm1b Hom,0.03755896768,-1.048366688e-05,False,0.02543112968,75.52995627,178.6916667,25078.32236,0.025078322,14,0.279,11.12514625,7.971428571,1.116,252.1058579,3.509006703,0.03314285714,787.88,0.097,0.464,0.8608840113,-4.656151833,179,28.59982935,29.71619358,184.952708,True,True,True,0.05107257665,0.03074778272,0.01752361645,True,True,True,0.047,0.047,0.284,True,True,True,True,True,True,results/plots/210423_Sample_D1_force_time.png,results/plots/210423_Sample_D1_force_extension.png
210423 MRC Sample D10Data.csv,23.04.2021,D,10,88.2,M,52wks,Tm1b Hom,7.47595351e-12,-1.04314705e-16,False,0.01954609432,45.88300485,137.878,14930.68839,0.014930688,14,0.036,2.411141402,4.178571429,0.585,70.32593649,0.3348807503,0.02985714286,787.26,0.014,0.418,0.1375476893,-1.721048106,68,2.982232945,0.8867893882,12.43579241,False,False,True,0.04891246857,0.09380350571,0.1099827123,True,False,False,0.051,0.02,0.046,True,True,True,True,False,False,results/plots/210423_Sample_D10_force_time.png,results/plots/210423_Sample_D10_force_extension.png
210423 MRC Sample D3Data.csv,23.04.2021,D,3,88.2,M,52wks,Tm1b Hom,100,1.401873826e-18,True,0.0003279644486,2.711972994,162.0466667,20623.86634,0.020623866,14,0.047,2.278913178,4.892857143,0.685,74.33610964,0.2424375721,0.02585714286,786.55,0.014,0.362,0.294766905,-1.282467033,54,0.8645647858,0.6152456129,29.71369918,False,False,True,0.06255058512,0.05422742139,0.06535824736,True,True,True,0.015,0.015,0.052,True,True,True,True,True,True,results/plots/210423_Sample_D3_force_time.png,results/plots/210423_Sample_D3_force_extension.png
210423 MRC Sample D4Data.csv,23.04.2021,D,4,88.2,M,52wks,Tm1b Hom,30.42447022,-0.01409177389,False,0.07571334259,37.24307032,86.11233333,5823.989667,0.00582399,14,0.01,1.717035915,0,0,,,,,,,,,0,5.318613575,3.003969435,1.181160739,True,True,False,0.07568493835,0.1697717766,0.2202910454,True,False,False,0.078,0.036,0.025,True,True,True,True,False,False,results/plots/210423_Sample_D4_force_time.png,results/plots/210423_Sample_D4_force_extension.png
210423 MRC Sample D5Data.csv,23.04.2021,D,5,88.2,M,52wks,Tm1b Hom,48.3841275,-0.009228164301,False,0.03336103566,43.17275385,105.6376667,8764.506783,0.008764507,14,0.036,4.107475754,6.742857143,0.944,88.66624981,1.711448231,0.0285,787.02,0.045,0.399,0.307870699,-1.029148425,123,2.986527092,1.642458071,2.974229531,False,False,False,0.1249828714,0.1605531674,0.0692204,False,False,True,0.041,0.031,0.041,True,True,True,False,False,False,results/plots/210423_Sample_D5_force_time.png,results/plots/210423_Sample_D5_force_extension.png
210423 MRC Sample D6Data.csv,23.04.2021,D,6,88.2,M,52wks,Tm1b Hom,96.49546117,-0.005008639736,False,0.02646811641,37.15685277,162.6326667,20773.29783,0.020773298,14.001,0.108,5.198981885,10.0349975,1.405,159.6571859,1.492300356,0.03556888794,788.29,0.056,0.498,0.8041371111,-3.876551441,181,12.7511601,1.270714366,18.77531552,True,False,True,0.06834891071,0.1397671036,0.03698186682,True,False,True,0.083,0.042,0.124,True,True,True,True,False,True,results/plots/210423_Sample_D6_force_time.png,results/plots/210423_Sample_D6_force_extension.png
210423 MRC Sample D7Data.csv,23.04.2021,D,7,88.2,M,52wks,Tm1b Hom,100,-0.002868001106,True,0.0003244355786,1.11153663,140.707,15549.674,0.015549674,14.001,0.006,0.3858601794,4.185415327,0.586,0,0,0,781.42,0.045,0,,0,39,0.8191090468,0.6429168453,2.281842683,False,False,False,0.1717644424,0.2648553913,0.1319848842,False,False,False,0.031,0.02,0.026,True,True,True,False,False,False,results/plots/210423_Sample_D7_force_time.png,results/plots/210423_Sample_D7_force_extension.png
210423 MRC Sample D8Data.csv,23.04.2021,D,8,88.2,M,52wks,Tm1b Hom,54.38804075,-0.00158719452,False,0.02741763482,54.40088817,180.753,25660.25156,0.025660252,14.001,0.041,1.597801923,3.692593386,0.517,95.03434884,0.3897077862,0.03592600529,788.36,0.014,0.503,0.3906131146,-2.739648022,71,1.479974558,1.868868439,10.74261401,False,False,True,0.05107450322,0.1113257818,0.08791529441,True,False,False,0.067,0.025,0.061,True,True,True,True,False,False,results/plots/210423_Sample_D8_force_time.png,results/plots/210423_Sample_D8_force_extension.png
210423 MRC Sample D9Data.csv,23.04.2021,D,9,88.2,M,52wks,Tm1b Hom,76.27800472,-0.002608840581,False,0.004296724703,7.763632277,119.0333333,11128.25508,0.011128255,14,0,0,0,0,,,,,,,,,0,0.8989637278,1.142856568,1.09888838,False,False,False,0.0881583586,0.1700637877,0.1733988781,False,False,False,0.03,0.015,0.01,True,True,False,False,False,False,results/plots/210423_Sample_D9_force_time.png,results/plots/210423_Sample_D9_force_extension.png
210426 MRC Sample A1Data.csv,26.04.2021,A,1,176.1,M,8wks,Tm1b Wt,34.53349401,-0.03246039247,False,0.04471693282,49.42649323,127.3013333,12727.87161,0.012727872,14,0.093,7.306798811,3.707142857,0.519,386.8874156,0.3928386458,0.002,782.27,0.493,0.028,0.6328637642,-0.2183865244,96,22.41506438,49.36683292,59.71328394,True,True,True,0.03866863769,0.05348368074,0.01900219434,True,True,True,0.083,0.078,0.098,True,True,True,True,True,True,results/plots/210426_Sample_A1_force_time.png,results/plots/210426_Sample_A1_force_extension.png
210426 MRC Sample A10Data.csv,26.04.2021,A,10,176.1,M,8wks,Tm1b Wt,11.05869388,-0.01210561182,False,0.07101328809,37.52431546,111.0386667,9683.633809,0.009683634,14.001,0.145,14.97371751,11.7991572,1.652,381.6738644,4.337214727,0.01649882151,784.86,0.535,0.231,0.7559691375,-1.276184383,180,4.384380952,11.59299441,15.72089876,True,True,True,0.06401116408,0.06642906752,0.03877381365,True,True,True,0.088,0.083,0.15,True,True,True,True,True,True,results/plots/210426_Sample_A10_force_time.png,results/plots/210426_Sample_A10_force_extension.png
210426 MRC Sample A2Data.csv,26.04.2021,A,2,176.1,M,8wks,Tm1b Wt,25.86759413,-0.02750058642,False,0.04455065583,44.61257367,105.1333333,8681.019857,0.00868102,14,0.171,19.69814607,10.45714286,1.464,474.7662765,5.414110323,0.023,786.04,0.535,0.322,0.8089589897,-5.213085588,180,21.40143047,31.93640193,28.31917905,True,True,True,0.04153674498,0.05242870663,0.03419213691,True,True,True,0.078,0.073,0.171,True,True,True,True,True,True,results/plots/210426_Sample_A2_force_time.png,results/plots/210426_Sample_A2_force_extension.png
210426 MRC Sample A3Data.csv,26.04.2021,A,3,176.1,M,8wks,Tm1b Wt,25.06513097,-0.0251790566,False,0.04003955062,30.12691626,101.792,8137.990457,0.00813799,14.001,0.13,15.97446052,8.999357189,1.26,609.2673354,1.351685121,0.01235626027,784.13,0.535,0.173,0.5884374334,-6.413009877,87,9.232874213,11.84403864,31.02255605,True,True,True,0.06351963699,0.06857042249,0.0282313012,True,True,True,0.073,0.067,0.145,True,True,True,True,True,True,results/plots/210426_Sample_A3_force_time.png,results/plots/210426_Sample_A3_force_extension.png
210426 MRC Sample A4Data.csv,26.04.2021,A,4,176.1,M,8wks,Tm1b Wt,-31.81825468,0.01825582085,False,0.04261751383,28.64672905,110.6316667,9612.775324,0.009612775,14.001,0.139,14.45992442,7.149489322,1.001,406.6920491,4.265157564,0.01314191843,784.22,0.545,0.184,0.760961712,-1.204836738,180,18.02438915,9.292578031,19.01051636,True,True,True,0.0544088582,0.07348603072,0.04184116116,True,True,True,0.094,0.073,0.145,True,True,True,True,True,True,results/plots/210426_Sample_A4_force_time.png,results/plots/210426_Sample_A4_force_extension.png
210426 MRC Sample A5Data.csv,26.04.2021,A,5,176.1,M,8wks,Tm1b Wt,20.9434375,-0.03039480656,False,0.1342536703,50.24919289,135.0413333,14322.64791,0.014322648,14.001,0.32,22.34223727,7.228055139,1.012,534.7233522,5.725198301,0.01821298479,785.17,0.612,0.255,0.9213238532,-3.992230344,181,10.86875869,86.62952473,114.9559515,True,True,True,0.02271272437,0.0268381337,0.02057334891,True,True,True,0.176,0.14,0.336,True,True,True,True,True,True,results/plots/210426_Sample_A5_force_time.png,results/plots/210426_Sample_A5_force_extension.png
210426 MRC Sample A6Data.csv,26.04.2021,A,6,176.1,M,8wks,Tm1b Wt,42.19086628,-0.03790563322,False,0.09387974317,40.18860207,122.752,11834.42155,0.011834422,14.001,0.248,20.95581854,10.81351332,1.514,537.1312457,1.351988293,0.007499464324,783.24,0.53,0.105,0.6801862459,-3.229641715,97,12.79475408,9.020108635,40.63991917,True,True,True,0.03209015131,0.05230581477,0.02097044149,True,True,True,0.161,0.104,0.274,True,True,True,True,True,True,results/plots/210426_Sample_A6_force_time.png,results/plots/210426_Sample_A6_force_extension.png
210426 MRC Sample A7Data.csv,26.04.2021,A,7,176.1,M,8wks,Tm1b Wt,32.28038744,-0.03759675065,False,0.07440989565,41.17030863,133.3213333,13960.12085,0.013960121,14,0.305,21.84794817,7.421428571,1.039,596.1333073,12.60734058,0.03428571429,788.11,0.69,0.48,0.8819433409,-7.573284531,91,11.44334466,15.34682748,49.89898485,True,True,True,0.0305469278,0.04113227983,0.02155996606,True,True,True,0.156,0.13,0.315,True,True,True,True,True,True,results/plots/210426_Sample_A7_force_time.png,results/plots/210426_Sample_A7_force_extension.png
210426 MRC Sample A8Data.csv,26.04.2021,A,8,176.1,M,8wks,Tm1b Wt,5.088727224,-0.002664099332,False,0.04111635997,38.09563051,129.593,13190.24823,0.013190248,14,0.078,5.913459701,2.778571429,0.389,268.7829568,0.7581358592,0.0015,782.17,0.498,0.021,0.6464410835,0.4603083446,137,5.907704958,18.54971445,19.78519657,True,True,True,0.05589325127,0.06633950715,0.04151122246,True,True,True,0.083,0.052,0.078,True,True,True,True,True,True,results/plots/210426_Sample_A8_force_time.png,results/plots/210426_Sample_A8_force_extension.png
210426 MRC Sample A9Data.csv,26.04.2021,A,9,176.1,M,8wks,Tm1b Wt,35.33757555,-0.03898635073,False,0.06622584831,38.64304525,122.539,11793.38686,0.011793387,14,0.243,20.60476774,8.078571429,1.131,470.2609861,7.461808893,0.02785714286,786.91,0.581,0.39,0.8460498135,-4.393253532,181,3.039568619,19.17544979,72.42990133,True,True,True,0.04517402566,0.05329875,0.02484675085,True,True,True,0.109,0.088,0.248,True,True,True,True,True,True,results/plots/210426_Sample_A9_force_time.png,results/plots/210426_Sample_A9_force_extension.png
210426 MRC Sample B1Data.csv,26.04.2021,B,1,102.2,M,8wks,Tm1b Het,-21.89813107,0.01112628563,False,0.02083279793,35.65841499,162.676,20784.36936,0.020784369,14.001,0.574,27.61690769,15.06320977,2.109,371.6877376,4.474516402,0.02949789301,787.2,0.581,0.413,0.9174251422,-6.222588863,181,53.97760899,56.49581537,412.8836418,True,True,True,0.03338289319,0.04220922497,0.02722583794,True,True,True,0.088,0.083,0.574,True,True,True,True,True,True,results/plots/210426_Sample_B1_force_time.png,results/plots/210426_Sample_B1_force_extension.png
210426 MRC Sample B10Data.csv,26.04.2021,B,10,102.2,M,8wks,Tm1b Het,-58.4167252,0.02600392575,False,0.02625444088,28.52498004,121.9776667,11685.58677,0.011685587,14.001,0.166,14.20553371,5.299621456,0.742,456.9994484,4.449926221,0.03142632669,787.54,0.576,0.44,0.7854136365,-8.409496841,171,9.439943532,8.245033784,24.05689554,True,True,True,0.07718920572,0.07652395901,0.03108030029,True,True,True,0.073,0.073,0.192,True,True,True,True,True,True,results/plots/210426_Sample_B10_force_time.png,results/plots/210426_Sample_B10_force_extension.png
210426 MRC Sample B3Data.csv,26.04.2021,B,3,102.2,M,8wks,Tm1b Het,-61.37713129,0.02664085298,False,0.03198742384,25.44722026,122.7603333,11836.02842,0.011836028,14,0.341,28.81034077,12.5,1.75,451.5330249,4.815804762,0.03264285714,787.76,0.571,0.457,0.8239702899,-8.159712246,179,15.29825675,7.120862052,50.78287405,True,True,True,0.06160969998,0.07886855741,0.02655197892,True,True,True,0.093,0.078,0.367,True,True,True,True,True,True,results/plots/210426_Sample_B3_force_time.png,results/plots/210426_Sample_B3_force_extension.png
210426 MRC Sample B4Data.csv,26.04.2021,B,4,102.2,M,8wks,Tm1b Het,8.331057655,-0.006188943159,False,0.03408891317,39.40784253,110.7356667,9630.856919,0.009630857,14,0.171,17.75542924,8.192857143,1.147,487.4506899,1.038329195,0.01078571429,783.83,0.498,0.151,0.598239872,-4.729936944,67,29.73952714,29.67754245,116.0239262,True,True,True,0.04381165064,0.0551160759,0.01977171434,True,True,True,0.052,0.042,0.171,True,True,True,True,True,True,results/plots/210426_Sample_B4_force_time.png,results/plots/210426_Sample_B4_force_extension.png
210426 MRC Sample B5Data.csv,26.04.2021,B,5,102.2,M,8wks,Tm1b Het,12.13004763,-0.01383983954,False,0.2172153399,62.03262129,101.5316667,8096.417823,0.008096418,14,0.134,16.55052889,5.028571429,0.704,576.2398688,9.51037854,0.02735714286,786.82,0.607,0.383,0.4789397035,-7.580767443,91,25.72066111,23.47896055,48.67390252,True,True,True,0.02740097743,0.05986465989,0.02687653577,True,True,True,0.135,0.078,0.176,True,True,True,True,True,True,results/plots/210426_Sample_B5_force_time.png,results/plots/210426_Sample_B5_force_extension.png
210426 MRC Sample B6Data.csv,26.04.2021,B,6,102.2,M,8wks,Tm1b Het,48.46016814,-0.01546325059,False,-0.001436469149,-1.916680188,98.98166667,7694.836669,0.007694837,14,0.015,1.949359031,0,0,,,,,,,,,0,1.312757618,3.537845207,1.267343809,False,True,False,0.1624697909,0.1757251789,0.1580819086,False,False,False,0.036,0.036,0.036,True,True,True,False,False,False,results/plots/210426_Sample_B6_force_time.png,results/plots/210426_Sample_B6_force_extension.png
210426 MRC Sample B7Data.csv,26.04.2021,B,7,102.2,M,8wks,Tm1b Het,66.38100935,-0.08367394531,False,0.04425543355,19.62116985,85.987,5807.048799,0.005807049,14.001,0.109,18.77029107,6.106706664,0.855,621.2995838,2.755272084,0.007142346975,783.18,0.54,0.1,0.6449143415,-1.624738709,170,3.092825103,15.69522498,27.10470364,True,True,True,0.04181891506,0.0636067592,0.03302223824,True,True,True,0.083,0.077,0.145,True,True,True,True,True,True,results/plots/210426_Sample_B7_force_time.png,results/plots/210426_Sample_B7_force_extension.png
210426 MRC Sample B9Data.csv,26.04.2021,B,9,102.2,M,8wks,Tm1b Het,17.06851105,-0.0168006586,False,0.01793401325,15.24016,106.3503333,8883.162198,0.008883162,14,0.192,21.61392531,6.771428571,0.948,618.9783177,12.27040552,0.0415,789.35,0.607,0.581,0.5476699751,-13.80951277,89,8.595244749,7.777040234,24.16248665,True,True,True,0.07281010975,0.07463504422,0.03878935857,True,True,True,0.078,0.073,0.197,True,True,True,True,True,True,results/plots/210426_Sample_B9_force_time.png,results/plots/210426_Sample_B9_force_extension.png
210426 MRC Sample C1Data.csv,26.04.2021,C,1,190.2,M,8wks,Tm1b Hom,10.50054213,-0.01000342512,False,0.031505626,24.27407596,104.5976667,8592.7836,0.008592784,14,0.181,21.06418595,8.942857143,1.252,559.6906222,9.65926759,0.03921428571,788.95,0.602,0.549,0.8273662725,-12.57329191,176,8.159686504,8.077307635,28.58797397,True,True,True,0.0754523811,0.06816739798,0.02842541648,True,True,True,0.073,0.073,0.202,True,True,True,True,True,True,results/plots/210426_Sample_C1_force_time.png,results/plots/210426_Sample_C1_force_extension.png
210426 MRC Sample C10Data.csv,26.04.2021,C,10,190.2,M,8wks,Tm1b Hom,6.868918012,-0.002375722689,False,0.02860399097,28.54910306,98.70033333,7651.157113,0.007651157,14.001,0.119,15.55320326,8.056567388,1.128,457.2178141,2.744682928,0.02871223484,787.06,0.535,0.402,0.7343646445,-9.261110077,181,4.468265064,2.656930496,15.40423359,True,False,True,0.09716726144,0.1344595269,0.03577455362,False,False,True,0.052,0.032,0.129,True,True,True,False,False,True,results/plots/210426_Sample_C10_force_time.png,results/plots/210426_Sample_C10_force_extension.png
210426 MRC Sample C3Data.csv,26.04.2021,C,3,190.2,M,8wks,Tm1b Hom,59.39300616,-0.03970303985,False,0.01599608095,24.57952429,123.6413333,12006.52255,0.012006523,14,0.098,8.162229815,7.492857143,1.049,315.0997747,1.332608949,0.02328571429,786.09,0.535,0.326,0.8282195034,-5.388995885,180,6.14624015,6.525417766,13.67290102,True,True,True,0.0794599264,0.07310563127,0.0432615385,True,True,True,0.068,0.068,0.113,True,True,True,True,True,True,results/plots/210426_Sample_C3_force_time.png,results/plots/210426_Sample_C3_force_extension.png
210426 MRC Sample C4Data.csv,26.04.2021,C,4,190.2,M,8wks,Tm1b Hom,8.606317793,-0.00148204581,False,0.01934706469,38.23885451,142.5763333,15965.58236,0.015965582,14,0.222,13.9049112,9.242857143,1.294,294.7233543,5.198683017,0.05078571429,791.02,0.592,0.711,0.7729130615,-9.496526049,179,8.485319777,2.611385502,33.65825534,True,False,True,0.07743876562,0.1407860985,0.02451563923,True,False,True,0.068,0.032,0.233,True,True,True,True,False,True,results/plots/210426_Sample_C4_force_time.png,results/plots/210426_Sample_C4_force_extension.png
210426 MRC Sample C5Data.csv,26.04.2021,C,5,190.2,M,8wks,Tm1b Hom,2.968100581,-0.00243853635,False,0.04286712536,39.38635053,104.706,8610.592156,0.008610592,14,0.202,23.45947874,8.9,1.246,438.0864976,4.877713402,0.02578571429,786.53,0.53,0.361,0.8100108088,-5.405421371,180,49.09473517,29.71619358,135.7103207,True,True,True,0.02557198893,0.04208463008,0.02262107953,True,True,True,0.088,0.047,0.202,True,True,True,True,True,True,results/plots/210426_Sample_C5_force_time.png,results/plots/210426_Sample_C5_force_extension.png
210426 MRC Sample C6Data.csv,26.04.2021,C,6,190.2,M,8wks,Tm1b Hom,32.03715965,-0.02347882825,False,0.03449774935,43.63491393,107.6963333,9109.44076,0.009109441,14.001,0.093,10.20918847,5.992429112,0.839,216.2219659,3.951943923,0.0231412042,786.06,0.524,0.324,0.6203952594,-1.193295773,180,2.261161429,7.535663734,36.05492038,False,True,True,0.07969384435,0.08298063762,0.05244298487,True,False,True,0.042,0.042,0.093,True,True,True,True,False,True,results/plots/210426_Sample_C6_force_time.png,results/plots/210426_Sample_C6_force_extension.png
210426 MRC Sample C7Data.csv,26.04.2021,C,7,190.2,M,8wks,Tm1b Hom,10.74984889,-0.01347189019,False,0.04082069686,21.02996995,103.6873333,8443.865203,0.008443865,14.001,0.352,41.68707103,12.41339904,1.738,696.7227788,8.645330071,0.02799800014,786.93,0.592,0.392,0.8917347995,-10.47046585,181,8.499195433,9.720180934,55.32605376,True,True,True,0.05012837476,0.04638379369,0.02578264805,True,True,True,0.104,0.094,0.367,True,True,True,True,True,True,results/plots/210426_Sample_C7_force_time.png,results/plots/210426_Sample_C7_force_extension.png
210426 MRC Sample C8Data.csv,26.04.2021,C,8,190.2,M,8wks,Tm1b Hom,36.42811104,-0.007623779179,False,0.02791983185,40.95510801,126.151,12498.88512,0.012498885,14.001,0.067,5.360478155,5.649596457,0.791,200.0586934,1.680149869,0.02671237769,786.71,0.53,0.374,0.7994285742,-3.599640397,160,7.426347135,2.189386606,8.133473962,True,False,True,0.1022025003,0.1527214255,0.07246307456,False,False,True,0.052,0.032,0.072,True,True,True,False,False,True,results/plots/210426_Sample_C8_force_time.png,results/plots/210426_Sample_C8_force_extension.png
210426 MRC Sample C9Data.csv,26.04.2021,C,9,190.2,M,8wks,Tm1b Hom,45.01270914,-0.05406216446,False,0.03539901366,23.17308068,95.26433333,7127.718615,0.007127719,14.001,0.326,45.73693211,11.97771588,1.677,760.9776253,13.7491391,0.03342618384,787.91,0.607,0.468,0.8046689815,-12.76854079,181,29.40715809,8.850210264,66.84723701,True,True,True,0.06420832593,0.07508619614,0.0235203917,True,True,True,0.077,0.073,0.331,True,True,True,True,True,True,results/plots/210426_Sample_C9_force_time.png,results/plots/210426_Sample_C9_force_extension.png
210426 MRC Sample D1Data.csv,26.04.2021,D,1,92.1,M,52wks,Tm1b Hom,52.4356456,-0.007903829186,False,0.02443101053,25.36286031,100.6776667,7960.78995,0.00796079,14,0.021,2.63792915,7.628571429,1.068,8.043039777e-14,0.6280783691,0,781.5,0.514,0,,0.6280783691,18,1.177962082,1.285633796,2.865431292,False,False,False,0.1448553901,0.1731702127,0.1249541107,False,False,False,0.042,0.036,0.042,True,True,True,False,False,False,results/plots/210426_Sample_D1_force_time.png,results/plots/210426_Sample_D1_force_extension.png
210426 MRC Sample D10Data.csv,26.04.2021,D,10,92.1,M,52wks,Tm1b Hom,-101.7171989,0.05115910457,False,0.01122959555,24.47363661,144.5936667,16420.57737,0.016420577,14,0.838,51.03352946,14.27857143,1.999,687.2899948,30.20600311,0.07892857143,796.09,1,1.105,0.9146584168,-24.1352154,98,10.76588346,16.59661845,182.5480724,True,True,True,0.05458193166,0.03700778025,0.02537046025,True,True,True,0.099,0.145,0.849,True,True,True,True,True,True,results/plots/210426_Sample_D10_force_time.png,results/plots/210426_Sample_D10_force_extension.png
210426 MRC Sample D2Data.csv,26.04.2021,D,2,92.1,M,52wks,Tm1b Hom,16.87523757,-0.002703107025,False,0.04041216581,46.64953523,142.862,16029.62391,0.016029624,14.001,0.072,4.491683648,45.06820941,6.31,153.612793,2.245841824,0.3776158846,849.92,0.54,5.287,0.5270227442,-55.56565535,73,8.389913202,2.529858435,17.62366279,True,False,True,0.07424623741,0.1659713758,0.05963651125,True,False,True,0.078,0.036,0.088,True,True,True,True,False,True,results/plots/210426_Sample_D2_force_time.png,results/plots/210426_Sample_D2_force_extension.png
210426 MRC Sample D3Data.csv,26.04.2021,D,3,92.1,M,52wks,Tm1b Hom,14.68016697,-0.003787190811,False,0.02656259314,60.40619406,162.0526667,20625.39362,0.020625394,14.001,0.197,9.551332692,10.93493322,1.531,223.949388,1.551485513,0.03042639811,787.36,0.53,0.426,0.8276335667,-4.927894349,181,1.664361979,13.23093602,33.78666916,False,True,True,0.1204890275,0.1586122803,0.02267452089,False,False,True,0.042,0.036,0.207,True,True,True,False,False,True,results/plots/210426_Sample_D3_force_time.png,results/plots/210426_Sample_D3_force_extension.png
210426 MRC Sample D5Data.csv,26.04.2021,D,5,92.1,M,52wks,Tm1b Hom,31.09248898,-0.01424881939,False,0.02369531449,40.05657144,126.3873333,12545.76021,0.01254576,14.001,0.311,24.78925151,19.92714806,2.79,341.9593521,8.688194258,0.09499321477,798.97,0.597,1.33,0.8248603628,-23.9665822,181,1.007655717,20.38758193,208.8567275,False,True,True,0.08616209733,0.121184216,0.01608358447,False,False,True,0.042,0.036,0.311,True,True,True,False,False,True,results/plots/210426_Sample_D5_force_time.png,results/plots/210426_Sample_D5_force_extension.png
210426 MRC Sample D6Data.csv,26.04.2021,D,6,92.1,M,52wks,Tm1b Hom,13.99998986,-0.012729767,False,0.02236605546,22.75795915,127.6376667,12795.21519,0.012795215,14.001,0.409,31.96507444,13.6847368,1.916,404.8306638,8.128038489,0.0424969645,789.53,0.592,0.595,0.8477085221,-8.686033455,181,6.61552822,12.16991869,71.06706968,True,True,True,0.0706053333,0.07213783925,0.02118393623,True,True,True,0.083,0.083,0.409,True,True,True,True,True,True,results/plots/210426_Sample_D6_force_time.png,results/plots/210426_Sample_D6_force_extension.png
210426 MRC Sample D7Data.csv,26.04.2021,D,7,92.1,M,52wks,Tm1b Hom,9.947073276,-0.002950919386,False,0.03576271288,44.90231827,127.3643333,12740.47249,0.012740472,14,0.197,15.46253545,10.47857143,1.467,385.8903241,8.947863156,0.06335714286,793.28,0.607,0.887,0.6413147107,-16.05507853,95,1.389720906,4.302688216,35.55477518,False,True,True,0.1170070746,0.1517674596,0.02572846238,False,False,True,0.047,0.036,0.202,True,True,True,False,False,True,results/plots/210426_Sample_D7_force_time.png,results/plots/210426_Sample_D7_force_extension.png
210426 MRC Sample D8Data.csv,26.04.2021,D,8,92.1,M,52wks,Tm1b Hom,45.0717272,-0.005891017903,False,0.007053346171,14.482657,127.2916667,12725.93871,0.012725939,14,0.057,4.4790408,6.921428571,0.969,81.89211595,0.3928983158,0.019,785.32,0.514,0.266,0.1990463379,-1.032231621,56,1.650764835,1.453800575,6.71457281,False,False,True,0.160031051,0.1669575897,0.06567019024,False,False,True,0.037,0.036,0.073,True,True,True,False,False,True,results/plots/210426_Sample_D8_force_time.png,results/plots/210426_Sample_D8_force_extension.png
210426 MRC Sample D9Data.csv,26.04.2021,D,9,92.1,M,52wks,Tm1b Hom,52.07272917,-0.04075371365,False,0.05708679935,45.58677588,101.99,8169.680358,0.00816968,14,0.486,59.48825413,13.72857143,1.922,693.4657609,11.3835548,0.03657142857,788.48,0.602,0.512,0.8445262946,-14.3645829,180,18.98992794,9.403629341,78.57054185,True,True,True,0.07598027448,0.07221109597,0.03182252939,True,True,True,0.073,0.073,0.502,True,True,True,True,True,True,results/plots/210426_Sample_D9_force_time.png,results/plots/210426_Sample_D9_force_extension.png
210427 MRC Sample A1Data.csv,27.04.2021,A,1,107.3,M,8wks,oim Wt,51.70617926,-0.07753999853,False,0.09302507574,50.26821196,92.562,6729.074572,0.006729075,14,0.176,26.15515505,5.728571429,0.802,818.52525,6.836006435,0.02214285714,785.9,0.078,0.31,0.8355221008,-12.56337346,181,8.909985825,7.642628409,25.49593471,True,True,True,0.04926254503,0.07361827186,0.03494892936,True,True,True,0.088,0.083,0.202,True,True,True,True,True,True,results/plots/210427_Sample_A1_force_time.png,results/plots/210427_Sample_A1_force_extension.png
210427 MRC Sample A10Data.csv,27.04.2021,A,10,107.3,M,8wks,oim Wt,35.70257654,-0.05143255877,False,0.2061653848,49.16696989,115.4313333,10464.95356,0.010464954,14,0.228,21.78700451,6.492857143,0.909,671.0033897,10.89350226,0.02892857143,787.1,0.156,0.405,0.9111359909,-9.170352565,160,15.09448764,35.73868528,68.71307934,True,True,True,0.02206545513,0.03631091602,0.02049365437,True,True,True,0.207,0.129,0.259,True,True,True,True,True,True,results/plots/210427_Sample_A10_force_time.png,results/plots/210427_Sample_A10_force_extension.png
210427 MRC Sample A2Data.csv,27.04.2021,A,2,107.3,M,8wks,oim Wt,34.01126789,-0.02702124007,False,0.06431077039,30.13979004,81.69566667,5241.890248,0.00524189,14,0.103,19.64940127,6.985714286,0.978,896.6355346,9.72931519,0.02935714286,787.17,0.078,0.411,0.7774925365,-18.76362625,180,6.837453617,3.375887995,16.26082304,True,True,True,0.07231767386,0.07898709584,0.05319786694,True,True,True,0.083,0.062,0.124,True,True,True,True,True,True,results/plots/210427_Sample_A2_force_time.png,results/plots/210427_Sample_A2_force_extension.png
210427 MRC Sample A3Data.csv,27.04.2021,A,3,107.3,M,8wks,oim Wt,37.04849019,-0.02717307154,False,0.1577320533,49.00816118,109.1893333,9363.760775,0.009363761,14,0.192,20.50458144,7.785714286,1.09,589.0648287,6.087297615,0.02414285714,786.24,0.068,0.338,0.8329507451,-7.887286151,182,8.72762904,6.080335941,40.10939005,True,True,True,0.03936490618,0.07710570527,0.01970409856,True,True,True,0.14,0.072,0.207,True,True,True,True,True,True,results/plots/210427_Sample_A3_force_time.png,results/plots/210427_Sample_A3_force_extension.png
210427 MRC Sample A4Data.csv,27.04.2021,A,4,107.3,M,8wks,oim Wt,63.08669183,-0.06381477874,False,0.07012714763,35.0139637,103.3883333,8395.236785,0.008395237,14,0.134,15.96143146,7.871428571,1.102,614.6680355,5.479297368,0.02328571429,786.1,0.078,0.326,0.7925117515,-9.619465179,180,7.97926684,16.67820611,37.96406756,True,True,True,0.03998552612,0.06110480617,0.02923320921,True,True,True,0.103,0.083,0.16,True,True,True,True,True,True,results/plots/210427_Sample_A4_force_time.png,results/plots/210427_Sample_A4_force_extension.png
210427 MRC Sample A5Data.csv,27.04.2021,A,5,107.3,M,8wks,oim Wt,15.6838317,-0.01922864448,False,0.07702317064,38.80054755,114.21,10244.67403,0.010244674,14.001,0.192,18.74144556,6.728090851,0.942,493.2064211,6.637595301,0.02071280623,785.62,0.084,0.29,0.8325728113,-4.709385297,181,54.5993792,9.868510225,30.48826329,True,True,True,0.04832609544,0.05193333613,0.02580202098,True,True,True,0.124,0.103,0.207,True,True,True,True,True,True,results/plots/210427_Sample_A5_force_time.png,results/plots/210427_Sample_A5_force_extension.png
210427 MRC Sample A6Data.csv,27.04.2021,A,6,107.3,M,8wks,oim Wt,14.51863039,-0.022947343,False,0.1326208942,44.19600756,104.2233333,8531.390066,0.00853139,14.001,0.186,21.80184003,6.992357689,0.979,583.3480106,4.219710973,0.01721305621,784.99,0.058,0.241,0.814823176,-4.63350482,182,11.32844842,10.73356544,28.1402402,True,True,True,0.04556980325,0.05281061701,0.02792170063,True,True,True,0.134,0.103,0.207,True,True,True,True,True,True,results/plots/210427_Sample_A6_force_time.png,results/plots/210427_Sample_A6_force_extension.png
210427 MRC Sample A7Data.csv,27.04.2021,A,7,107.3,M,8wks,oim Wt,100,0.04447526232,True,-0.01755830849,-20.21495088,93.706,6896.435531,0.006896436,14,0.098,14.21023845,6.428571429,0.9,742.1786751,6.670111924,0.03835714286,788.79,0.078,0.537,0.7891722283,-22.77517107,164,0.9817705626,1.423839234,24.39942564,False,False,True,0.1046194152,0.1342053185,0.03605304997,False,False,True,0.041,0.041,0.119,True,True,True,False,False,True,results/plots/210427_Sample_A7_force_time.png,results/plots/210427_Sample_A7_force_extension.png
210427 MRC Sample A8Data.csv,27.04.2021,A,8,107.3,M,8wks,oim Wt,12.57327812,-0.01600661816,False,0.1381747956,44.33160156,95.61666667,7180.539579,0.00718054,14.001,0.129,17.96522267,6.428112278,0.9,621.2010321,4.317224053,0.02128419399,785.72,0.068,0.298,0.8532106453,-8.618819817,164,10.1057402,10.08082576,26.59680104,True,True,True,0.03959012931,0.05279596286,0.03445288606,True,True,True,0.124,0.083,0.155,True,True,True,True,True,True,results/plots/210427_Sample_A8_force_time.png,results/plots/210427_Sample_A8_force_extension.png
210427 MRC Sample A9Data.csv,27.04.2021,A,9,107.3,M,8wks,oim Wt,60.51759698,-0.04643611419,False,0.02255545564,22.6449519,119.963,11302.76029,0.01130276,14.001,0.166,14.6866783,5.535318906,0.775,463.3741902,4.158276386,0.02464109706,786.33,0.084,0.345,0.797559982,-8.218433649,164,8.023155363,7.976918371,27.3175098,True,True,True,0.04460326121,0.06795058757,0.02703270102,True,True,True,0.103,0.078,0.197,True,True,True,True,True,True,results/plots/210427_Sample_A9_force_time.png,results/plots/210427_Sample_A9_force_extension.png
210427 MRC Sample B1Data.csv,27.04.2021,B,1,103.2,M,8wks,oim Het,14.38453059,-0.02056540841,False,0.04733317482,19.45189705,77.26,4688.126146,0.004688126,14,0.067,14.29142476,5.028571429,0.704,412.8827475,2.133048472,0.005785714286,782.94,0.032,0.081,0.7000906496,0.3692362942,131,3.549985656,5.518636432,8.954908592,True,True,True,0.09311310651,0.099463587,0.05877767494,False,False,True,0.067,0.062,0.083,True,True,True,False,False,True,results/plots/210427_Sample_B1_force_time.png,results/plots/210427_Sample_B1_force_extension.png
210427 MRC Sample B2Data.csv,27.04.2021,B,2,103.2,M,8wks,oim Het,28.1880084,-0.02849476679,False,0.04746158331,23.54449662,89.64766667,6312.012671,0.006312013,14,0.181,28.6754796,8.007142857,1.121,800.9350983,9.822539973,0.02621428571,786.61,0.084,0.367,0.8287860651,-12.90640918,181,6.396080363,8.187656295,23.56252077,True,True,True,0.07161215398,0.07994119502,0.02174585408,True,True,True,0.083,0.078,0.207,True,True,True,True,True,True,results/plots/210427_Sample_B2_force_time.png,results/plots/210427_Sample_B2_force_extension.png
210427 MRC Sample B3Data.csv,27.04.2021,B,3,103.2,M,8wks,oim Het,-2106.249501,0.01402206837,False,-0.0003948836149,-0.6141082873,109.9173333,9489.039364,0.009489039,14.001,0.015,1.580771246,3.785443897,0.53,4.551698185e-14,0.5269237485,0.0007856581673,782,0.037,0.011,,0.5269237485,33,1.617975603,1.461814776,1.800573636,False,False,False,0.1491419913,0.1414652378,0.1537083044,False,False,False,0.041,0.041,0.041,True,True,True,False,False,False,results/plots/210427_Sample_B3_force_time.png,results/plots/210427_Sample_B3_force_extension.png
210427 MRC Sample B4Data.csv,27.04.2021,B,4,103.2,M,8wks,oim Het,11.99008257,-0.006851312517,False,0.02593102829,19.35640448,102.632,8272.856013,0.008272856,14,0.207,25.02158868,10.10714286,1.415,531.1440914,4.955966839,0.0255,786.49,0.073,0.357,0.833007588,-8.809222084,167,11.51689282,3.980639823,29.5194109,True,True,True,0.07057107958,0.1082682657,0.0310910691,True,False,True,0.083,0.057,0.228,True,True,True,True,False,True,results/plots/210427_Sample_B4_force_time.png,results/plots/210427_Sample_B4_force_extension.png
210427 MRC Sample B6Data.csv,27.04.2021,B,6,103.2,M,8wks,oim Het,5.448920272,-0.006487326605,False,0.04896360985,27.11967145,79.10866667,4915.163975,0.004915164,14.001,0.165,33.56958181,7.163774016,1.003,963.4810974,12.61402468,0.03299764303,787.83,0.063,0.462,0.7909780599,-18.32074121,180,1.595656394,9.75075027,40.4070029,False,True,True,0.08002200063,0.07036052334,0.02532114102,False,True,True,0.057,0.051,0.165,True,True,True,False,True,True,results/plots/210427_Sample_B6_force_time.png,results/plots/210427_Sample_B6_force_extension.png
210427 MRC Sample B7Data.csv,27.04.2021,B,7,103.2,M,8wks,oim Het,-89.99595358,0.01354572581,False,0.01112190929,12.33766914,105.2746667,8704.375775,0.008704376,14.001,0.129,14.82013185,7.328047997,1.026,666.535087,8.271701498,0.04199700021,789.44,0.073,0.588,0.7578186867,-19.46541932,85,4.707323966,4.368698311,26.12922286,True,True,True,0.08877634008,0.1070819236,0.03809253016,False,False,True,0.052,0.052,0.129,True,True,True,False,False,True,results/plots/210427_Sample_B7_force_time.png,results/plots/210427_Sample_B7_force_extension.png
210427 MRC Sample B8Data.csv,27.04.2021,B,8,103.2,M,8wks,oim Het,73.69954967,-0.007592420779,False,0.04508191672,41.54471644,108.698,9279.679737,0.00927968,14,0.098,10.56070899,20.77857143,2.909,692.5391418,5.495879168,0.187,815.55,0.078,2.618,0.7232871007,-123.6269274,88,9.446298622,0.5103640468,14.26616131,True,False,True,0.09759136642,0.2091956432,0.04665668146,False,False,True,0.067,0.031,0.119,True,True,True,False,False,True,results/plots/210427_Sample_B8_force_time.png,results/plots/210427_Sample_B8_force_extension.png
210427 MRC Sample C10Data.csv,27.04.2021,C,10,160.3,M,8wks,oim Hom,29.80124486,-0.009458108364,False,0.002664267018,6.842817209,74.85766667,4401.11233,0.004401112,12.001,0.026,5.907597898,0,0,,,,,,,,,0,4.273020796,2.958411232,1.439034873,True,False,False,0.1065806071,0.1759219615,0.1925204075,False,False,False,0.041,0.036,0.036,True,True,True,False,False,False,results/plots/210427_Sample_C10_force_time.png,results/plots/210427_Sample_C10_force_extension.png
210427 MRC Sample C2Data.csv,27.04.2021,C,2,160.3,M,8wks,oim Hom,-37.95512035,0.02113496533,False,0.01835547559,5.635089959,49.95066667,1959.622689,0.001959623,12,0.051,26.02541407,4.066666667,0.488,638.1006141,2.551511184,0.03275,787.79,0.032,0.393,0.3721015836,-15.91964878,91,1.100848628,3.090276372,3.231055854,False,True,True,0.1510470099,0.1596455443,0.06192659538,False,False,True,0.041,0.036,0.082,True,True,True,False,False,True,results/plots/210427_Sample_C2_force_time.png,results/plots/210427_Sample_C2_force_extension.png
210427 MRC Sample C3Data.csv,27.04.2021,C,3,160.3,M,8wks,oim Hom,61.25481567,-0.08837061291,False,0.05669731264,18.35930924,48.83533333,1873.088054,0.001873088,12.001,0.041,21.8889876,5.582868094,0.67,803.817685,5.338777463,0.01808182651,785.15,0.011,0.217,0.4064640051,-11.60004564,84,18.59083507,13.55108028,25.49734144,True,True,True,0.04996613379,0.0797945202,0.05888028382,True,True,True,0.052,0.042,0.052,True,True,True,True,True,True,results/plots/210427_Sample_C3_force_time.png,results/plots/210427_Sample_C3_force_extension.png
210427 MRC Sample C4Data.csv,27.04.2021,C,4,160.3,M,8wks,oim Hom,16.98570081,-0.009422032285,False,0.004799451269,2.110764795,48.69233333,1862.134533,0.001862135,12.001,0.046,24.70282767,7.107741022,0.853,982.3713965,10.74035986,0.0403299725,789.14,0.016,0.484,0.5473961054,-31.97634614,132,2.170388665,2.641382485,10.63797269,False,False,True,0.1321525626,0.1218108566,0.1060160023,False,False,False,0.026,0.021,0.057,True,True,True,False,False,False,results/plots/210427_Sample_C4_force_time.png,results/plots/210427_Sample_C4_force_extension.png
210427 MRC Sample C5Data.csv,27.04.2021,C,5,160.3,M,8wks,oim Hom,18.2293515,-0.02765995079,False,0.06427446588,26.67958208,68.148,3647.506805,0.003647507,12.001,0.072,19.73950975,8.657611866,1.039,1058.314409,9.869754876,0.05049579202,790.99,0.037,0.606,0.6643958233,-43.86127549,85,2.286137273,21.04773889,32.33380878,False,True,True,0.06640413401,0.08552789639,0.08799273848,True,False,False,0.052,0.052,0.077,True,True,True,True,False,False,results/plots/210427_Sample_C5_force_time.png,results/plots/210427_Sample_C5_force_extension.png
210427 MRC Sample C6Data.csv,27.04.2021,C,6,160.3,M,8wks,oim Hom,100,-0.01652527467,True,-9.498359934e-05,-0.06276176504,64.673,3285.003946,0.003285004,12,0.005,1.522068162,0,0,,,,,,,,,0,0.6646166508,1.243903409,1.154148875,False,False,False,0.1357962315,0.1308244841,0.2611525031,False,False,False,0.031,0.031,0.041,True,True,True,False,False,False,results/plots/210427_Sample_C6_force_time.png,results/plots/210427_Sample_C6_force_extension.png
210427 MRC Sample C8Data.csv,27.04.2021,C,8,160.3,M,8wks,oim Hom,7.450560799e-12,-1.96139401e-15,False,0.02809119372,18.08032555,85.065,5683.183699,0.005683184,12,0.047,8.270012021,4.9,0.588,350.6545353,3.695111754,0.04758333333,790.45,0.058,0.571,0.3565685412,-12.93816813,62,3.077291476,2.259289043,11.4369941,True,False,True,0.08470657174,0.0744524154,0.116960222,False,True,False,0.052,0.052,0.083,True,True,True,False,True,False,results/plots/210427_Sample_C8_force_time.png,results/plots/210427_Sample_C8_force_extension.png
210427 MRC Sample C9Data.csv,27.04.2021,C,9,160.3,M,8wks,oim Hom,57.50808729,-0.08149020355,False,0.0343818377,19.62356319,73.60566667,4255.125588,0.004255126,12.001,0.067,15.7457147,5.507874344,0.661,1052.694068,2.350106671,0.02008165986,785.51,0.011,0.241,0.5833647931,-20.00545295,104,9.889975485,8.599735483,15.63945361,True,True,True,0.06935499839,0.07554038825,0.0517831794,True,True,True,0.062,0.057,0.093,True,True,True,True,True,True,results/plots/210427_Sample_C9_force_time.png,results/plots/210427_Sample_C9_force_extension.png
210427 MRC Sample D1Data.csv,27.04.2021,D,1,120.2,M,52wks,Tm1b Hom,94.18357297,-0.008330400995,False,0.04627310737,58.83200112,120.0126667,11312.1213,0.011312121,12.001,0.098,8.663273669,13.77385218,1.653,400.757648,0.4420037586,0.02558120157,786.5,0.006,0.307,0.6686317397,-9.543926284,102,2.212745208,7.843705493,45.9005655,False,True,True,0.05545130958,0.05045907509,0.06115970015,True,True,True,0.047,0.032,0.103,True,True,True,True,True,True,results/plots/210427_Sample_D1_force_time.png,results/plots/210427_Sample_D1_force_extension.png
210427 MRC Sample D10Data.csv,27.04.2021,D,10,120.2,M,52wks,Tm1b Hom,6.351053703,-0.002525637588,False,0.03878324126,47.70781877,122.259,11739.55297,0.011739553,14,0.207,17.63269862,13.68571429,1.916,338.0505324,5.707201969,0.05621428571,792,0.068,0.787,0.8213869047,-13.47062462,179,3.456537627,12.75695132,64.32136523,True,True,True,0.06958938915,0.1075620616,0.02413978693,True,False,True,0.062,0.047,0.207,True,True,True,True,False,True,results/plots/210427_Sample_D10_force_time.png,results/plots/210427_Sample_D10_force_extension.png
210427 MRC Sample D2Data.csv,27.04.2021,D,2,120.2,M,52wks,Tm1b Hom,75.55645314,-0.001064673685,False,0.04981168052,57.39679629,117.0066667,10752.54072,0.010752541,14.001,0.036,3.348045825,3.735447468,0.523,142.3641188,0.4650063645,0.02814084708,786.96,0.006,0.394,0.3091281311,-3.409832009,82,2.485485188,1.29005997,19.94699898,False,False,True,0.04901854213,0.08917474607,0.09887713701,True,False,False,0.057,0.021,0.047,True,True,True,True,False,False,results/plots/210427_Sample_D2_force_time.png,results/plots/210427_Sample_D2_force_extension.png
210427 MRC Sample D3Data.csv,27.04.2021,D,3,120.2,M,52wks,Tm1b Hom,7.502046007e-12,-1.07784152e-16,False,0.05247406456,61.48518139,121.5323333,11600.41573,0.011600416,14,0.036,3.103336984,3.392857143,0.475,136.7786694,0.4310190255,0.029,787.12,0.006,0.406,0.3373129656,-3.435717464,51,2.257036196,0.9496867162,13.5957163,False,False,True,0.05016506879,0.1250805025,0.08069116691,True,False,False,0.052,0.016,0.047,True,True,True,True,False,False,results/plots/210427_Sample_D3_force_time.png,results/plots/210427_Sample_D3_force_extension.png
210427 MRC Sample D4Data.csv,27.04.2021,D,4,120.2,M,52wks,Tm1b Hom,42.91736611,-0.002208594643,False,0.04179487073,56.85492037,138.387,15041.1302,0.01504113,14,0.248,16.4881229,13.5,1.89,311.8387612,9.573748781,0.09557142857,799.06,0.14,1.338,0.6469587793,-19.84251485,54,36.03020668,1.203084783,96.60589323,True,False,True,0.04276139005,0.1254270051,0.01995679535,True,False,True,0.083,0.021,0.254,True,True,True,True,False,True,results/plots/210427_Sample_D4_force_time.png,results/plots/210427_Sample_D4_force_extension.png
210427 MRC Sample D5Data.csv,27.04.2021,D,5,120.2,M,52wks,Tm1b Hom,100,-0.04504814069,False,0.04589410651,49.8103228,109.0656667,9342.562208,0.009342562,14,0.041,4.388517839,10.98571429,1.538,349.2171352,0.5351851023,0.02464285714,786.33,0.006,0.345,0.525079885,-8.268668166,53,2.606722156,19.29818186,21.66617718,False,True,True,0.04667176367,0.0426760426,0.08569783122,True,True,False,0.052,0.052,0.046,True,True,True,True,True,False,results/plots/210427_Sample_D5_force_time.png,results/plots/210427_Sample_D5_force_extension.png
210427 MRC Sample D6Data.csv,27.04.2021,D,6,120.2,M,52wks,Tm1b Hom,24.46891534,-0.02764445771,False,0.04900040539,58.89220256,119.22,11163.18485,0.011163185,14.001,0.595,53.30020061,11.92771945,1.67,701.6264962,31.53221952,0.07685165345,795.7,0.368,1.076,0.8024848762,-22.05964178,96,3.12799007,10.85092525,89.4297462,True,True,True,0.05674399688,0.03593211949,0.0308279247,True,True,True,0.063,0.125,0.621,True,True,True,True,True,True,results/plots/210427_Sample_D6_force_time.png,results/plots/210427_Sample_D6_force_extension.png
210427 MRC Sample D9Data.csv,27.04.2021,D,9,120.2,M,52wks,Tm1b Hom,53.48953055,-0.009843683654,False,0.02561288671,58.19815187,160.0446667,20117.42052,0.020117421,14,0.041,2.038034597,5.421428571,0.759,102.5472926,1.043871379,0.02357142857,786.14,0.022,0.33,0.6142566537,-1.821511073,103,1.081774514,16.95188542,25.39797098,False,True,True,0.0650977745,0.07461259465,0.1335459106,True,True,False,0.047,0.047,0.041,True,True,True,True,True,False,results/plots/210427_Sample_D9_force_time.png,results/plots/210427_Sample_D9_force_extension.png
210428 MRC Sample A1Data.csv,28.04.2021,A,1,109.1,M,8wks,oim Wt,7.338603004,-0.007473336693,False,0.06760876324,36.58895342,92.43166667,6710.137962,0.006710138,14,0.123,18.33047249,8.65,1.211,551.5157624,3.129592864,0.02071428571,785.63,0.037,0.29,0.812950101,-7.354562336,148,13.47602171,29.11622518,83.64718186,True,True,True,0.03558366407,0.05417436759,0.03820468152,True,True,True,0.077,0.046,0.123,True,True,True,True,True,True,results/plots/210428_Sample_A1_force_time.png,results/plots/210428_Sample_A1_force_extension.png
210428 MRC Sample A10Data.csv,28.04.2021,A,10,109.1,M,8wks,oim Wt,13.75820296,-0.02690858503,False,0.1933302003,50.34097327,110.2156667,9540.618838,0.009540619,14,0.246,25.7844905,6.607142857,0.925,722.2129825,11.32002022,0.02314285714,786.06,0.134,0.324,0.9018979204,-5.362151203,176,19.01023718,15.91595058,36.13994492,True,True,True,0.03261181459,0.04243756478,0.02470152204,True,True,True,0.164,0.123,0.256,True,True,True,True,True,True,results/plots/210428_Sample_A10_force_time.png,results/plots/210428_Sample_A10_force_extension.png
210428 MRC Sample A2Data.csv,28.04.2021,A,2,109.1,M,8wks,oim Wt,51.0514673,-0.03723041825,False,0.1159787524,45.94085694,76.231,4564.078602,0.004564079,14,0.061,13.36523754,4.921428571,0.689,949.0245431,6.792169899,0.02557142857,786.5,0.047,0.358,0.4328720498,-17.76169561,73,35.27862595,16.94244867,38.39042616,True,True,True,0.03860443865,0.1072202869,0.05133192523,True,False,True,0.076,0.041,0.071,True,True,True,True,False,True,results/plots/210428_Sample_A2_force_time.png,results/plots/210428_Sample_A2_force_extension.png
210428 MRC Sample A4Data.csv,28.04.2021,A,4,109.1,M,8wks,oim Wt,26.04025092,-0.02738900149,False,0.1377588945,48.91495334,93.94866667,6932.200626,0.006932201,14.001,0.098,14.13692419,8.535104635,1.195,463.2920165,0.8655259708,0.01128490822,783.93,0.037,0.158,0.7590575103,-3.676693434,86,1.785450906,5.905733651,17.06167829,False,True,True,0.06532624781,0.06524814741,0.0389104358,True,True,True,0.087,0.061,0.113,True,True,True,True,True,True,results/plots/210428_Sample_A4_force_time.png,results/plots/210428_Sample_A4_force_extension.png
210428 MRC Sample A5Data.csv,28.04.2021,A,5,109.1,M,8wks,oim Wt,15.8578115,-0.01983327996,False,0.1176076816,53.26345995,111.4313333,9752.243474,0.009752243,14.001,0.174,17.84204926,5.471037783,0.766,703.1453119,10.04897027,0.03085493893,787.45,0.124,0.432,0.7915837476,-11.13583373,72,34.43345187,13.38597779,27.58944773,True,True,True,0.04532258013,0.07183297749,0.04395344943,True,True,True,0.123,0.082,0.184,True,True,True,True,True,True,results/plots/210428_Sample_A5_force_time.png,results/plots/210428_Sample_A5_force_extension.png
210428 MRC Sample A7Data.csv,28.04.2021,A,7,109.1,M,8wks,oim Wt,27.3506652,-0.05248096282,False,0.1142564328,52.07467758,103.9703333,8490.020791,0.008490021,14,0.256,30.15304674,8.414285714,1.178,865.6039357,13.89866998,0.02642857143,786.65,0.139,0.37,0.923871396,-9.42259901,175,15.99996139,14.23258236,66.41481041,True,True,True,0.03360772762,0.03476397755,0.02118451366,True,True,True,0.123,0.118,0.261,True,True,True,True,True,True,results/plots/210428_Sample_A7_force_time.png,results/plots/210428_Sample_A7_force_extension.png
210428 MRC Sample A8Data.csv,28.04.2021,A,8,109.1,M,8wks,oim Wt,29.04614616,-0.04237069593,False,0.07919501192,48.9503184,122.943,11871.27851,0.011871279,14,0.307,25.86073497,9.478571429,1.327,658.6492774,10.36114137,0.027,786.76,0.139,0.378,0.93592694,-7.661540782,180,15.41039638,14.91106234,41.07948423,True,True,True,0.03738020502,0.04217469047,0.0185906157,True,True,True,0.149,0.118,0.307,True,True,True,True,True,True,results/plots/210428_Sample_A8_force_time.png,results/plots/210428_Sample_A8_force_extension.png
210428 MRC Sample A9Data.csv,28.04.2021,A,9,109.1,M,8wks,oim Wt,34.35775865,-0.05093304695,False,0.07723583164,45.88741141,123.9786667,12072.12724,0.012072127,14,0.267,22.11706355,6.728571429,0.942,680.9243201,8.946227951,0.02521428571,786.44,0.134,0.353,0.9443591082,-8.300595235,180,57.4265121,15.4215567,37.16371365,True,True,True,0.04432610416,0.04487545722,0.02259799217,True,True,True,0.128,0.123,0.277,True,True,True,True,True,True,results/plots/210428_Sample_A9_force_time.png,results/plots/210428_Sample_A9_force_extension.png
210428 MRC Sample B1Data.csv,28.04.2021,B,1,103.3,M,8wks,oim Het,5.19174235,-0.005139828538,False,-0.002481717692,-3.540263084,93.27733333,6833.483102,0.006833483,14,0.4,58.5353033,13.37142857,1.872,830.7039906,14.34114931,0.03614285714,788.41,0.129,0.506,0.8464861755,-15.33840366,181,9.104209185,5.673279238,63.71533275,True,True,True,0.07183822004,0.09521912619,0.02014836661,True,False,True,0.082,0.061,0.415,True,True,True,True,False,True,results/plots/210428_Sample_B1_force_time.png,results/plots/210428_Sample_B1_force_extension.png
210428 MRC Sample B10Data.csv,28.04.2021,B,10,103.3,M,8wks,oim Het,25.06717723,-0.05627238709,False,0.1009541257,36.7750905,102.6966667,8283.284473,0.008283284,14,0.323,38.99419602,7.857142857,1.1,718.7347014,11.71033131,0.0195,785.4,0.154,0.273,0.9017140972,-2.766782425,181,14.24344792,77.55649045,230.2946023,True,True,True,0.02600086131,0.03089856877,0.02974089157,True,True,True,0.133,0.128,0.364,True,True,True,True,True,True,results/plots/210428_Sample_B10_force_time.png,results/plots/210428_Sample_B10_force_extension.png
210428 MRC Sample B2Data.csv,28.04.2021,B,2,103.3,M,8wks,oim Het,4.06096089,-0.004899041253,False,0.0612641444,31.68879715,112.8786667,10007.22405,0.010007224,14.001,0.435,43.46859828,11.87058067,1.662,662.2355979,10.79220371,0.02349832155,786.12,0.134,0.329,0.8837668407,-4.815909496,181,44.05262545,11.74987766,62.47880523,True,True,True,0.04272205669,0.03653420571,0.02028006894,True,True,True,0.128,0.128,0.445,True,True,True,True,True,True,results/plots/210428_Sample_B2_force_time.png,results/plots/210428_Sample_B2_force_extension.png
210428 MRC Sample B3Data.csv,28.04.2021,B,3,103.3,M,8wks,oim Het,10.92642745,-0.01829311629,False,0.08292885191,28.88988474,104.219,8530.680661,0.008530681,14.001,0.184,21.56920415,7.542318406,1.056,573.7894252,6.564540392,0.02192700521,785.85,0.113,0.307,0.902767216,-5.342643821,181,13.60736297,19.55816426,54.94654523,True,True,True,0.03299565118,0.04567821116,0.02791909864,True,True,True,0.123,0.118,0.225,True,True,True,True,True,True,results/plots/210428_Sample_B3_force_time.png,results/plots/210428_Sample_B3_force_extension.png
210428 MRC Sample B4Data.csv,28.04.2021,B,4,103.3,M,8wks,oim Het,6.02710244,-0.007136337004,False,0.0569471046,36.390169,113.0566667,10038.81001,0.01003881,14,0.343,34.16739633,8.914285714,1.248,624.5065066,8.666365834,0.02942857143,787.19,0.124,0.412,0.8744931749,-8.777901704,181,12.09777787,9.722233027,45.94367653,True,True,True,0.06467941809,0.0564860306,0.01779136265,True,True,True,0.087,0.087,0.364,True,True,True,True,True,True,results/plots/210428_Sample_B4_force_time.png,results/plots/210428_Sample_B4_force_extension.png
210428 MRC Sample B5Data.csv,28.04.2021,B,5,103.3,M,8wks,oim Het,15.24919892,-0.04102950981,False,0.07658926681,24.1769624,75.86633333,4520.516628,0.004520517,14.001,0.22,48.66699981,10.5063924,1.471,988.4557466,24.99714081,0.0316405971,787.58,0.134,0.443,0.7785837558,-10.03666237,181,5.815258502,10.27204547,29.74265808,True,True,True,0.06475333636,0.07111636155,0.03416309594,True,True,True,0.087,0.082,0.225,True,True,True,True,True,True,results/plots/210428_Sample_B5_force_time.png,results/plots/210428_Sample_B5_force_extension.png
210428 MRC Sample B6Data.csv,28.04.2021,B,6,103.3,M,8wks,oim Het,17.72187619,-0.01562018425,False,0.03901010138,21.89465239,109.1926667,9364.332509,0.009364333,14.001,0.215,22.95945691,9.135061781,1.279,505.0539448,1.174669888,0,781.64,0.037,0,0.8125316428,1.156131998,95,46.19919791,8.157073636,36.36567059,True,True,True,0.04502561543,0.05625405259,0.02786898385,True,True,True,0.118,0.087,0.225,True,True,True,True,True,True,results/plots/210428_Sample_B6_force_time.png,results/plots/210428_Sample_B6_force_extension.png
210428 MRC Sample B7Data.csv,28.04.2021,B,7,103.3,M,8wks,oim Het,8.233240033,-0.01512531246,False,0.06139037022,21.38069395,101.9563333,8164.287657,0.008164288,14.001,0.348,42.62465998,10.29926434,1.442,770.3305785,11.26858827,0.01971287765,785.44,0.129,0.276,0.8446488593,-3.733187707,181,22.73706092,21.3692487,51.98280088,True,True,True,0.0295981714,0.03222754849,0.02694475236,True,True,True,0.159,0.128,0.369,True,True,True,True,True,True,results/plots/210428_Sample_B7_force_time.png,results/plots/210428_Sample_B7_force_extension.png
210428 MRC Sample B8Data.csv,28.04.2021,B,8,103.3,M,8wks,oim Het,4.31657612,-0.01104773075,False,0.1179170022,36.44695963,72.47033333,4124.871266,0.004124871,14,0.164,39.75881912,6.828571429,0.956,1033.566846,13.57618214,0.02285714286,786.01,0.077,0.32,0.7909112357,-9.412670131,180,6.380528113,8.211273549,21.65514004,True,True,True,0.07186857968,0.07562938443,0.03795353786,True,True,True,0.082,0.082,0.169,True,True,True,True,True,True,results/plots/210428_Sample_B8_force_time.png,results/plots/210428_Sample_B8_force_extension.png
210428 MRC Sample B9Data.csv,28.04.2021,B,9,103.3,M,8wks,oim Het,-0.3696629886,0.000737980269,False,0.0669183215,27.95560589,86.53333333,5881.07541,0.005881075,14.001,0.236,40.12871796,12.33483323,1.727,791.6661404,14.79321383,0.02699807157,786.76,0.118,0.378,0.8509278542,-6.7005209,180,11.39227485,10.0184001,34.91221182,True,True,True,0.04940827512,0.05337252452,0.0257458377,True,True,True,0.113,0.087,0.251,True,True,True,True,True,True,results/plots/210428_Sample_B9_force_time.png,results/plots/210428_Sample_B9_force_extension.png
210428 MRC Sample C1Data.csv,28.04.2021,C,1,161.1,M,8wks,oim Hom,0.7998371054,-0.0002253973832,False,0.01034432192,10.28930186,76.721,4622.941429,0.004622941,12.001,0.123,26.60643949,11.66569453,1.4,743.6463359,4.326250324,0.02399800017,786.21,0.077,0.288,0.5399215865,-14.37751758,115,20.27354777,7.405106369,87.01143472,True,True,True,0.04517779675,0.1211912639,0.03939501112,True,False,True,0.056,0.03,0.133,True,True,True,True,False,True,results/plots/210428_Sample_C1_force_time.png,results/plots/210428_Sample_C1_force_extension.png
210428 MRC Sample C2Data.csv,28.04.2021,C,2,161.1,M,8wks,oim Hom,45.86932465,-0.05727406491,False,0.05321897109,38.02920205,74.97533333,4414.959173,0.004414959,12,0.072,16.30819222,8.2,0.984,699.8692501,4.756556063,0.02116666667,785.72,0.042,0.254,0.7909611721,-10.16129044,171,3.270038306,4.318933514,7.145155771,True,True,True,0.1481181331,0.1368771526,0.07384260502,False,False,True,0.041,0.041,0.077,True,True,True,False,False,True,results/plots/210428_Sample_C2_force_time.png,results/plots/210428_Sample_C2_force_extension.png
210428 MRC Sample C3Data.csv,28.04.2021,C,3,161.1,M,8wks,oim Hom,9.524105188,-0.03101442175,False,0.2264608153,38.62128175,45.96166667,1659.133831,0.001659134,12,0.026,15.67082586,1.8,0.216,479.0585695,6.629964789,0.01683333333,784.93,0.042,0.202,0.2216951611,-1.891949827,69,1.916037516,4.516067048,4.020633965,False,True,True,0.1410515755,0.1222603533,0.1345650612,False,False,False,0.041,0.041,0.041,True,True,True,False,False,False,results/plots/210428_Sample_C3_force_time.png,results/plots/210428_Sample_C3_force_extension.png
210428 MRC Sample C5Data.csv,28.04.2021,C,5,161.1,M,8wks,oim Hom,86.98653812,-0.04672388323,False,0.01477426022,3.17992469,52.53433333,2167.585974,0.002167586,12,0.056,25.83519178,6.683333333,0.802,1064.580637,6.920140654,0.04325,789.67,0.067,0.519,0.5921269731,-37.78186706,111,6.329637421,3.221709816,21.72293261,True,True,True,0.05680693046,0.04362359441,0.05731610408,True,True,True,0.061,0.051,0.061,True,True,True,True,True,True,results/plots/210428_Sample_C5_force_time.png,results/plots/210428_Sample_C5_force_extension.png
210428 MRC Sample C6Data.csv,28.04.2021,C,6,161.1,M,8wks,oim Hom,36.67107999,-0.1374975543,False,0.06767720679,13.94565395,52.601,2173.090847,0.002173091,12.001,0.077,35.43339879,7.024414632,0.843,1252.760732,2.761044061,0.0009165902841,782.07,0.037,0.011,0.7285360633,3.186064555,119,2.927806019,5.126454233,13.05764584,False,True,True,0.09027930718,0.08026423387,0.06351322118,False,False,True,0.061,0.061,0.092,True,True,True,False,False,True,results/plots/210428_Sample_C6_force_time.png,results/plots/210428_Sample_C6_force_extension.png
210428 MRC Sample C8Data.csv,28.04.2021,C,8,161.1,M,8wks,oim Hom,100,-0.004656972628,True,0.003222342053,3.693736827,82.016,5283.078337,0.005283078,12,0.011,2.082119552,11.64166667,1.397,,,,,,,,,0,0.7961165676,0.4701670324,0.9866881166,False,False,False,0.1588620528,0.2154354647,0.2299432654,False,False,False,0.036,0.026,0.026,True,True,True,False,False,False,results/plots/210428_Sample_C8_force_time.png,results/plots/210428_Sample_C8_force_extension.png
210428 MRC Sample C9Data.csv,28.04.2021,C,9,161.1,M,8wks,oim Hom,7.484373202e-12,-4.196643033e-15,False,0.05415073997,17.51911063,65.11833333,3330.40028,0.0033304,12.001,0.051,15.31347586,4.899591701,0.588,552.4242982,1.501321163,0,781.48,0.047,0,0.6714951673,1.839495125,106,5.151788225,1.917615599,8.605693935,True,False,True,0.07283466925,0.08618697861,0.07290155202,True,False,True,0.061,0.046,0.077,True,True,True,True,False,True,results/plots/210428_Sample_C9_force_time.png,results/plots/210428_Sample_C9_force_extension.png
210428 MRC Sample D1Data.csv,28.04.2021,D,1,24.4,M,52wks,Tm1b Het,7.884558852,-0.01865801892,False,0.09003385173,36.39592226,98.56933333,7630.860598,0.007630861,13.999,0.481,63.03351614,10.44360311,1.462,969.0257178,14.80828965,0.02493035217,786.39,0.134,0.349,0.9005243859,-9.220141327,179,59.85048214,15.52269863,78.22364261,True,True,True,0.03996272105,0.04687910924,0.01117515486,True,True,True,0.138,0.123,0.486,True,True,True,True,True,True,results/plots/210428_Sample_D1_force_time.png,results/plots/210428_Sample_D1_force_extension.png
210428 MRC Sample D10Data.csv,28.04.2021,D,10,24.4,M,52wks,Tm1b Het,33.45913011,-0.007018575582,False,0.08918941031,47.05672043,106.796,8957.768916,0.008957769,14.001,0.118,13.17292286,10.13499036,1.419,374.6954081,3.460683123,0.03256910221,787.78,0.047,0.456,0.8156152372,-9.444757371,144,22.57767921,7.912420634,77.05019534,True,True,True,0.03537335987,0.152980516,0.03828647314,True,False,True,0.092,0.026,0.118,True,True,True,True,False,True,results/plots/210428_Sample_D10_force_time.png,results/plots/210428_Sample_D10_force_extension.png
210428 MRC Sample D2Data.csv,28.04.2021,D,2,24.4,M,52wks,Tm1b Het,8.619453156,-0.02392679701,False,0.09613720324,35.88925086,90.627,6450.673923,0.006450674,14.001,0.563,87.27770152,12.70623527,1.779,1172.519585,32.55473769,0.04149703593,789.36,0.236,0.581,0.9189087603,-17.5595291,181,43.57206891,14.71898871,77.05193514,True,True,True,0.04597258207,0.04791785141,0.01629490091,True,True,True,0.123,0.123,0.573,True,True,True,True,True,True,results/plots/210428_Sample_D2_force_time.png,results/plots/210428_Sample_D2_force_extension.png
210428 MRC Sample D3Data.csv,28.04.2021,D,3,24.4,M,52wks,Tm1b Het,5.881462224,-0.005732669847,False,0.0639218574,61.59381097,126.3753333,12543.37798,0.012543378,14.001,0.635,50.62432145,12.27769445,1.719,728.2347245,21.68474872,0.0517105921,791.2,0.303,0.724,0.9423830565,-15.74292576,180,37.04250366,10.78173996,104.8668985,True,True,True,0.04813251305,0.05602039785,0.008830373132,True,True,True,0.118,0.087,0.65,True,True,True,True,True,True,results/plots/210428_Sample_D3_force_time.png,results/plots/210428_Sample_D3_force_extension.png
210428 MRC Sample D4Data.csv,28.04.2021,D,4,24.4,M,52wks,Tm1b Het,9.07956283,-0.01485029622,False,0.05266712604,35.163445,126.458,12559.7935,0.012559794,14.001,0.476,37.89871076,16.83451182,2.357,697.9297714,8.598867147,0.0224269695,785.94,0.134,0.314,0.955453132,-7.005972609,180,58.32684157,19.07315869,67.95220637,True,True,True,0.03545529123,0.03158119178,0.0130776013,True,True,True,0.159,0.154,0.486,True,True,True,True,True,True,results/plots/210428_Sample_D4_force_time.png,results/plots/210428_Sample_D4_force_extension.png
210428 MRC Sample D5Data.csv,28.04.2021,D,5,24.4,M,52wks,Tm1b Het,1.065143189,-0.001822384755,False,0.06135607288,32.99518372,95.168,7113.310501,0.007113311,14.001,0.349,49.06294692,9.242196986,1.294,759.5183669,15.88571061,0.03214056139,787.68,0.144,0.45,0.8949009889,-7.782031474,180,13.64523403,11.2362046,49.77948887,True,True,True,0.04740147185,0.05356401562,0.01310524181,True,True,True,0.118,0.087,0.364,True,True,True,True,True,True,results/plots/210428_Sample_D5_force_time.png,results/plots/210428_Sample_D5_force_extension.png
210428 MRC Sample D6Data.csv,28.04.2021,D,6,24.4,M,52wks,Tm1b Het,24.3932663,-0.01552877562,False,0.06039735728,66.05901389,116.4046667,10642.18158,0.010642182,14,0.359,33.73368356,10.97857143,1.537,541.764672,11.0879517,0.0425,789.53,0.139,0.595,0.8880058367,-10.93879569,180,9.900907141,6.018930732,48.97575012,True,True,True,0.07095858064,0.08428945958,0.01473690251,True,False,True,0.082,0.061,0.364,True,True,True,True,False,True,results/plots/210428_Sample_D6_force_time.png,results/plots/210428_Sample_D6_force_extension.png
210428 MRC Sample D7Data.csv,28.04.2021,D,7,24.4,M,52wks,Tm1b Het,100,-0.00244496601,True,0.0128640534,26.28691838,128.665,13002.01702,0.013002017,14.001,0.349,26.84198921,18.28440826,2.56,366.5121957,14.61311733,0.1306335262,805.43,0.221,1.829,0.793454984,-33.97198827,179,5.041051093,0.5234868478,58.57584599,True,False,True,0.09920719549,0.2332502414,0.01374352305,False,False,True,0.061,0.026,0.364,True,True,True,False,False,True,results/plots/210428_Sample_D7_force_time.png,results/plots/210428_Sample_D7_force_extension.png
210428 MRC Sample D8Data.csv,28.04.2021,D,8,24.4,M,52wks,Tm1b Het,76.38635929,-0.05481725317,False,0.08502938341,69.32199189,105.2596667,8701.895476,0.008701895,14,0.277,31.83214691,9.228571429,1.292,595.2532334,9.423234824,0.03707142857,788.56,0.103,0.519,0.8385902304,-11.99982014,180,2.091375894,8.288768422,121.6830319,False,True,True,0.07286556639,0.09824144485,0.01774918777,True,False,True,0.061,0.041,0.282,True,True,True,True,False,True,results/plots/210428_Sample_D8_force_time.png,results/plots/210428_Sample_D8_force_extension.png
210428 MRC Sample D9Data.csv,28.04.2021,D,9,24.4,M,52wks,Tm1b Het,29.8260895,-0.005317043162,False,0.08595288282,82.07237545,101.1823333,8040.800032,0.0080408,14.001,0.164,20.3959805,9.592171988,1.343,507.8737812,3.233509104,0.02578387258,786.54,0.042,0.361,0.8261408939,-9.846129112,140,5.157289142,3.37922064,46.41797124,True,True,True,0.0973299553,0.1838839631,0.02773269695,False,False,True,0.041,0.026,0.164,True,True,True,False,False,True,results/plots/210428_Sample_D9_force_time.png,results/plots/210428_Sample_D9_force_extension.png
210429 MRC Sample A1Data.csv,29.04.2021,A,1,109.2,M,8wks,oim Wt,12.11470189,-0.02986399303,False,0.0924594294,52.55638915,154.665,18787.71542,0.018787715,14.001,0.342,18.2033845,2.456967359,0.344,838.6791522,1.064525409,0.0004999642883,782,0.03,0.007,0.9240175197,0.5309094718,91,59.69419369,191.3780958,51.67492819,True,True,True,0.01489955985,0.01502225093,0.02067849249,True,True,True,0.321,0.321,0.352,True,True,True,True,True,True,results/plots/210429_Sample_A1_force_time.png,results/plots/210429_Sample_A1_force_extension.png
210429 MRC Sample A10Data.csv,29.04.2021,A,10,109.2,M,8wks,oim Wt,23.86305573,-0.02231911256,False,0.0665747396,46.69373858,177.234,24670.84131,0.024670841,14,0.372,15.07852935,8.971428571,1.256,416.6225728,4.134435466,0.02135714286,785.73,0.117,0.299,0.966942169,-5.078859629,180,23.15947453,20.21976111,56.52719629,True,True,True,0.02705293048,0.03140294763,0.01728866327,True,True,True,0.204,0.158,0.387,True,True,True,True,True,True,results/plots/210429_Sample_A10_force_time.png,results/plots/210429_Sample_A10_force_extension.png
210429 MRC Sample A2Data.csv,29.04.2021,A,2,109.2,M,8wks,oim Wt,7.857774151,-0.009370162044,False,0.04575882769,40.09060958,170.6223333,22864.49611,0.022864496,14,0.536,23.44245856,10.52857143,1.474,544.8832664,8.7034501,0.02714285714,786.78,0.214,0.38,0.9761365503,-5.894801359,179,30.7026058,23.35926173,80.10224725,True,True,True,0.0275902923,0.02701884594,0.01314302843,True,True,True,0.204,0.189,0.551,True,True,True,True,True,True,results/plots/210429_Sample_A2_force_time.png,results/plots/210429_Sample_A2_force_extension.png
210429 MRC Sample A3Data.csv,29.04.2021,A,3,109.2,M,8wks,oim Wt,8.973419347,-0.008900097545,False,0.05943370362,44.98701197,178.475,25017.54344,0.025017543,14.001,0.347,13.87026696,5.513891865,0.772,400.4895359,8.15427798,0.03085493893,787.45,0.219,0.432,0.9147066954,-4.31141968,106,25.59121605,21.95533592,51.66346006,True,True,True,0.02851610749,0.03026797053,0.01733367142,True,True,True,0.194,0.178,0.362,True,True,True,True,True,True,results/plots/210429_Sample_A3_force_time.png,results/plots/210429_Sample_A3_force_extension.png
210429 MRC Sample A4Data.csv,29.04.2021,A,4,109.2,M,8wks,oim Wt,17.47470083,-0.00595086082,False,0.02240392231,45.85496327,193.6173333,29442.74855,0.029442749,14,0.26,8.830697161,8.007142857,1.121,274.8210741,3.464350425,0.03078571429,787.43,0.117,0.431,0.9523608506,-5.134950781,179,14.18001769,9.000564811,39.41828825,True,True,True,0.04909285938,0.07446755546,0.02041796308,True,True,True,0.117,0.081,0.275,True,True,True,True,True,True,results/plots/210429_Sample_A4_force_time.png,results/plots/210429_Sample_A4_force_extension.png
210429 MRC Sample A6Data.csv,29.04.2021,A,6,109.2,M,8wks,oim Wt,20.83132541,-0.02026708686,False,0.06054737244,48.11917201,176.8763333,24571.3679,0.024571368,14,0.311,12.65700795,5.55,0.777,407.4974212,4.151173024,0.01914285714,785.33,0.112,0.268,0.9438549909,-3.563272962,179,17.07932393,20.62860776,43.09074391,True,True,True,0.02922220072,0.03172935769,0.01889284063,True,True,True,0.189,0.158,0.321,True,True,True,True,True,True,results/plots/210429_Sample_A6_force_time.png,results/plots/210429_Sample_A6_force_extension.png
210429 MRC Sample A8Data.csv,29.04.2021,A,8,109.2,M,8wks,oim Wt,12.35279352,-0.02211147964,False,0.05452792222,32.84411014,130.1733333,13308.64783,0.013308648,14,0.346,25.99813294,5.6,0.784,664.2672534,5.334876991,0.01285714286,784.21,0.112,0.18,0.9454480599,-3.270360112,180,33.26854111,110.2157683,249.6121904,True,True,True,0.01774442364,0.01933989233,0.03702705551,True,True,True,0.204,0.179,0.367,True,True,True,True,True,True,results/plots/210429_Sample_A8_force_time.png,results/plots/210429_Sample_A8_force_extension.png
210429 MRC Sample A9Data.csv,29.04.2021,A,9,109.2,M,8wks,oim Wt,14.41882535,-0.03134530515,False,0.06214951437,41.75699075,167.357,21997.71878,0.021997719,14.001,0.862,39.18588105,7.699450039,1.078,670.7164171,21.32039236,0.04028283694,789.14,0.489,0.564,0.984058106,-5.796212457,156,189.4945489,123.9564602,127.3855018,True,True,True,0.01423499762,0.01505260036,0.02581423007,True,True,True,0.321,0.326,0.882,True,True,True,True,True,True,results/plots/210429_Sample_A9_force_time.png,results/plots/210429_Sample_A9_force_extension.png
210429 MRC Sample B1Data.csv,29.04.2021,B,1,103.4,M,8wks,oim Het,9.304412142,-0.00404754504,False,0.01268551461,30.42520493,145.9086667,16720.60776,0.016720608,14.001,0.53,31.69741196,12.13484751,1.699,453.3539282,12.49954547,0.05513891865,791.82,0.209,0.772,0.8779631975,-12.73000862,180,28.17828434,32.18465319,365.2778248,True,True,True,0.02979435878,0.03299242583,0.01033028995,True,True,True,0.086,0.061,0.53,True,True,True,True,True,True,results/plots/210429_Sample_B1_force_time.png,results/plots/210429_Sample_B1_force_extension.png
210429 MRC Sample B10Data.csv,29.04.2021,B,10,103.4,M,8wks,oim Het,10.16880727,-0.01298460972,False,0.03579440057,32.73536191,92.89466667,6777.529909,0.00677753,14.001,0.189,27.88626535,9.242196986,1.294,605.0920358,9.738060916,0.0285693879,787.03,0.066,0.4,0.8166079128,-8.015879412,181,8.366021523,36.02518558,111.3941591,True,True,True,0.05321966193,0.06691030668,0.01889975245,True,True,True,0.061,0.061,0.189,True,True,True,True,True,True,results/plots/210429_Sample_B10_force_time.png,results/plots/210429_Sample_B10_force_extension.png
210429 MRC Sample B2Data.csv,29.04.2021,B,2,103.4,M,8wks,oim Het,11.68102666,-0.01135796314,False,0.04713458208,42.85844398,157.1683333,19400.81511,0.019400815,14.001,0.362,18.65900994,9.070780659,1.27,386.3246949,5.257511089,0.0231412042,786.07,0.112,0.324,0.8987150879,-3.45444617,180,35.27730593,16.90564015,55.21442223,True,True,True,0.04042171763,0.04388834221,0.01122283808,True,True,True,0.132,0.122,0.372,True,True,True,True,True,True,results/plots/210429_Sample_B2_force_time.png,results/plots/210429_Sample_B2_force_extension.png
210429 MRC Sample B3Data.csv,29.04.2021,B,3,103.4,M,8wks,oim Het,16.55658909,-0.02121170712,False,0.05946796831,35.08385365,108.2066667,9195.977903,0.009195978,14.001,0.22,23.92350221,8.556531676,1.198,579.9864556,6.633334703,0.0254981787,786.48,0.081,0.357,0.8751132602,-7.050110502,180,8.808120984,9.619455663,32.27655987,True,True,True,0.05882025356,0.05966029229,0.0217250439,True,True,True,0.092,0.087,0.24,True,True,True,True,True,True,results/plots/210429_Sample_B3_force_time.png,results/plots/210429_Sample_B3_force_extension.png
210429 MRC Sample B4Data.csv,29.04.2021,B,4,103.4,M,8wks,oim Het,25.06527372,-0.05600286394,False,0.09976402009,38.7557857,101.6723333,8118.867656,0.008118868,14,0.352,43.35579788,10.31428571,1.444,847.2110329,13.1791772,0.02364285714,786.15,0.117,0.331,0.8890395192,-6.867750537,181,56.58052617,16.26173245,51.20219982,True,True,True,0.04423663664,0.04550921124,0.01306676738,True,True,True,0.122,0.122,0.362,True,True,True,True,True,True,results/plots/210429_Sample_B4_force_time.png,results/plots/210429_Sample_B4_force_extension.png
210429 MRC Sample B5Data.csv,29.04.2021,B,5,103.4,M,8wks,oim Het,13.91776218,-0.01460941205,False,0.05924128447,50.62606273,128.4456667,12957.72611,0.012957726,14.001,0.28,21.6087298,7.842296979,1.098,578.3512994,8.643491921,0.02949789301,787.25,0.112,0.413,0.9422077519,-8.267805285,181,27.39688881,56.60425933,145.9286118,True,True,True,0.03041275296,0.04684753045,0.009202727426,True,True,True,0.102,0.087,0.28,True,True,True,True,True,True,results/plots/210429_Sample_B5_force_time.png,results/plots/210429_Sample_B5_force_extension.png
210429 MRC Sample B6Data.csv,29.04.2021,B,6,103.4,M,8wks,oim Het,11.96681577,-0.02332573459,False,0.08858461122,39.63924446,112.535,9946.381478,0.009946381,14,0.433,43.53342185,11,1.54,765.5594824,12.26576782,0.02357142857,786.13,0.122,0.33,0.9236900719,-6.017282614,181,20.57385964,16.58583754,62.03623407,True,True,True,0.03373093084,0.04127807368,0.01037434671,True,True,True,0.158,0.122,0.433,True,True,True,True,True,True,results/plots/210429_Sample_B6_force_time.png,results/plots/210429_Sample_B6_force_extension.png
210429 MRC Sample B7Data.csv,29.04.2021,B,7,103.4,M,8wks,oim Het,15.58599591,-0.02351960651,False,0.05549205949,28.92669347,99.193,7727.72986,0.00772773,14,0.219,28.33949944,10.17142857,1.424,581.8567609,13.19921892,0.03028571429,787.34,0.107,0.424,0.825477517,-5.271313702,179,28.26738159,10.24365436,30.24810216,True,True,True,0.06273767433,0.07083361576,0.0243682485,True,True,True,0.087,0.081,0.224,True,True,True,True,True,True,results/plots/210429_Sample_B7_force_time.png,results/plots/210429_Sample_B7_force_extension.png
210429 MRC Sample B8Data.csv,29.04.2021,B,8,103.4,M,8wks,oim Het,14.91312004,-0.002865059746,False,0.00865802896,36.19618576,113.057,10038.8692,0.010038869,14.001,0.081,8.068638011,6.178130134,0.865,395.3458568,2.490320374,0.02685522463,786.73,0.025,0.376,0.8753142938,-7.982905506,173,3.237386975,8.879881545,50.2140277,True,True,True,0.09515682402,0.1468095618,0.02755964016,False,False,True,0.036,0.03,0.081,True,True,True,False,False,True,results/plots/210429_Sample_B8_force_time.png,results/plots/210429_Sample_B8_force_extension.png
210429 MRC Sample B9Data.csv,29.04.2021,B,9,103.4,M,8wks,oim Het,-5.20360222,0.002944277259,False,0.01111312429,25.85645221,132.494,13787.39775,0.013787398,14,0.28,20.30840047,11.51428571,1.612,362.314836,6.672760154,0.03357142857,787.96,0.092,0.47,0.868221213,-5.33004287,180,50.15782292,35.98677057,192.3653823,True,True,True,0.03486703276,0.06269513254,0.02296347994,True,True,True,0.081,0.061,0.28,True,True,True,True,True,True,results/plots/210429_Sample_B9_force_time.png,results/plots/210429_Sample_B9_force_extension.png
210429 MRC Sample C2Data.csv,29.04.2021,C,2,161.2,M,8wks,oim Hom,100,-0.003847124013,True,0.001257254136,1.821759094,65.54866667,3374.563506,0.003374564,11.999,0.026,7.704699037,3.725310443,0.447,223.4617103,2.963345783,0.03600300025,788.37,0.025,0.432,0.2945043129,-5.293628039,43,0.6599957454,0.3786945714,5.909177367,False,False,True,0.2416639625,0.243972236,0.1432465408,False,False,False,0.025,0.025,0.041,True,True,True,False,False,False,results/plots/210429_Sample_C2_force_time.png,results/plots/210429_Sample_C2_force_extension.png
210429 MRC Sample C3Data.csv,29.04.2021,C,3,161.2,M,8wks,oim Hom,62.8306638,-0.1495440485,False,0.05796869894,27.61821753,53.902,2281.915933,0.002281916,12.001,0.066,28.9230629,7.282726439,0.874,1231.19893,2.191141129,0.02016498625,785.53,0.02,0.242,0.6597660674,-19.69001694,104,5.417397103,4.399185258,9.940802444,True,True,True,0.1405914003,0.1385810475,0.07461347368,False,False,True,0.041,0.041,0.081,True,True,True,False,False,True,results/plots/210429_Sample_C3_force_time.png,results/plots/210429_Sample_C3_force_extension.png
210429 MRC Sample C4Data.csv,29.04.2021,C,4,161.2,M,8wks,oim Hom,1.934927015,-0.003220284705,False,0.07492215143,31.12127142,64.246,3241.769024,0.003241769,14.001,0.076,23.44398999,4.778230126,0.669,983.1725002,7.711838814,0.01607028069,784.8,0.03,0.225,0.8045676337,-8.58156206,170,4.937181331,5.130920734,11.23014785,True,True,True,0.08883955581,0.11299699,0.06047265643,False,False,True,0.061,0.041,0.081,True,True,True,False,False,True,results/plots/210429_Sample_C4_force_time.png,results/plots/210429_Sample_C4_force_extension.png
210429 MRC Sample C5Data.csv,29.04.2021,C,5,161.2,M,8wks,oim Hom,100,-0.01701292905,False,0.002794296536,8.487212838,76.04033333,4541.276083,0.004541276,12,0.158,34.79198357,13.10833333,1.573,869.3508104,7.927287397,0.0395,789,0.036,0.474,0.7909184194,-28.3514379,149,3.296360982,2.645116184,105.3992222,True,False,True,0.05519080176,0.0897406002,0.0186364946,True,False,True,0.02,0.015,0.158,True,True,True,True,False,True,results/plots/210429_Sample_C5_force_time.png,results/plots/210429_Sample_C5_force_extension.png
210429 MRC Sample C6Data.csv,29.04.2021,C,6,161.2,M,8wks,oim Hom,6.049915322,-0.01501961188,False,0.1523654627,33.40420459,58.413,2679.840241,0.00267984,12,0.107,39.92775688,6.208333333,0.745,1492.219367,15.29942086,0.0275,786.84,0.056,0.33,0.7756446075,-24.09634468,165,17.63215377,5.821375187,17.15186484,True,True,True,0.06803231674,0.09136625442,0.0404393175,True,False,True,0.081,0.061,0.122,True,True,True,True,False,True,results/plots/210429_Sample_C6_force_time.png,results/plots/210429_Sample_C6_force_extension.png
210429 MRC Sample C7Data.csv,29.04.2021,C,7,161.2,M,8wks,oim Hom,100,0.002058669009,True,6.789777977e-05,0.1999277246,95.38866667,7146.336105,0.007146336,12.001,0.046,6.436864989,10.39913341,1.248,283.9076455,0.699659238,0.06457795184,793.5,0.02,0.775,0.563545958,-16.36946307,111,0.8238443927,0.7954438691,5.974610271,False,False,True,0.2476928032,0.2468627056,0.08984895852,False,False,False,0.025,0.025,0.061,True,True,True,False,False,False,results/plots/210429_Sample_C7_force_time.png,results/plots/210429_Sample_C7_force_extension.png
210429 MRC Sample C8Data.csv,29.04.2021,C,8,161.2,M,8wks,oim Hom,100,0.0005596626638,True,0.0009064673796,1.022194035,60.41166667,2866.365159,0.002866365,12,0.046,16.04820042,19.45833333,2.335,1215.375318,7.326352366,0.1910833333,816.33,0.036,2.293,0.2885652585,-225.1385138,13,0.7553328693,0.9945894869,6.332702188,False,False,True,0.2473733038,0.2474609883,0.09481322378,False,False,False,0.025,0.025,0.061,True,True,True,False,False,False,results/plots/210429_Sample_C8_force_time.png,results/plots/210429_Sample_C8_force_extension.png
210429 MRC Sample D1Data.csv,29.04.2021,D,1,26.3,M,52wks,Tm1b Het,84.25040985,-0.02695733208,False,0.01493611596,39.60215439,144.394,16375.25894,0.016375259,14,0.398,24.30495908,16.93571429,2.371,279.7856019,11.54180218,0.09864285714,799.63,0.199,1.381,0.8133718414,-16.34751423,182,6.480331988,4.930835083,61.76581611,True,True,True,0.09486372728,0.1366764576,0.01269681586,False,False,True,0.061,0.041,0.408,True,True,True,False,False,True,results/plots/210429_Sample_D1_force_time.png,results/plots/210429_Sample_D1_force_extension.png
210429 MRC Sample D10Data.csv,29.04.2021,D,10,26.3,M,52wks,Tm1b Het,30.8345293,-0.003013092437,False,0.06297215658,72.41388568,106.1816667,8855.007991,0.008855008,14,0.081,9.147366101,11.67857143,1.635,306.9487388,3.387913371,0.04614285714,790.19,0.03,0.646,0.6313872831,-11.29423294,177,3.605695963,1.003803989,9.615093168,True,False,True,0.1387943056,0.2935117134,0.06540721917,False,False,True,0.041,0.02,0.081,True,True,True,False,False,True,results/plots/210429_Sample_D10_force_time.png,results/plots/210429_Sample_D10_force_extension.png
210429 MRC Sample D2Data.csv,29.04.2021,D,2,26.3,M,52wks,Tm1b Het,9.787838449,-0.002628615242,False,0.01683360918,38.86399948,163.4396667,20979.9678,0.020979968,14,0.153,7.292670799,12.85714286,1.8,187.2445883,2.669212842,0.05121428571,791.11,0.061,0.717,0.8201226066,-7.014385741,179,2.159853908,5.005459937,19.89652795,False,True,True,0.1395247485,0.123134632,0.03122958527,False,False,True,0.041,0.041,0.158,True,True,True,False,False,True,results/plots/210429_Sample_D2_force_time.png,results/plots/210429_Sample_D2_force_extension.png
210429 MRC Sample D3Data.csv,29.04.2021,D,3,26.3,M,52wks,Tm1b Het,100,-0.0009901363288,True,0.06786513188,71.22642491,122.6436667,11813.54211,0.011813542,14,0.102,8.634159002,14.20714286,1.989,256.7497937,0.8464861766,0.02714285714,786.78,0.025,0.38,0.6904139182,-6.163917245,96,2.360320125,1.059123055,16.89369741,False,False,True,0.09654605878,0.2445838514,0.0413785815,False,False,True,0.061,0.025,0.117,True,True,True,False,False,True,results/plots/210429_Sample_D3_force_time.png,results/plots/210429_Sample_D3_force_extension.png
210429 MRC Sample D4Data.csv,29.04.2021,D,4,26.3,M,52wks,Tm1b Het,28.16279578,-0.009995074569,False,0.03771671955,37.75642568,138.2323333,15007.52788,0.015007528,14.001,0.225,14.99247578,15.42746947,2.16,249.1937368,4.797592248,0.08106563817,796.46,0.092,1.135,0.8127089791,-15.18347589,180,21.94701538,4.528018699,32.76351496,True,True,True,0.06508973602,0.1394066282,0.02104818053,True,False,True,0.087,0.041,0.245,True,True,True,True,False,True,results/plots/210429_Sample_D4_force_time.png,results/plots/210429_Sample_D4_force_extension.png
210429 MRC Sample D5Data.csv,29.04.2021,D,5,26.3,M,52wks,Tm1b Het,15.80629531,-0.01055645118,False,0.09681455077,53.72810899,98.077,7554.821847,0.007554822,14.001,0.148,19.59013727,15.47032355,2.166,448.9389042,1.323657923,0.0217127348,785.8,0.03,0.304,0.6930154941,-8.821807692,65,7.106625983,4.167512378,20.95075504,True,True,True,0.07025684922,0.1226144115,0.02438025262,True,False,True,0.081,0.041,0.168,True,True,True,True,False,True,results/plots/210429_Sample_D5_force_time.png,results/plots/210429_Sample_D5_force_extension.png
210429 MRC Sample D6Data.csv,29.04.2021,D,6,26.3,M,52wks,Tm1b Het,100,-0.02119580988,True,0.09241649211,59.77762743,103.931,8483.59824,0.008483598,14.001,0.163,19.21354595,13.88472252,1.944,422.9531151,3.654109966,0.05063924005,791,0.051,0.709,0.7817455673,-17.13228961,181,8.056553896,1.779418943,24.33644587,True,False,True,0.07265875038,0.2054106147,0.02777308545,True,False,True,0.081,0.03,0.183,True,True,True,True,False,True,results/plots/210429_Sample_D6_force_time.png,results/plots/210429_Sample_D6_force_extension.png
210429 MRC Sample D7Data.csv,29.04.2021,D,7,26.3,M,52wks,Tm1b Het,43.08541484,-0.02683693461,False,0.08692269835,47.63936283,106.0366667,8830.839987,0.00883084,14.001,0.245,27.7436801,13.63474038,1.909,440.2033424,9.851837424,0.06585243911,793.73,0.087,0.922,0.8062788897,-18.25823668,181,28.04527885,4.932458735,36.33126274,True,True,True,0.06570764809,0.1450889317,0.02410565639,True,False,True,0.087,0.041,0.245,True,True,True,True,False,True,results/plots/210429_Sample_D7_force_time.png,results/plots/210429_Sample_D7_force_extension.png
210429 MRC Sample D8Data.csv,29.04.2021,D,8,26.3,M,52wks,Tm1b Het,64.41992751,-0.06981904001,False,0.1014421848,37.65175387,75.01,4419.042845,0.004419043,14.001,0.27,61.0992018,14.71323477,2.06,886.3735003,26.47632078,0.07913720449,796.12,0.127,1.108,0.7658815789,-42.01333414,180,9.205454959,4.602634683,38.52066603,True,True,True,0.07104012566,0.1447236726,0.01811441122,True,False,True,0.081,0.041,0.28,True,True,True,True,False,True,results/plots/210429_Sample_D8_force_time.png,results/plots/210429_Sample_D8_force_extension.png
210429 MRC Sample D9Data.csv,29.04.2021,D,9,26.3,M,52wks,Tm1b Het,100,-0.00120457422,True,0.07989668352,63.52334624,96.04966667,7245.720969,0.007245721,14,0.082,11.31702421,15.14285714,2.12,327.0286391,5.658512107,0.09178571429,798.39,0.056,1.285,0.6797761419,-24.33513887,104,5.743060683,0.9251457578,12.28784222,True,False,True,0.1062801643,0.2431827049,0.04585497059,False,False,True,0.056,0.025,0.097,True,True,True,False,False,True,results/plots/210429_Sample_D9_force_time.png,results/plots/210429_Sample_D9_force_extension.png
210430 MRC Sample A1Data.csv,30.04.2021,A,1,109.3,M,8wks,oim Wt,10.49548695,-0.0243964882,False,0.1236395571,42.94650353,106.254,8867.076555,0.008867077,14,0.331,37.32909954,6.828571429,0.956,969.7492278,14.32264544,0.02342857143,786.12,0.122,0.328,0.9419208713,-8.512565478,180,17.45423421,54.40663436,131.9222465,True,True,True,0.01637294268,0.02435388979,0.02655314321,True,True,True,0.194,0.147,0.346,True,True,True,True,True,True,results/plots/210430_Sample_A1_force_time.png,results/plots/210430_Sample_A1_force_extension.png
210430 MRC Sample A10Data.csv,30.04.2021,A,10,109.3,M,8wks,oim Wt,35.54460683,-0.05410800336,False,0.08589416802,53.11083215,99.40033333,7760.068643,0.007760069,14,0.188,24.22658871,5.785714286,0.81,855.7393823,13.78853719,0.03078571429,787.44,0.107,0.431,0.8410491177,-13.40585498,96,9.73536058,50.18984047,122.5849478,True,True,True,0.03089821908,0.03986731569,0.02559565464,True,True,True,0.091,0.086,0.188,True,True,True,True,True,True,results/plots/210430_Sample_A10_force_time.png,results/plots/210430_Sample_A10_force_extension.png
210430 MRC Sample A2Data.csv,30.04.2021,A,2,109.3,M,8wks,oim Wt,0.9684222949,-0.001502114193,False,0.07619042938,49.25424717,104.1333333,8516.662202,0.008516662,14.001,0.254,29.8238911,8.049425041,1.127,661.452537,13.15069214,0.02671237769,786.7,0.112,0.374,0.8983012737,-6.204787409,181,11.47810957,33.9101478,170.2321969,True,True,True,0.03257108638,0.03304196296,0.02040526595,True,True,True,0.097,0.087,0.254,True,True,True,True,True,True,results/plots/210430_Sample_A2_force_time.png,results/plots/210430_Sample_A2_force_extension.png
210430 MRC Sample A3Data.csv,30.04.2021,A,3,109.3,M,8wks,oim Wt,18.6519612,-0.02727156334,False,0.04244915246,46.46613037,128.6703333,13003.09493,0.013003095,14.001,0.387,29.76214509,7.149489322,1.001,651.5902992,9.382381656,0.02521248482,786.43,0.122,0.353,0.9384685574,-7.308045877,180,16.12331152,76.73305707,279.7937758,True,True,True,0.02662289897,0.03530812136,0.03758420557,True,True,True,0.122,0.117,0.387,True,True,True,True,True,True,results/plots/210430_Sample_A3_force_time.png,results/plots/210430_Sample_A3_force_extension.png
210430 MRC Sample A4Data.csv,30.04.2021,A,4,109.3,M,8wks,oim Wt,12.38822163,-0.01735125236,False,0.06590393705,49.66399547,111.4163333,9749.618112,0.009749618,14,0.341,34.97572931,9,1.26,842.230744,12.51331078,0.03014285714,787.32,0.122,0.422,0.9566026277,-12.90758191,181,11.93008978,56.77084344,242.1808485,True,True,True,0.02799401439,0.02824603069,0.01666488655,True,True,True,0.097,0.097,0.351,True,True,True,True,True,True,results/plots/210430_Sample_A4_force_time.png,results/plots/210430_Sample_A4_force_extension.png
210430 MRC Sample A5Data.csv,30.04.2021,A,5,109.3,M,8wks,oim Wt,7.864500332,-0.01170409077,False,0.09920274402,51.03068818,103.3093333,8382.411928,0.008382412,14.001,0.188,22.42791216,7.913720449,1.108,687.7749849,12.76482234,0.03171202057,787.6,0.107,0.444,0.8072177897,-9.043927288,79,12.89368914,54.82010557,127.7327853,True,True,True,0.02928328553,0.04548724681,0.01422809269,True,True,True,0.097,0.096,0.198,True,True,True,True,True,True,results/plots/210430_Sample_A5_force_time.png,results/plots/210430_Sample_A5_force_extension.png
210430 MRC Sample A6Data.csv,30.04.2021,A,6,109.3,M,8wks,oim Wt,17.26100248,-0.02073575296,False,0.04554308984,46.12411968,142.558,15961.47673,0.015961477,14.001,0.484,30.32300833,8.506535247,1.191,651.9489671,5.763877616,0.02371259196,786.16,0.092,0.332,0.9480271937,-9.292134593,180,17.28055672,59.08757576,259.5408469,True,True,True,0.01950330741,0.03270298462,0.02496229918,True,True,True,0.137,0.132,0.499,True,True,True,True,True,True,results/plots/210430_Sample_A6_force_time.png,results/plots/210430_Sample_A6_force_extension.png
210430 MRC Sample A7Data.csv,30.04.2021,A,7,109.3,M,8wks,oim Wt,12.96338364,-0.01839056886,False,0.07752385684,53.01436573,101.314,8061.740337,0.00806174,14.001,0.183,22.69981418,7.713734733,1.08,589.9416359,12.65235545,0.03406899507,788.03,0.107,0.477,0.759784046,-7.45724024,70,9.004234382,17.61316885,36.86996023,True,True,True,0.05428681501,0.06124788296,0.03482241392,True,True,True,0.081,0.081,0.188,True,True,True,True,True,True,results/plots/210430_Sample_A7_force_time.png,results/plots/210430_Sample_A7_force_extension.png
210430 MRC Sample A8Data.csv,30.04.2021,A,8,109.3,M,8wks,oim Wt,1.616374704,-0.002264807055,False,0.09024751824,42.17865304,86.364,5858.081087,0.005858081,14,0.163,27.82481157,6.885714286,0.964,730.1329645,11.26648812,0.028,786.85,0.066,0.392,0.8166818032,-9.438216933,180,8.548855493,36.17273071,114.8272669,True,True,True,0.03192982175,0.0591346658,0.04037449762,True,True,True,0.086,0.066,0.168,True,True,True,True,True,True,results/plots/210430_Sample_A8_force_time.png,results/plots/210430_Sample_A8_force_extension.png
210430 MRC Sample A9Data.csv,30.04.2021,A,9,109.3,M,8wks,oim Wt,46.34397573,-0.01446166453,False,0.0419955708,40.89604603,109.6263333,9438.862469,0.009438862,14,0.234,24.79112418,9.542857143,1.336,666.5450863,11.86583722,0.03785714286,788.67,0.112,0.53,0.9114404888,-14.75122278,179,14.26000141,15.96290726,151.2445217,True,True,True,0.04181724341,0.08065594829,0.02087524074,True,False,True,0.061,0.051,0.239,True,True,True,True,False,True,results/plots/210430_Sample_A9_force_time.png,results/plots/210430_Sample_A9_force_extension.png
210430 MRC Sample B1Data.csv,30.04.2021,B,1,105.1,M,8wks,oim Het,41.71181138,-0.07022246478,False,0.04372656382,28.31770623,92.08833333,6660.381521,0.006660382,14.001,0.254,38.13595076,12.9847868,1.818,632.7535036,17.56656,0.03506892365,788.21,0.117,0.491,0.8148485836,-7.08130709,180,10.27457734,10.21607702,55.82175932,True,True,True,0.06671167975,0.06217323428,0.01945919574,True,True,True,0.081,0.081,0.254,True,True,True,True,True,True,results/plots/210430_Sample_B1_force_time.png,results/plots/210430_Sample_B1_force_extension.png
210430 MRC Sample B10Data.csv,30.04.2021,B,10,105.1,M,8wks,oim Het,67.83654917,-0.05739273431,False,0.06782205604,62.67619882,97.52066667,7469.356781,0.007469357,14,0.158,21.15309256,7.578571429,1.061,530.9345752,5.48909364,0.02542857143,786.47,0.041,0.356,0.7967796551,-9.362552892,156,4.719745914,8.446157705,46.73800808,True,True,True,0.06697029099,0.1140325585,0.02632665313,True,False,True,0.061,0.041,0.158,True,True,True,True,False,True,results/plots/210430_Sample_B10_force_time.png,results/plots/210430_Sample_B10_force_extension.png
210430 MRC Sample B2Data.csv,30.04.2021,B,2,105.1,M,8wks,oim Het,72.74298835,-0.07578764433,False,0.07099831835,64.09135432,88.85366667,6200.698143,0.006200698,14.001,0.204,32.89952196,12.84193986,1.798,659.8038654,15.64340015,0.05063924005,791,0.097,0.709,0.7942357855,-18.14899705,181,13.80842698,27.19896598,152.2184769,True,True,True,0.05492449349,0.08810697111,0.03020874469,True,False,True,0.046,0.046,0.214,True,True,True,True,False,True,results/plots/210430_Sample_B2_force_time.png,results/plots/210430_Sample_B2_force_extension.png
210430 MRC Sample B3Data.csv,30.04.2021,B,3,105.1,M,8wks,oim Het,32.27505405,-0.04964675051,False,0.04984612703,36.49790103,99.08366667,7710.703804,0.007710704,14.001,0.224,29.05052509,11.692022,1.637,539.083092,8.559529713,0.02456967359,786.32,0.066,0.344,0.7923281964,-5.106397276,181,9.764195142,50.21410842,149.9646974,True,True,True,0.04092671802,0.04683627983,0.0276110591,True,True,True,0.081,0.081,0.229,True,True,True,True,True,True,results/plots/210430_Sample_B3_force_time.png,results/plots/210430_Sample_B3_force_extension.png
210430 MRC Sample B4Data.csv,30.04.2021,B,4,105.1,M,8wks,oim Het,33.41541399,-0.06321216119,False,0.06765285639,33.18737506,88.06666667,6091.342207,0.006091342,14.001,0.27,44.32520781,14.35611742,2.01,710.4577132,17.56591569,0.03349760731,787.92,0.112,0.469,0.8135264675,-8.397979823,181,9.375639965,10.44299962,42.82190247,True,True,True,0.07000249384,0.07290675702,0.02785219163,True,True,True,0.081,0.081,0.275,True,True,True,True,True,True,results/plots/210430_Sample_B4_force_time.png,results/plots/210430_Sample_B4_force_extension.png
210430 MRC Sample B5Data.csv,30.04.2021,B,5,105.1,M,8wks,oim Het,15.2640941,-0.04217411155,False,0.1059739178,35.49150825,75.82533333,4515.631955,0.004515632,14,0.321,71.08639499,13.19285714,1.847,1045.61825,25.90999444,0.03078571429,787.43,0.117,0.431,0.8458886401,-9.624218312,180,10.45992347,12.07352701,49.09138535,True,True,True,0.06241234925,0.07050899888,0.03005122885,True,True,True,0.087,0.081,0.321,True,True,True,True,True,True,results/plots/210430_Sample_B5_force_time.png,results/plots/210430_Sample_B5_force_extension.png
210430 MRC Sample B6Data.csv,30.04.2021,B,6,105.1,M,8wks,oim Het,13.62481041,-0.01316003418,False,0.07489267778,62.69130911,106.28,8871.416574,0.008871417,14,0.249,28.06766946,8.085714286,1.132,653.3437066,9.130446692,0.03071428571,787.42,0.081,0.43,0.8475424605,-11.396481,181,5.923313359,35.70205349,169.8751461,True,True,True,0.04026616215,0.05305840469,0.0172029947,True,True,True,0.066,0.066,0.249,True,True,True,True,True,True,results/plots/210430_Sample_B6_force_time.png,results/plots/210430_Sample_B6_force_extension.png
210430 MRC Sample B7Data.csv,30.04.2021,B,7,105.1,M,8wks,oim Het,39.17418185,-0.0300675543,False,0.07541921515,56.33549166,106.9863333,8989.726686,0.008989727,14.001,0.244,27.1420923,8.377973002,1.173,542.2934167,9.677713239,0.03792586244,788.72,0.087,0.531,0.8854117572,-10.55059623,181,7.028224065,28.88820731,168.0130726,True,True,True,0.03440135778,0.06756535772,0.0146584092,True,True,True,0.071,0.046,0.249,True,True,True,True,True,True,results/plots/210430_Sample_B7_force_time.png,results/plots/210430_Sample_B7_force_extension.png
210430 MRC Sample B8Data.csv,30.04.2021,B,8,105.1,M,8wks,oim Het,3.555494383,-0.006247797347,False,0.06158438371,34.41451407,93.47633333,6862.671623,0.006862672,14,0.326,47.50336312,15.11428571,2.116,668.9087803,17.04875302,0.03092857143,787.46,0.117,0.433,0.8248104216,-5.96528012,180,9.705384362,52.50805066,225.3385149,True,True,True,0.03551996866,0.05529243913,0.02507227,True,True,True,0.087,0.081,0.326,True,True,True,True,True,True,results/plots/210430_Sample_B8_force_time.png,results/plots/210430_Sample_B8_force_extension.png
210430 MRC Sample B9Data.csv,30.04.2021,B,9,105.1,M,8wks,oim Het,41.20987998,-0.0688656011,False,0.04312473234,25.51281205,88.97766667,6218.017025,0.006218017,14,0.234,37.63257643,12.58571429,1.762,657.1543775,14.79571381,0.03578571429,788.33,0.102,0.501,0.7812060167,-9.183970837,180,9.22072889,9.615272587,39.15419065,True,True,True,0.06997183918,0.06950310316,0.03269315632,True,True,True,0.081,0.081,0.244,True,True,True,True,True,True,results/plots/210430_Sample_B9_force_time.png,results/plots/210430_Sample_B9_force_extension.png
210430 MRC Sample C1Data.csv,30.04.2021,C,1,161.3,M,8wks,oim Hom,100,-0.005897743127,True,-0.004142801772,-179.5448593,106.3206667,8878.206944,0.008878207,6.001,0.005,0.5631767766,18.21363106,1.093,0,0,0,781.42,0.02,0,,0,29,3.191282592,0.4348155323,0.9746940769,True,False,False,0.2099382833,0.2451654451,0.2485250412,False,False,False,0.025,0.025,0.025,True,True,True,False,False,False,results/plots/210430_Sample_C1_force_time.png,results/plots/210430_Sample_C1_force_extension.png
210430 MRC Sample C10Data.csv,30.04.2021,C,10,161.3,M,8wks,oim Hom,69.98016129,-0.00115521011,False,-6.880685052e-05,-14.93784667,124.133,12102.20163,0.012102202,6,0.285,23.5494334,42.66666667,2.56,417.3725532,13.05547536,0.272,830.87,0.158,1.632,0.811215614,-101.8346349,153,3.274307042,2.564562722,180.2335646,True,False,True,0.08446262197,0.0788551133,0.02176317122,False,True,True,0.015,0.015,0.285,True,True,True,False,True,True,results/plots/210430_Sample_C10_force_time.png,results/plots/210430_Sample_C10_force_extension.png
210430 MRC Sample C2Data.csv,30.04.2021,C,2,161.3,M,8wks,oim Hom,100,-0.0004608834095,True,0.0004955200398,1.383054985,92.48533333,6717.932157,0.006717932,6.001,0.026,3.870238639,4.015997334,0.241,101.1550727,1.488553323,0.03966005666,789.02,0.025,0.238,0.2091164286,-2.940107827,23,0.7685015409,0.6166481021,5.244084339,False,False,True,0.2471341051,0.2474169503,0.1255422351,False,False,False,0.025,0.025,0.041,True,True,True,False,False,False,results/plots/210430_Sample_C2_force_time.png,results/plots/210430_Sample_C2_force_extension.png
210430 MRC Sample C4Data.csv,30.04.2021,C,4,161.3,M,8wks,oim Hom,33.32194256,-0.001816895292,False,9.672269154e-05,0.3785019215,108.897,9313.688581,0.009313689,6,0.02,2.147376834,0,0,,,,,,,,,0,1.209532714,0.6003258641,0.7425837775,False,False,False,0.2461000958,0.2464219857,0.3104189529,False,False,False,0.025,0.025,0.02,True,True,True,False,False,False,results/plots/210430_Sample_C4_force_time.png,results/plots/210430_Sample_C4_force_extension.png
210430 MRC Sample C5Data.csv,30.04.2021,C,5,161.3,M,8wks,oim Hom,100,-0.02118193914,True,-7.75633032e-05,-0.1816737171,84.27433333,5578.025979,0.005578026,6,0.005,0.8963744522,5.616666667,0.337,0,0,0,781.42,0.02,0,,0,24,0.340575464,0.4719657666,0.862850958,False,False,False,0.246346273,0.2466303056,0.2460736494,False,False,False,0.025,0.025,0.025,True,True,True,False,False,False,results/plots/210430_Sample_C5_force_time.png,results/plots/210430_Sample_C5_force_extension.png
210430 MRC Sample C6Data.csv,30.04.2021,C,6,161.3,M,8wks,oim Hom,100,-0.01854751514,True,-0.0005453791314,-1.474944082,90.36166667,6412.957277,0.006412957,6,0.01,1.559343061,7.95,0.477,,,,,,,,,0,0.2277580924,0.2943598197,0.5429102402,False,False,False,0.2470632248,0.2472168426,0.2472694274,False,False,False,0.025,0.025,0.025,True,True,True,False,False,False,results/plots/210430_Sample_C6_force_time.png,results/plots/210430_Sample_C6_force_extension.png
210430 MRC Sample C8Data.csv,30.04.2021,C,8,161.3,M,8wks,oim Hom,,0.00184889143,False,-0.00157901571,-91.49301813,124.0973333,12095.24806,0.012095248,6,0.087,7.192907496,17.95,1.077,291.7138228,2.562990027,0.07866666667,796.01,0.031,0.472,0.7390555258,-20.96310963,175,4.562672722,3.190443854,56.502566,True,True,True,0.1040161185,0.1075628481,0.05164765232,False,False,True,0.02,0.015,0.087,True,True,True,False,False,True,results/plots/210430_Sample_C8_force_time.png,results/plots/210430_Sample_C8_force_extension.png
210430 MRC Sample D1Data.csv,30.04.2021,D,1,33.1,M,52wks,Tm1b Het,2.027769425,-0.0007014476787,False,0.06404944507,67.58143779,137.5693333,14863.91272,0.014863913,14,0.316,21.25954316,11.65714286,1.632,394.3533037,5.853102073,0.03728571429,788.6,0.097,0.522,0.9171157094,-8.906239944,180,22.10356543,4.801099664,47.70914978,True,True,True,0.07107531439,0.1169261681,0.01674153736,True,False,True,0.081,0.041,0.326,True,True,True,True,False,True,results/plots/210430_Sample_D1_force_time.png,results/plots/210430_Sample_D1_force_extension.png
210430 MRC Sample D10Data.csv,30.04.2021,D,10,33.1,M,52wks,Tm1b Het,4.229671477,-0.00489798491,False,0.05020360653,33.16578261,116.9293333,10738.33203,0.010738332,14.001,0.504,46.9346636,13.16334548,1.843,647.5145988,27.56480243,0.0724948218,794.93,0.316,1.015,0.8200831313,-19.19119184,82,12.21976299,11.35887623,90.05591073,True,True,True,0.04752773215,0.0520374814,0.014594624,True,True,True,0.117,0.087,0.524,True,True,True,True,True,True,results/plots/210430_Sample_D10_force_time.png,results/plots/210430_Sample_D10_force_extension.png
210430 MRC Sample D2Data.csv,30.04.2021,D,2,33.1,M,52wks,Tm1b Het,0.4379077555,-0.0008167038594,False,0.1161315989,38.04800957,116.7366667,10702.97369,0.010702974,14.001,0.381,35.5975825,8.892221984,1.245,632.8381173,16.63089156,0.03199771445,787.65,0.219,0.448,0.8974951166,-4.627243838,180,7.779921197,28.48036109,82.44347431,True,True,True,0.02950589027,0.03028206206,0.01248205346,True,True,True,0.163,0.147,0.422,True,True,True,True,True,True,results/plots/210430_Sample_D2_force_time.png,results/plots/210430_Sample_D2_force_extension.png
210430 MRC Sample D3Data.csv,30.04.2021,D,3,33.1,M,52wks,Tm1b Het,100,-0.002644913818,True,0.03580823912,47.3977277,121.7426667,11640.60365,0.011640604,14.001,0.275,23.62420369,13.44903935,1.883,361.7782119,7.04430801,0.05378187272,791.57,0.092,0.753,0.8278560972,-12.07308821,180,6.500399611,0.7973183459,47.659848,True,False,True,0.09381762277,0.2419293936,0.01653645169,False,False,True,0.061,0.025,0.285,True,True,True,False,False,True,results/plots/210430_Sample_D3_force_time.png,results/plots/210430_Sample_D3_force_extension.png
210430 MRC Sample D4Data.csv,30.04.2021,D,4,33.1,M,52wks,Tm1b Het,80.14961958,-0.03831028685,False,0.1020962017,48.08591455,118.3663333,11003.89076,0.011003891,14,0.265,24.08239049,12.14285714,1.7,398.1249609,9.269448416,0.05192857143,791.22,0.117,0.727,0.7506562105,-12.91186809,179,20.00165532,4.575735462,40.77899802,True,True,True,0.04607842387,0.1322590169,0.01650750077,True,False,True,0.122,0.041,0.28,True,True,True,True,False,True,results/plots/210430_Sample_D4_force_time.png,results/plots/210430_Sample_D4_force_extension.png
210430 MRC Sample D5Data.csv,30.04.2021,D,5,33.1,M,52wks,Tm1b Het,100,-0.004093532786,False,0.01276726256,55.69943852,133.9336667,14088.6506,0.014088651,14,0.117,8.304556625,11.94285714,1.672,243.4284963,2.555248192,0.04871428571,790.65,0.036,0.682,0.8210606108,-9.85595106,166,1.333935007,3.46983309,78.21364445,False,True,True,0.06750508097,0.0478387651,0.03900345208,True,True,True,0.025,0.02,0.117,True,True,True,True,True,True,results/plots/210430_Sample_D5_force_time.png,results/plots/210430_Sample_D5_force_extension.png
210430 MRC Sample D6Data.csv,30.04.2021,D,6,33.1,M,52wks,Tm1b Het,92.63151013,-0.04215288918,False,0.07254804904,59.73724602,123.8926667,12055.38496,0.012055385,14,0.372,30.85757941,15.76428571,2.207,405.3327906,14.35043344,0.08742857143,797.56,0.188,1.224,0.8501261989,-20.87943763,181,11.64836046,4.850021286,49.30196525,True,True,True,0.07093214825,0.1462649959,0.01293264418,True,False,True,0.081,0.041,0.387,True,True,True,True,False,True,results/plots/210430_Sample_D6_force_time.png,results/plots/210430_Sample_D6_force_extension.png
210430 MRC Sample D7Data.csv,30.04.2021,D,7,33.1,M,52wks,Tm1b Het,100,-0.002244594729,True,0.08665550376,68.12863974,104.2516667,8536.029261,0.008536029,14.001,0.214,25.07020536,17.29876437,2.422,440.3346573,9.606340372,0.08770802086,797.65,0.092,1.228,0.8038895995,-28.49785646,181,2.134342971,0.6660741146,31.51274344,False,False,True,0.09639558395,0.243529581,0.021547753,False,False,True,0.061,0.025,0.224,True,True,True,False,False,True,results/plots/210430_Sample_D7_force_time.png,results/plots/210430_Sample_D7_force_extension.png
210430 MRC Sample D8Data.csv,30.04.2021,D,8,33.1,M,52wks,Tm1b Het,94.98359565,-0.05274603009,False,0.09381210113,61.99052444,109.9156667,9488.751615,0.009488752,14,0.27,28.45474305,11.37857143,1.593,462.724632,15.07047502,0.064,793.39,0.153,0.896,0.8041605414,-15.827321,179,17.72971589,4.90797673,41.42087081,True,True,True,0.06975641026,0.1420559901,0.01786868433,True,False,True,0.081,0.041,0.28,True,True,True,True,False,True,results/plots/210430_Sample_D8_force_time.png,results/plots/210430_Sample_D8_force_extension.png
210430 MRC Sample D9Data.csv,30.04.2021,D,9,33.1,M,52wks,Tm1b Het,100,-0.01307630003,True,0.05780300074,66.07169354,128.361,12940.64922,0.012940649,14.001,0.183,14.14148549,11.94914649,1.673,283.865062,1.545517539,0.02514106135,786.42,0.025,0.352,0.7992160802,-5.507750997,125,1.951464517,1.431874626,26.08046015,False,False,True,0.09648208073,0.2449957155,0.02633689738,False,False,True,0.061,0.025,0.188,True,True,True,False,False,True,results/plots/210430_Sample_D9_force_time.png,results/plots/210430_Sample_D9_force_extension.png
210506 MRC Sample A1Data.csv,06.05.2021,A,1,57.1,M,52wks,Tm1b Wt,20.06600725,-0.02915492635,False,0.08216842974,30.93791641,143.67,16211.4576,0.016211458,14,0.451,27.81982965,9.242857143,1.294,546.0838735,7.217117671,0.02228571429,785.85,0.107,0.312,0.9382590656,-4.99529071,180,19.89234868,22.98236075,64.36449019,True,True,True,0.01768504304,0.02872256113,0.01244246512,True,True,True,0.253,0.162,0.451,True,True,True,True,True,True,results/plots/210506_Sample_A1_force_time.png,results/plots/210506_Sample_A1_force_extension.png
210506 MRC Sample A10Data.csv,06.05.2021,A,10,57.1,M,52wks,Tm1b Wt,24.95231291,-0.04529959632,False,0.1310941612,40.28581365,137.653,14881.99804,0.014881998,14,0.704,47.30547605,16.37857143,2.293,671.1023158,16.32845267,0.03435714286,788.07,0.284,0.481,0.9585619998,-6.404315767,180,68.21413478,25.54452049,119.6745552,True,True,True,0.01715559483,0.02843180167,0.008338680902,True,True,True,0.278,0.182,0.755,True,True,True,True,True,True,results/plots/210506_Sample_A10_force_time.png,results/plots/210506_Sample_A10_force_extension.png
210506 MRC Sample A2Data.csv,06.05.2021,A,2,57.1,M,52wks,Tm1b Wt,2.149714915,-0.00154744624,False,0.04660285804,38.11938021,114.5473333,10305.28122,0.010305281,14.001,0.112,10.86821407,4.335404614,0.607,319.2400187,1.940752513,0.00878508678,783.42,0.015,0.123,0.7765720768,-0.8311608481,125,6.97817838,6.634511904,15.99047924,True,True,True,0.06850063765,0.09110415591,0.04909820451,True,False,True,0.081,0.061,0.117,True,True,True,True,False,True,results/plots/210506_Sample_A2_force_time.png,results/plots/210506_Sample_A2_force_extension.png
210506 MRC Sample A3Data.csv,06.05.2021,A,3,57.1,M,52wks,Tm1b Wt,6.751042886,-0.008523844253,False,0.04115717447,40.63303383,156.252,19175.25073,0.019175251,14,0.588,30.66452689,10.35,1.449,428.76051,14.55000511,0.04607142857,790.13,0.269,0.645,0.9318047609,-4.987320512,180,75.16262478,23.70435414,94.94914968,True,True,True,0.03358324335,0.03471803279,0.02817577946,True,True,True,0.157,0.157,0.588,True,True,True,True,True,True,results/plots/210506_Sample_A3_force_time.png,results/plots/210506_Sample_A3_force_extension.png
210506 MRC Sample A4Data.csv,06.05.2021,A,4,57.1,M,52wks,Tm1b Wt,3.615424737,-0.00567094578,False,0.0486920614,27.36274896,148.0433333,17213.43688,0.017213437,14,0.604,35.08886691,8.557142857,1.198,566.1591803,12.37405406,0.02678571429,786.66,0.223,0.375,0.9193147474,-3.309375405,181,20.09976523,113.0326996,132.5452416,True,True,True,0.01934726597,0.01936601593,0.02132059757,True,True,True,0.208,0.208,0.624,True,True,True,True,True,True,results/plots/210506_Sample_A4_force_time.png,results/plots/210506_Sample_A4_force_extension.png
210506 MRC Sample A5Data.csv,06.05.2021,A,5,57.1,M,52wks,Tm1b Wt,2.856197275,-0.003038270262,False,0.05544108765,42.05102522,120.3736667,11380.27773,0.011380278,14,0.486,42.70545939,11.87142857,1.662,624.0175207,6.238863409,0.02578571429,786.48,0.102,0.361,0.9183469697,-9.456041495,181,9.706592578,24.68462386,220.0065038,True,True,True,0.03515221772,0.04823530273,0.02365368615,True,True,True,0.102,0.092,0.502,True,True,True,True,True,True,results/plots/210506_Sample_A5_force_time.png,results/plots/210506_Sample_A5_force_extension.png
210506 MRC Sample A6Data.csv,06.05.2021,A,6,57.1,M,52wks,Tm1b Wt,47.11499975,-0.00306593311,False,0.1222840663,58.41784363,100.16,7879.134481,0.007879134,18.373,0.157,19.92604771,11.49512872,2.112,491.4885152,3.172937533,0.02721384641,786.74,0.015,0.5,0.8200390782,-10.08398968,157,10.98054885,0.977982588,21.60490494,True,False,True,0.07237801095,0.2474395116,0.02857901947,True,False,True,0.081,0.025,0.157,True,True,True,True,False,True,results/plots/210506_Sample_A6_force_time.png,results/plots/210506_Sample_A6_force_extension.png
210506 MRC Sample A7Data.csv,06.05.2021,A,7,57.1,M,52wks,Tm1b Wt,81.01326244,-0.02362917114,False,0.06291595126,68.76468071,116.3186667,10626.46246,0.010626462,14,0.051,4.799339611,5.928571429,0.83,255.5929085,2.352617456,0.0275,786.84,0.025,0.385,0.6358071278,-5.11749564,102,1.150008163,3.178531761,5.843072869,False,True,True,0.1463630647,0.1450017197,0.07153709164,False,False,True,0.041,0.041,0.061,True,True,True,False,False,True,results/plots/210506_Sample_A7_force_time.png,results/plots/210506_Sample_A7_force_extension.png
210506 MRC Sample A8Data.csv,06.05.2021,A,8,57.1,M,52wks,Tm1b Wt,86.73918667,-0.01442817862,False,0.07639400153,47.14945533,112.0193333,9855.436147,0.009855436,14,0.243,24.65644341,15.01428571,2.102,414.0895619,5.073342265,0.04885714286,790.67,0.081,0.684,0.8322681331,-14.80494064,179,14.00551516,3.948117257,98.86588439,True,True,True,0.03486319256,0.0638044574,0.01543677703,True,True,True,0.102,0.041,0.254,True,True,True,True,True,True,results/plots/210506_Sample_A8_force_time.png,results/plots/210506_Sample_A8_force_extension.png
210506 MRC Sample A9Data.csv,06.05.2021,A,9,57.1,M,52wks,Tm1b Wt,11.17014875,-0.01156597121,False,0.09975245947,42.01833077,129.138,13097.78911,0.013097789,14,0.405,30.92124938,12.04285714,1.686,586.4826767,5.802506057,0.02428571429,786.26,0.107,0.34,0.9102207313,-8.454053497,181,11.52319397,56.73369178,280.0692034,True,True,True,0.02342546378,0.03057306791,0.01488278877,True,True,True,0.173,0.097,0.416,True,True,True,True,True,True,results/plots/210506_Sample_A9_force_time.png,results/plots/210506_Sample_A9_force_extension.png
210506 MRC Sample B1Data.csv,06.05.2021,B,1,59.2,M,52wks,Tm1b Wt,29.62372529,-0.03379675044,False,0.08567950246,47.71715164,144.503,16399.99095,0.016399991,14.001,0.41,25.00001372,14.34897507,2.009,471.0614296,4.329270669,0.02285551032,786,0.102,0.32,0.9065591012,-6.053271399,180,168.3465168,75.58515963,77.72763316,True,True,True,0.01196234384,0.02424297228,0.008442683753,True,True,True,0.304,0.127,0.431,True,True,True,True,True,True,results/plots/210506_Sample_B1_force_time.png,results/plots/210506_Sample_B1_force_extension.png
210506 MRC Sample B10Data.csv,06.05.2021,B,10,59.2,M,52wks,Tm1b Wt,100,-0.02154538599,True,0.08994243648,52.91830736,129.4126667,13153.56436,0.013153564,14.001,0.299,22.73148175,11.2206271,1.571,375.0155132,4.181376241,0.03499750018,788.13,0.025,0.49,0.8339206106,-9.556236646,181,16.56269484,2.384790235,59.07704729,True,False,True,0.03798318669,0.1390388359,0.01667641152,True,False,True,0.158,0.046,0.32,True,True,True,True,False,True,results/plots/210506_Sample_B10_force_time.png,results/plots/210506_Sample_B10_force_extension.png
210506 MRC Sample B2Data.csv,06.05.2021,B,2,59.2,M,52wks,Tm1b Wt,37.63140595,-0.003502233597,False,0.07803570313,53.53294316,152.507,18267.0929,0.018267093,14,0.243,13.30260923,12.75714286,1.786,225.3613309,3.558311112,0.03928571429,788.95,0.096,0.55,0.7976408511,-5.687508812,179,56.07356306,10.99666267,167.0500757,True,True,True,0.01984067805,0.09270786733,0.01400392189,True,False,True,0.137,0.036,0.249,True,True,True,True,False,True,results/plots/210506_Sample_B2_force_time.png,results/plots/210506_Sample_B2_force_extension.png
210506 MRC Sample B3Data.csv,06.05.2021,B,3,59.2,M,52wks,Tm1b Wt,8.094271483,-0.01168684042,False,0.09861126757,39.39360877,146.8106667,16927.97867,0.016927979,14,0.517,30.5411532,11.45,1.603,558.8575014,9.569955161,0.02528571429,786.43,0.223,0.354,0.936886439,-4.930022132,181,19.28060874,24.05412775,81.25131491,True,True,True,0.02194687649,0.02492209582,0.009863471318,True,True,True,0.233,0.192,0.553,True,True,True,True,True,True,results/plots/210506_Sample_B3_force_time.png,results/plots/210506_Sample_B3_force_extension.png
210506 MRC Sample B4Data.csv,06.05.2021,B,4,59.2,M,52wks,Tm1b Wt,29.8668471,-0.0006247612279,False,0.004171926645,7.44334334,139.2886667,15237.77105,0.015237771,14.001,0.04,2.625055856,8.520819941,1.193,92.91099237,0.6562639641,0.07735161774,795.79,0.041,1.083,0.5962385834,-6.366539881,164,0.6314472328,1.038126074,14.72877337,False,False,True,0.09372400123,0.1233382273,0.06702651363,False,False,True,0.036,0.021,0.056,True,True,True,False,False,True,results/plots/210506_Sample_B4_force_time.png,results/plots/210506_Sample_B4_force_extension.png
210506 MRC Sample B5Data.csv,06.05.2021,B,5,59.2,M,52wks,Tm1b Wt,20.75605731,-0.008225288023,False,0.101746375,48.50062815,137.4566667,14839.57618,0.014839576,14.001,0.405,27.29188489,13.52046282,1.893,417.196999,15.36432038,0.07920862796,796.12,0.259,1.109,0.8229825498,-17.33559491,118,63.13028226,26.14240889,275.0635671,True,True,True,0.02051841358,0.08247045423,0.01147347216,True,False,True,0.173,0.051,0.405,True,True,True,True,False,True,results/plots/210506_Sample_B5_force_time.png,results/plots/210506_Sample_B5_force_extension.png
210506 MRC Sample B6Data.csv,06.05.2021,B,6,59.2,M,52wks,Tm1b Wt,27.91149369,-0.005282705008,False,0.07049014524,59.79442609,105.462,8735.38172,0.008735382,14,0.116,13.27932768,11.94285714,1.672,359.9601805,5.151463325,0.0705,794.51,0.076,0.987,0.815601601,-19.44969105,158,8.64979436,7.466911449,75.53109406,True,True,True,0.04872523516,0.1242570107,0.03174505791,True,False,True,0.056,0.031,0.122,True,True,True,True,False,True,results/plots/210506_Sample_B6_force_time.png,results/plots/210506_Sample_B6_force_extension.png
210506 MRC Sample B7Data.csv,06.05.2021,B,7,59.2,M,52wks,Tm1b Wt,100,0.01858634916,True,0.09403614407,53.67939601,90.907,6490.595335,0.006490595,14,0.035,5.392417798,9.75,1.365,170.3208339,0.7703453998,0.05285714286,791.39,-0.02,0.74,0.146875767,-8.025886466,67,5.153387101,0.6188620803,4.259517583,True,False,True,0.09911530268,0.1519335379,0.08489796618,False,False,False,0.061,0.041,0.061,True,True,True,False,False,False,results/plots/210506_Sample_B7_force_time.png,results/plots/210506_Sample_B7_force_extension.png
210506 MRC Sample B9Data.csv,06.05.2021,B,9,59.2,M,52wks,Tm1b Wt,20.05065281,-0.02981980141,False,0.05246227554,29.40707864,102.143,8194.210188,0.00819421,14,0.197,24.04136579,7.028571429,0.984,628.5691431,8.542617287,0.02235714286,785.91,0.025,0.313,0.8012867556,-6.613848615,181,7.437070618,16.78349537,45.04096987,True,True,True,0.05179359565,0.04954525209,0.02657754106,True,True,True,0.107,0.087,0.203,True,True,True,True,True,True,results/plots/210506_Sample_B9_force_time.png,results/plots/210506_Sample_B9_force_extension.png
210506 MRC Sample C1Data.csv,06.05.2021,C,1,61.2,M,52wks,Tm1b Wt,-11.06067694,0.001599032113,False,0.05104753958,42.91199569,151.4493333,18014.59957,0.0180146,14,0.157,8.715153265,10.43571429,1.461,248.6088877,3.330631821,0.049,790.7,0.015,0.686,0.8375939787,-8.928034005,179,11.3853784,10.12317758,63.27345983,True,True,True,0.04690146289,0.1065074389,0.02332256807,True,False,True,0.117,0.046,0.173,True,True,True,True,False,True,results/plots/210506_Sample_C1_force_time.png,results/plots/210506_Sample_C1_force_extension.png
210506 MRC Sample C10Data.csv,06.05.2021,C,10,61.2,M,52wks,Tm1b Wt,100,-2.408762902e-17,True,0.03228590569,41.67444933,135.4216667,14403.43876,0.014403439,14.001,0.122,8.470199374,12.97050211,1.816,247.806846,2.499403094,0.05235340333,791.29,-0.015,0.733,0.8014574567,-11.02544511,181,1.625297951,0.7935772359,72.89452348,False,False,True,0.04519843201,0.07564866684,0.03356749629,True,True,True,0.066,0.021,0.132,True,True,True,True,True,True,results/plots/210506_Sample_C10_force_time.png,results/plots/210506_Sample_C10_force_extension.png
210506 MRC Sample C2Data.csv,06.05.2021,C,2,61.2,M,52wks,Tm1b Wt,-21.62012415,0.004734974617,False,0.06443318456,39.03780016,139.9813333,15389.69925,0.015389699,14,0.401,26.05639006,14.64285714,2.05,319.1453838,8.902058448,0.06378571429,793.36,0.086,0.893,0.8401515701,-11.13418685,179,10.95524439,19.68485059,271.1604506,True,True,True,0.02477678111,0.07315546438,0.01134710694,True,True,True,0.147,0.056,0.406,True,True,True,True,True,True,results/plots/210506_Sample_C2_force_time.png,results/plots/210506_Sample_C2_force_extension.png
210506 MRC Sample C3Data.csv,06.05.2021,C,3,61.2,M,52wks,Tm1b Wt,68.07862875,-0.03376598669,False,0.1601387462,46.42177097,118.877,11099.04353,0.011099044,14,0.32,28.83131196,14.35714286,2.01,417.5454048,6.396947341,0.03657142857,788.43,0.02,0.512,0.7811244404,-9.317660589,179,11.56053412,26.73388906,217.9909191,True,True,True,0.0233766597,0.07603666014,0.01477870602,True,True,True,0.193,0.061,0.325,True,True,True,True,True,True,results/plots/210506_Sample_C3_force_time.png,results/plots/210506_Sample_C3_force_extension.png
210506 MRC Sample C4Data.csv,06.05.2021,C,4,61.2,M,52wks,Tm1b Wt,100,0.007300666769,True,0.1593794545,60.08302834,138.1316667,14985.67762,0.014985678,14.001,0.061,4.070553231,5.263909721,0.737,155.1362474,0.6673038083,0.02749803585,786.84,-0.02,0.385,0.7722566086,-3.508474378,106,0.7300365677,2.320826805,7.839288786,False,False,True,0.03307203338,0.1467846604,0.05950743573,True,False,True,0.163,0.041,0.082,True,True,True,True,False,True,results/plots/210506_Sample_C4_force_time.png,results/plots/210506_Sample_C4_force_extension.png
210506 MRC Sample C5Data.csv,06.05.2021,C,5,61.2,M,52wks,Tm1b Wt,75.22635199,-0.02813644894,False,0.1049028523,52.45129631,153.2076667,18435.3284,0.018435328,14.001,0.426,23.10780692,16.21312763,2.27,292.6252104,3.851301154,0.03299764303,787.83,0.02,0.462,0.8603666439,-6.035818309,180,19.36433187,28.66302492,287.7443531,True,True,True,0.01899429467,0.06849073299,0.01202506191,True,True,True,0.213,0.066,0.431,True,True,True,True,True,True,results/plots/210506_Sample_C5_force_time.png,results/plots/210506_Sample_C5_force_extension.png
210506 MRC Sample C6Data.csv,06.05.2021,C,6,61.2,M,52wks,Tm1b Wt,6.744107927,-0.001584076916,False,0.01884191549,26.22083428,124.1076667,12097.26245,0.012097262,14.001,0.076,6.282413326,9.87072352,1.382,338.6671589,3.30653333,0.07563745447,795.43,0.015,1.059,0.5921212355,-22.09364543,89,1.488949506,2.937096558,9.118374538,False,False,True,0.09650265712,0.1493975396,0.04614042967,False,False,True,0.056,0.041,0.102,True,True,True,False,False,True,results/plots/210506_Sample_C6_force_time.png,results/plots/210506_Sample_C6_force_extension.png
210506 MRC Sample C7Data.csv,06.05.2021,C,7,61.2,M,52wks,Tm1b Wt,99.40485514,-0.004174285125,False,0.01370405545,28.80016842,154.291,18696.96302,0.018696963,14.001,0.102,5.455431452,9.449325048,1.323,184.4244987,1.658023284,0.05021069924,790.87,-0.02,0.703,0.7375372771,-7.808694075,180,0.6838638261,3.661195747,47.41247638,False,True,True,0.04932274178,0.04075014671,0.02311135819,True,True,True,0.056,0.041,0.117,True,True,True,True,True,True,results/plots/210506_Sample_C7_force_time.png,results/plots/210506_Sample_C7_force_extension.png
210506 MRC Sample C8Data.csv,06.05.2021,C,8,61.2,M,52wks,Tm1b Wt,97.19933752,-0.001650555109,False,0.2155773935,76.44799288,108.854,9306.334668,0.009306335,14.001,0.006,0.6447221167,3.971144918,0.556,0,0,0,781.41,-0.051,0,,0,96,0.5777221002,0.8072197615,1.235322727,False,False,False,0.01773917304,0.0859968756,0.1144025662,True,False,False,0.142,0.02,0.016,True,True,True,True,False,False,results/plots/210506_Sample_C8_force_time.png,results/plots/210506_Sample_C8_force_extension.png
210506 MRC Sample C9Data.csv,06.05.2021,C,9,61.2,M,52wks,Tm1b Wt,87.69697328,-0.03818995781,False,0.06815096738,39.32101984,106.9686667,8986.757993,0.008986758,15.602,0.32,35.60794671,15.80566594,2.466,574.3690673,7.900513177,0.05274964748,791.38,0.02,0.823,0.842844865,-22.75766995,181,6.18442893,8.468811995,80.78761122,True,True,True,0.02975648568,0.05506889694,0.01188117022,True,True,True,0.117,0.051,0.335,True,True,True,True,True,True,results/plots/210506_Sample_C9_force_time.png,results/plots/210506_Sample_C9_force_extension.png
210506 MRC Sample D1Data.csv,06.05.2021,D,1,36.1,M,52wks,Tm1b Het,7.657357461,-0.001502932385,False,0.004360999744,12.16416102,173.646,23682.05845,0.023682058,14.001,0.365,15.41251187,15.2346261,2.133,210.4070961,6.207230807,0.05542461253,791.85,0.096,0.776,0.843948362,-5.633921762,180,3.180928822,5.363469716,100.7744661,True,True,True,0.08101239526,0.1019794941,0.02084049367,False,False,True,0.071,0.046,0.37,True,True,True,False,False,True,results/plots/210506_Sample_D1_force_time.png,results/plots/210506_Sample_D1_force_extension.png
210506 MRC Sample D10Data.csv,06.05.2021,D,10,36.1,M,52wks,Tm1b Het,6.093320145,-0.004860881612,False,0.05067573772,30.9394008,118.9046667,11104.21038,0.01110421,14,0.487,43.85723973,15.01428571,2.102,506.7360774,6.393971296,0.02692857143,786.73,0.02,0.377,0.8664162588,-7.66681817,181,10.10186478,27.01662108,333.1308843,True,True,True,0.02578849688,0.05884203768,0.007337703589,True,True,True,0.132,0.076,0.502,True,True,True,True,True,True,results/plots/210506_Sample_D10_force_time.png,results/plots/210506_Sample_D10_force_extension.png
210506 MRC Sample D2Data.csv,06.05.2021,D,2,36.1,M,52wks,Tm1b Het,21.72609179,-0.007148405674,False,0.01177662631,20.11619178,133.0233333,13897.78324,0.013897783,14.001,0.203,14.60664625,18.62009856,2.607,300.6954164,5.108728493,0.09506463824,798.98,0.02,1.331,0.8240106869,-23.80044422,181,1.923287306,6.448668807,30.37231918,False,True,True,0.113517224,0.1148979193,0.02235212714,False,False,True,0.051,0.046,0.203,True,True,True,False,False,True,results/plots/210506_Sample_D2_force_time.png,results/plots/210506_Sample_D2_force_extension.png
210506 MRC Sample D3Data.csv,06.05.2021,D,3,36.1,M,52wks,Tm1b Het,39.40868707,-0.0004055922698,False,0.02863394833,49.67242154,133.9003333,14081.63871,0.014081639,14.001,0.097,6.888402692,17.60588529,2.465,216.3332386,0.4260867645,0.02806942361,786.94,-0.045,0.393,0.5090064116,-5.64047533,81,19.50026278,0.9652322561,36.73719328,True,False,True,0.04659976135,0.130595323,0.03947956749,True,False,True,0.056,0.015,0.107,True,True,True,True,False,True,results/plots/210506_Sample_D3_force_time.png,results/plots/210506_Sample_D3_force_extension.png
210506 MRC Sample D4Data.csv,06.05.2021,D,4,36.1,M,52wks,Tm1b Het,3.722659919,-0.007150511363,False,0.1012737834,34.61839803,147.606,17111.88702,0.017111887,14,0.694,40.55660255,10.57142857,1.48,641.8788939,13.32407116,0.02771428571,786.88,0.274,0.388,0.975895329,-4.160158248,180,21.79911475,28.61703585,107.4925067,True,True,True,0.01805066969,0.02006024546,0.0175859563,True,True,True,0.283,0.223,0.801,True,True,True,True,True,True,results/plots/210506_Sample_D4_force_time.png,results/plots/210506_Sample_D4_force_extension.png
210506 MRC Sample D6Data.csv,06.05.2021,D,6,36.1,M,52wks,Tm1b Het,43.47954051,-0.001622512067,False,0.03860139277,47.70758563,116.129,10591.83615,0.010591836,14,0.122,11.51830523,16.51428571,2.312,296.0694797,2.454720787,0.0755,795.41,-0.025,1.057,0.8147688313,-19.77768958,179,15.15318647,0.9300816799,46.71816394,True,False,True,0.0569082304,0.1297294679,0.03364143209,True,False,True,0.056,0.02,0.132,True,True,True,True,False,True,results/plots/210506_Sample_D6_force_time.png,results/plots/210506_Sample_D6_force_extension.png
210506 MRC Sample D7Data.csv,06.05.2021,D,7,36.1,M,52wks,Tm1b Het,85.92797402,-0.008435828009,False,0.002184604507,4.106581098,106.016,8827.398036,0.008827398,14,0.005,0.5664183262,0,0,,,,,,,,,0,0.7869069617,1.740459207,1.477128623,False,False,False,0.1414807768,0.1436508126,0.1318951807,False,False,False,0.025,0.025,0.025,True,True,True,False,False,False,results/plots/210506_Sample_D7_force_time.png,results/plots/210506_Sample_D7_force_extension.png
210506 MRC Sample D8Data.csv,06.05.2021,D,8,36.1,M,52wks,Tm1b Het,41.72370573,-0.002487484716,False,0.04957327412,53.71547845,130.0303333,13279.42385,0.013279424,14,0.061,4.593572733,15.04285714,2.106,157.371097,1.957916247,0.1156428571,802.62,-0.025,1.619,0.4761551671,-16.42443531,143,3.157236301,1.164786029,14.9423567,True,False,True,0.05013650629,0.137459944,0.05716051759,True,False,True,0.066,0.02,0.076,True,True,True,True,False,True,results/plots/210506_Sample_D8_force_time.png,results/plots/210506_Sample_D8_force_extension.png
210506 MRC Sample D9Data.csv,06.05.2021,D,9,36.1,M,52wks,Tm1b Het,100,-0.0008021797067,True,0.0552750105,53.22101244,102.5413333,8258.245731,0.008258246,14,0.056,6.781100975,15.34285714,2.148,344.2281019,0.726546533,0.02707142857,786.72,-0.045,0.379,0.465384304,-8.18857422,95,0.324578426,0.7382947355,35.81631354,False,False,True,0.03852102673,0.06800301188,0.06550968977,True,True,True,0.056,0.021,0.061,True,True,True,True,True,True,results/plots/210506_Sample_D9_force_time.png,results/plots/210506_Sample_D9_force_extension.png
210507 MRC Sample A1Data.csv,07.05.2021,A,1,68.3,F,18wks,Tm1b Wt,17.57711773,-0.02629946317,False,0.08029254448,40.65282234,159.7626667,20046.58886,0.020046589,14,0.376,18.75630812,8.292857143,1.161,414.5712996,6.784196553,0.02092857143,785.66,0.196,0.293,0.9343642924,-1.864757963,181,22.82697851,23.33248375,59.68284202,True,True,True,0.02465309949,0.02462311404,0.01132213364,True,True,True,0.221,0.196,0.416,True,True,True,True,True,True,results/plots/210507_Sample_A1_force_time.png,results/plots/210507_Sample_A1_force_extension.png
210507 MRC Sample A10Data.csv,07.05.2021,A,10,68.3,F,18wks,Tm1b Wt,21.5909468,-0.02709797898,False,0.02818521596,29.25903491,139.2136667,15221.36591,0.015221366,14,0.461,30.28637509,8.385714286,1.174,564.5109598,10.24875166,0.03028571429,787.33,0.196,0.424,0.9408945353,-6.659329404,180,47.69796562,48.94887019,143.8640025,True,True,True,0.02246997515,0.03376075627,0.02487254902,True,True,True,0.16,0.135,0.476,True,True,True,True,True,True,results/plots/210507_Sample_A10_force_time.png,results/plots/210507_Sample_A10_force_extension.png
210507 MRC Sample A2Data.csv,07.05.2021,A,2,68.3,F,18wks,Tm1b Wt,37.53475716,-0.05332968026,False,0.0944962889,43.31089248,109.5853333,9431.803563,0.009431804,14.001,0.281,29.79281588,12.66338119,1.773,575.5735465,6.891576627,0.02185558174,785.78,0.105,0.306,0.8729400474,-5.718880931,181,11.69874196,55.88770585,199.6150527,True,True,True,0.02400917843,0.04537452567,0.01600792672,True,True,True,0.135,0.09,0.296,True,True,True,True,True,True,results/plots/210507_Sample_A2_force_time.png,results/plots/210507_Sample_A2_force_extension.png
210507 MRC Sample A3Data.csv,07.05.2021,A,3,68.3,F,18wks,Tm1b Wt,24.73987364,-0.05252460277,False,0.1627905596,42.79497243,110.5843333,9604.551494,0.009604551,14,0.321,33.42165605,8.107142857,1.135,763.1702116,10.41173086,0.02507142857,786.36,0.175,0.351,0.8997287639,-7.330583559,180,16.20418363,19.29976641,50.71861462,True,True,True,0.02734981593,0.03101267351,0.02125410513,True,True,True,0.201,0.156,0.386,True,True,True,True,True,True,results/plots/210507_Sample_A3_force_time.png,results/plots/210507_Sample_A3_force_extension.png
210507 MRC Sample A4Data.csv,07.05.2021,A,4,68.3,F,18wks,Tm1b Wt,12.81928929,-0.02254009766,False,0.107887581,39.7087046,89.28433333,6260.952396,0.006260952,14.001,0.286,45.6799541,7.735161774,1.083,1186.53961,26.35381967,0.03956860224,789.01,0.19,0.554,0.7755484073,-19.81772833,80,60.16315429,10.47127862,44.93588653,True,True,True,0.04193634475,0.06020982651,0.02178740569,True,True,True,0.125,0.09,0.296,True,True,True,True,True,True,results/plots/210507_Sample_A4_force_time.png,results/plots/210507_Sample_A4_force_extension.png
210507 MRC Sample A5Data.csv,07.05.2021,A,5,68.3,F,18wks,Tm1b Wt,11.67503565,-0.022781772,False,0.1242094707,41.63743755,99.797,7822.126834,0.007822127,14,0.356,45.51191767,9.257142857,1.296,980.6661846,15.34109584,0.02928571429,787.15,0.16,0.41,0.9426371758,-12.7675165,179,14.06717976,48.30723844,161.5872703,True,True,True,0.02335237623,0.0297986753,0.009768289972,True,True,True,0.14,0.12,0.376,True,True,True,True,True,True,results/plots/210507_Sample_A5_force_time.png,results/plots/210507_Sample_A5_force_extension.png
210507 MRC Sample A6Data.csv,07.05.2021,A,6,68.3,F,18wks,Tm1b Wt,5.758901593,-0.00849407859,False,0.1007887684,40.17487325,115.175,10418.52704,0.010418527,14.001,0.366,35.12972611,7.599457182,1.064,699.6991632,2.879485747,0.007713734733,783.28,0.095,0.108,0.8495162568,-2.77397519,100,6.030125913,12.67998379,63.37001631,True,True,True,0.04324666256,0.03962563149,0.03936058971,True,True,True,0.13,0.13,0.416,True,True,True,True,True,True,results/plots/210507_Sample_A6_force_time.png,results/plots/210507_Sample_A6_force_extension.png
210507 MRC Sample A7Data.csv,07.05.2021,A,7,68.3,F,18wks,Tm1b Wt,17.50272526,-0.01154784083,False,0.02188941784,26.72348516,118.1066667,10955.66406,0.010955664,14.001,0.135,12.32239324,5.271052068,0.738,387.377013,4.563849348,0.02356974502,786.08,0.08,0.33,0.7660468615,-5.229745732,180,28.80532494,14.95775933,42.15024089,True,True,True,0.05716435546,0.05296865427,0.02696476514,True,True,True,0.065,0.065,0.14,True,True,True,True,True,True,results/plots/210507_Sample_A7_force_time.png,results/plots/210507_Sample_A7_force_extension.png
210507 MRC Sample A9Data.csv,07.05.2021,A,9,68.3,F,18wks,Tm1b Wt,25.7684438,-0.02921122949,False,0.1299951219,58.55331338,150.0173333,17675.54298,0.017675543,14.001,0.161,9.108631062,3.242625527,0.454,328.539966,3.394520893,0.01492750518,784.54,0.1,0.209,0.8720267488,-1.264745846,179,14.84136394,83.71540054,68.91599997,True,True,True,0.02568463453,0.03042498908,0.0222146856,True,True,True,0.206,0.135,0.181,True,True,True,True,True,True,results/plots/210507_Sample_A9_force_time.png,results/plots/210507_Sample_A9_force_extension.png
210507 MRC Sample B1Data.csv,07.05.2021,B,1,64.2,F,18wks,Tm1b Het,54.999375,-0.00548043797,False,0.004551394205,12.61666822,132.0456667,13694.248,0.013694248,14,0.065,4.746518392,10.86428571,1.521,151.4120033,2.555817596,0.09021428571,798.05,0.055,1.263,0.4494541003,-10.96996203,44,1.329400091,1.865468153,8.645927492,False,False,True,0.1840100537,0.2082234265,0.06705195026,False,False,True,0.03,0.025,0.07,True,True,True,False,False,True,results/plots/210507_Sample_B1_force_time.png,results/plots/210507_Sample_B1_force_extension.png
210507 MRC Sample B10Data.csv,07.05.2021,B,10,64.2,F,18wks,Tm1b Het,6.634002912,-0.008008446243,False,0.02877311606,20.71312522,85.14833333,5694.324135,0.005694324,14,0.211,37.05444228,10.03571429,1.405,784.8709927,14.04907764,0.04728571429,790.39,0.11,0.662,0.8480039538,-24.01223694,180,8.213212866,8.547937264,75.60202185,True,True,True,0.08301712663,0.08762048864,0.01853499854,False,False,True,0.06,0.06,0.221,True,True,True,False,False,True,results/plots/210507_Sample_B10_force_time.png,results/plots/210507_Sample_B10_force_extension.png
210507 MRC Sample B2Data.csv,07.05.2021,B,2,64.2,F,18wks,Tm1b Het,-3.90644309,0.001080093418,False,0.02724695332,34.05372369,141.328,15687.23157,0.015687232,14,0.07,4.462227626,7.914285714,1.108,238.743366,2.231113813,0.04007142857,789.09,0.075,0.561,0.7000273401,-7.761551785,121,3.768181384,16.43141457,31.6757764,True,True,True,0.04887832244,0.0886629441,0.04940523092,True,False,True,0.065,0.05,0.08,True,True,True,True,False,True,results/plots/210507_Sample_B2_force_time.png,results/plots/210507_Sample_B2_force_extension.png
210507 MRC Sample B3Data.csv,07.05.2021,B,3,64.2,F,18wks,Tm1b Het,24.74433725,-0.009064167292,False,0.05530092589,31.65945816,94.35433333,6992.195817,0.006992196,14,0.156,22.3105874,7.542857143,1.056,635.5530821,9.296078085,0.03878571429,788.82,0.105,0.543,0.805026692,-15.27763676,179,3.501499533,12.39267505,104.8118994,True,True,True,0.04157627718,0.09094514839,0.02501082833,True,False,True,0.08,0.05,0.166,True,True,True,True,False,True,results/plots/210507_Sample_B3_force_time.png,results/plots/210507_Sample_B3_force_extension.png
210507 MRC Sample B4Data.csv,07.05.2021,B,4,64.2,F,18wks,Tm1b Het,100,-0.001038257105,True,0.0184426614,22.18613517,92.02366667,6651.030643,0.006651031,14,0.045,6.765868329,9.157142857,1.282,138.143175,1.503526295,0.06507142857,793.54,0.04,0.911,0.5796246277,-7.154882196,175,2.112361616,0.8481608899,5.588578328,False,False,True,0.1904254766,0.2282979715,0.08101300062,False,False,False,0.03,0.025,0.06,True,True,True,False,False,False,results/plots/210507_Sample_B4_force_time.png,results/plots/210507_Sample_B4_force_extension.png
210507 MRC Sample B5Data.csv,07.05.2021,B,5,64.2,F,18wks,Tm1b Het,38.79815318,-0.0007400832785,False,0.0410707961,32.57535564,99.44166667,7766.523677,0.007766524,14,0.221,28.45545832,14.58571429,2.042,590.643565,9.013041098,0.07442857143,795.26,0.11,1.042,0.810264722,-35.66274114,180,18.8909222,0.9872378948,145.5206407,True,False,True,0.04383470236,0.09169027494,0.01381866859,True,False,True,0.06,0.02,0.231,True,True,True,True,False,True,results/plots/210507_Sample_B5_force_time.png,results/plots/210507_Sample_B5_force_extension.png
210507 MRC Sample B6Data.csv,07.05.2021,B,6,64.2,F,18wks,Tm1b Het,16.23114652,-0.008480779185,False,0.03911577598,42.74672234,113.7726667,10166.36637,0.010166366,14,0.035,3.442724765,2.264285714,0.317,145.48265,0.9836356472,0.02178571429,785.81,0.05,0.305,0.270015061,-2.184531636,44,0.6093391432,15.60930956,11.2986011,False,True,True,0.0522669901,0.07963513364,0.06978799808,True,True,True,0.06,0.055,0.045,True,True,True,True,True,True,results/plots/210507_Sample_B6_force_time.png,results/plots/210507_Sample_B6_force_extension.png
210507 MRC Sample B7Data.csv,07.05.2021,B,7,64.2,F,18wks,Tm1b Het,100,-0.003056646123,True,0.009890310318,22.9982081,109.8456667,9476.669604,0.00947667,14,0.04,4.220891938,7.021428571,0.983,192.6649698,1.055222984,0.06028571429,792.72,0.045,0.844,0.7487655865,-10.25985473,129,1.721414641,0.7321390641,5.448802628,False,False,True,0.2194728125,0.1806092778,0.07073295343,False,False,True,0.025,0.03,0.06,True,True,True,False,False,True,results/plots/210507_Sample_B7_force_time.png,results/plots/210507_Sample_B7_force_extension.png
210507 MRC Sample B9Data.csv,07.05.2021,B,9,64.2,F,18wks,Tm1b Het,-4.671743095,0.001848282894,False,0.05070703003,41.42625366,117.5186667,10846.84895,0.010846849,14,0.07,6.453487091,6.692857143,0.937,355.2908414,0.4609633636,0.01878571429,785.23,0.045,0.263,0.4956005558,-6.160087918,90,4.293899158,15.35347396,43.90226279,True,True,True,0.04090872993,0.08559751094,0.03897560904,True,False,True,0.08,0.05,0.08,True,True,True,True,False,True,results/plots/210507_Sample_B9_force_time.png,results/plots/210507_Sample_B9_force_extension.png
210507 MRC Sample C1Data.csv,07.05.2021,C,1,121.4,F,18wks,Tm1b Hom,51.43516755,-0.0072834319,False,0.0852671775,38.82640809,70.04733333,3853.657332,0.003853657,14,0.03,7.784813231,6.157142857,0.862,219.2001201,1.297468872,0.04828571429,790.57,0.045,0.676,0.3124770808,-8.400048797,122,2.379746368,1.004832091,6.772180538,False,False,True,0.05203499477,0.178768555,0.08198055893,True,False,False,0.06,0.015,0.04,True,True,True,True,False,False,results/plots/210507_Sample_C1_force_time.png,results/plots/210507_Sample_C1_force_extension.png
210507 MRC Sample C2Data.csv,07.05.2021,C,2,121.4,F,18wks,Tm1b Hom,100,-0.003268297343,True,0.0510718121,50.05360498,100.839,7986.324304,0.007986324,14,0.035,4.38249187,7.814285714,1.094,87.47384074,0.6260702671,0.06221428571,793.08,0.045,0.871,0.2673545302,-4.470830961,129,1.281076504,1.000022622,13.2161361,False,False,True,0.04261101896,0.1043290406,0.07782630155,True,False,True,0.055,0.015,0.045,True,True,True,True,False,True,results/plots/210507_Sample_C2_force_time.png,results/plots/210507_Sample_C2_force_extension.png
210507 MRC Sample C4Data.csv,07.05.2021,C,4,121.4,F,18wks,Tm1b Hom,26.04339244,-0.01368124581,False,0.02126183158,21.11754114,124.1783333,12111.04267,0.012111043,14,0.201,16.59642361,12.72857143,1.782,350.9650896,1.651385434,0.02492857143,786.38,0.095,0.349,0.7970440223,-6.338359191,159,8.116564425,3.85819827,24.85070302,True,True,True,0.06930910716,0.08492320408,0.02262074558,True,False,True,0.08,0.07,0.246,True,True,True,True,False,True,results/plots/210507_Sample_C4_force_time.png,results/plots/210507_Sample_C4_force_extension.png
210507 MRC Sample C5Data.csv,07.05.2021,C,5,121.4,F,18wks,Tm1b Hom,71.28186542,-0.00321151724,False,0.0566815394,41.74456001,87.67233333,6036.914313,0.006036914,14,0.03,4.969426432,6.007142857,0.841,144.691099,2.484713216,0.05971428571,792.62,0.055,0.836,0.09824260992,-6.618952323,78,17.78335497,1.023702105,7.047576355,True,False,True,0.03710771752,0.08722723561,0.09121480533,True,False,False,0.055,0.02,0.04,True,True,True,True,False,False,results/plots/210507_Sample_C5_force_time.png,results/plots/210507_Sample_C5_force_extension.png
210507 MRC Sample C6Data.csv,07.05.2021,C,6,121.4,F,18wks,Tm1b Hom,-14.01370382,0.004081513622,False,0.03369030856,20.4456016,92.729,6753.377616,0.006753378,14.001,0.156,23.09955107,9.277908721,1.299,643.1856698,9.624812945,0.0469966431,790.3,0.105,0.658,0.8088373814,-20.42489708,180,1.876990663,19.08788112,103.1668287,False,True,True,0.05096363818,0.09395053926,0.02459263118,True,False,True,0.07,0.05,0.166,True,True,True,True,False,True,results/plots/210507_Sample_C6_force_time.png,results/plots/210507_Sample_C6_force_extension.png
210507 MRC Sample C7Data.csv,07.05.2021,C,7,121.4,F,18wks,Tm1b Hom,100,-0.00116295732,True,0.08980237144,44.5904562,82.335,5324.255167,0.005324255,14.001,0.03,5.634591131,5.47818013,0.767,138.2561299,0.9390985218,0.03628312263,788.41,0.045,0.508,0.2731074255,-3.916701961,84,0.3871141298,0.6194332225,7.914636249,False,False,True,0.03715237414,0.08902974262,0.08647407532,True,False,False,0.065,0.02,0.035,True,True,True,True,False,False,results/plots/210507_Sample_C7_force_time.png,results/plots/210507_Sample_C7_force_extension.png
210507 MRC Sample C8Data.csv,07.05.2021,C,8,121.4,F,18wks,Tm1b Hom,100,1.528739173e-17,True,0.04599591049,36.49112788,98.14266667,7564.941775,0.007564942,14,0.15,19.828308,13.45714286,1.884,582.1612246,9.914154001,0.07114285714,794.63,0.11,0.996,0.8077067514,-32.39281384,181,1.370791065,0.6810566719,67.7564671,False,False,True,0.0437879843,0.07464736588,0.01656755693,True,True,True,0.06,0.02,0.16,True,True,True,True,True,True,results/plots/210507_Sample_C8_force_time.png,results/plots/210507_Sample_C8_force_extension.png
210507 MRC Sample C9Data.csv,07.05.2021,C,9,121.4,F,18wks,Tm1b Hom,24.07480227,-0.00335179341,False,0.02198187411,32.31559237,112.5856667,9955.339825,0.00995534,14,0.03,3.013458104,4.878571429,0.683,75.98248441,1.004486035,0.03978571429,789.01,0.04,0.557,0.5211749456,-2.017666048,179,0.2534455685,1.622218987,3.578184503,False,False,True,0.1037169323,0.1736832635,0.07426626504,False,False,True,0.045,0.025,0.045,True,True,True,False,False,True,results/plots/210507_Sample_C9_force_time.png,results/plots/210507_Sample_C9_force_extension.png
210507 MRC Sample D1Data.csv,07.05.2021,D,1,61.3,M,52wks,Tm1b Wt,30.93223364,-0.03735327166,False,0.05049685446,29.22886819,127.5586667,12779.38116,0.012779381,14.001,0.491,38.42126626,10.13499036,1.419,728.914816,13.3809298,0.03535461753,788.24,0.196,0.495,0.9500124763,-12.4573976,180,42.93215663,13.78035961,74.78632313,True,True,True,0.03428239355,0.05244211313,0.01246949849,True,True,True,0.155,0.11,0.501,True,True,True,True,True,True,results/plots/210507_Sample_D1_force_time.png,results/plots/210507_Sample_D1_force_extension.png
210507 MRC Sample D10Data.csv,07.05.2021,D,10,61.3,M,52wks,Tm1b Wt,3.869195787,-0.001195088796,False,0.03214630135,36.01073226,135.1393333,14343.44345,0.014343443,14.001,0.035,2.440139372,2.071280623,0.29,102.5934519,0.3485913389,0.01578458682,784.73,0.045,0.221,0.1942498656,-1.16007989,43,3.450192363,19.88289122,15.2460588,True,True,True,0.06308809028,0.08270783235,0.1067330455,True,False,False,0.065,0.055,0.045,True,True,True,True,False,False,results/plots/210507_Sample_D10_force_time.png,results/plots/210507_Sample_D10_force_extension.png
210507 MRC Sample D2Data.csv,07.05.2021,D,2,61.3,M,52wks,Tm1b Wt,6.302880606,-0.01680083572,False,0.1155117145,34.96558494,122.8813333,11859.37252,0.011859373,14,0.577,48.65349964,10.33571429,1.447,886.6452001,10.54018623,0.01785714286,785.06,0.19,0.25,0.9706307528,-5.236284202,181,91.81278234,29.12639037,97.07401048,True,True,True,0.02367958744,0.02298619913,0.03093558133,True,True,True,0.226,0.216,0.627,True,True,True,True,True,True,results/plots/210507_Sample_D2_force_time.png,results/plots/210507_Sample_D2_force_extension.png
210507 MRC Sample D3Data.csv,07.05.2021,D,3,61.3,M,52wks,Tm1b Wt,20.66080623,-0.02848436233,False,0.08000906844,45.84391292,137.1283333,14768.76827,0.014768768,14.001,0.496,33.58438564,8.742232698,1.224,636.43014,9.47946369,0.02742661238,786.78,0.165,0.384,0.9497108982,-7.363837326,181,14.45798705,27.56411901,103.1247754,True,True,True,0.02614312062,0.03405186277,0.009984167113,True,True,True,0.181,0.15,0.501,True,True,True,True,True,True,results/plots/210507_Sample_D3_force_time.png,results/plots/210507_Sample_D3_force_extension.png
210507 MRC Sample D4Data.csv,07.05.2021,D,4,61.3,M,52wks,Tm1b Wt,8.830940769,-0.006208667618,False,0.0261560174,27.95728605,130.1896667,13311.98782,0.013311988,14.001,0.231,17.35278007,7.242339833,1.014,440.11183,4.131614301,0.02728376545,786.8,0.085,0.382,0.8686736271,-6.614196258,180,10.61659642,9.773670929,35.23353655,True,True,True,0.05369572074,0.05378230413,0.02160020338,True,True,True,0.095,0.09,0.246,True,True,True,True,True,True,results/plots/210507_Sample_D4_force_time.png,results/plots/210507_Sample_D4_force_extension.png
210507 MRC Sample D5Data.csv,07.05.2021,D,5,61.3,M,52wks,Tm1b Wt,23.01970307,-0.04762862236,False,0.06998486868,47.41169927,183.3183333,26393.78541,0.026393785,14.001,1.143,43.30564942,8.770802086,1.228,634.3422979,24.13446954,0.04513963288,789.96,0.697,0.632,0.9633258689,-4.52108413,140,41.25718574,49.31707328,164.1417076,True,True,True,0.01553826378,0.01300809827,0.03521891268,True,True,True,0.311,0.381,1.188,True,True,True,True,True,True,results/plots/210507_Sample_D5_force_time.png,results/plots/210507_Sample_D5_force_extension.png
210507 MRC Sample D6Data.csv,07.05.2021,D,6,61.3,M,52wks,Tm1b Wt,6.678529871,-0.003344235887,False,0.03968331325,24.47444367,104.906,8643.517931,0.008643518,14,0.06,6.941617985,5.871428571,0.822,519.9274451,3.470808992,0.04092857143,789.25,0.07,0.573,0.7424735234,-17.40941629,85,3.512963574,19.9128402,26.26486009,True,True,True,0.04037346805,0.07926998223,0.04931443493,True,True,True,0.085,0.055,0.07,True,True,True,True,True,True,results/plots/210507_Sample_D6_force_time.png,results/plots/210507_Sample_D6_force_extension.png
210507 MRC Sample D7Data.csv,07.05.2021,D,7,61.3,M,52wks,Tm1b Wt,11.40956138,-0.02554577209,False,0.02063048835,38.73729718,133.4716667,13991.62152,0.013991622,14,0.652,46.59931493,9.878571429,1.383,684.8723369,2.501496967,0.005571428571,782.9,0.105,0.078,0.8332698237,-1.235237098,88,117.7555169,41.59903383,92.25185671,True,True,True,0.0218278341,0.01894107939,0.03355171971,True,True,True,0.216,0.241,0.707,True,True,True,True,True,True,results/plots/210507_Sample_D7_force_time.png,results/plots/210507_Sample_D7_force_extension.png
210507 MRC Sample D8Data.csv,07.05.2021,D,8,61.3,M,52wks,Tm1b Wt,23.78118226,-0.02156546843,False,0.06725537854,43.47152794,168.4713333,22291.63417,0.022291634,14.001,0.386,17.31591323,10.12784801,1.418,405.7855375,5.652344732,0.02578387258,786.53,0.196,0.361,0.9599371182,-4.769758939,180,44.12261478,16.60627505,47.03193458,True,True,True,0.02668906868,0.03314965504,0.01141013785,True,True,True,0.206,0.156,0.426,True,True,True,True,True,True,results/plots/210507_Sample_D8_force_time.png,results/plots/210507_Sample_D8_force_extension.png
210507 MRC Sample D9Data.csv,07.05.2021,D,9,61.3,M,52wks,Tm1b Wt,100,-0.002663171408,True,-0.0002761073523,-0.5912586247,112.1716667,9882.25889,0.009882259,14.001,0,0,0,0,,,,,,,,,0,0.9402646576,1.331164122,1.068610683,False,False,False,0.06608311098,0.06524165451,0.1429470547,True,True,False,0.025,0.025,0.01,True,True,True,True,True,False,results/plots/210507_Sample_D9_force_time.png,results/plots/210507_Sample_D9_force_extension.png
210510 MRC Sample A1Data.csv,10.05.2021,A,1,106.1,F,18wks,Tm1b Wt,31.30804087,-0.05733140132,False,0.126688536,45.37435388,92.227,6680.455036,0.006680455,14,0.205,30.68653258,7.107142857,0.995,856.546801,7.484520141,0.02357142857,786.15,0.12,0.33,0.8688158394,-10.07319472,180,11.06145767,40.75062129,40.53983137,True,True,True,0.02978784066,0.04726420735,0.01528797824,True,True,True,0.12,0.095,0.22,True,True,True,True,True,True,results/plots/210510_Sample_A1_force_time.png,results/plots/210510_Sample_A1_force_extension.png
210510 MRC Sample A10Data.csv,10.05.2021,A,10,106.1,F,18wks,Tm1b Wt,20.77246709,-0.05501406604,False,0.1655861444,42.86001157,119.4643333,11208.98812,0.011208988,14.001,0.405,36.13171858,10.59210056,1.483,756.4890611,12.93604739,0.02071280623,785.62,0.22,0.29,0.9535428974,-2.510598336,182,12.08484979,27.78548678,47.93894391,True,True,True,0.02470872197,0.02585803708,0.01430532393,True,True,True,0.225,0.195,0.415,True,True,True,True,True,True,results/plots/210510_Sample_A10_force_time.png,results/plots/210510_Sample_A10_force_extension.png
210510 MRC Sample A2Data.csv,10.05.2021,A,2,106.1,F,18wks,Tm1b Wt,25.98996109,-0.03655352861,False,0.09404008981,42.03353749,110.9786667,9673.171489,0.009673171,14,0.27,27.91225339,9.378571429,1.313,807.9076147,8.787190881,0.02585714286,786.55,0.16,0.362,0.9151498736,-12.59203369,181,11.5844553,42.49349467,139.8890029,True,True,True,0.02407648578,0.03887523871,0.01457943848,True,True,True,0.14,0.095,0.28,True,True,True,True,True,True,results/plots/210510_Sample_A2_force_time.png,results/plots/210510_Sample_A2_force_extension.png
210510 MRC Sample A3Data.csv,10.05.2021,A,3,106.1,F,18wks,Tm1b Wt,25.68751182,-0.033276844,False,0.0758610359,42.04216907,143.018,16064.65053,0.016064651,14,0.485,30.19050959,14.35,2.009,650.4167189,5.91360497,0.02264285714,785.99,0.205,0.317,0.9594770276,-8.537377056,181,20.03012879,19.60858365,74.30282761,True,True,True,0.02885926576,0.03235486506,0.01346276395,True,True,True,0.2,0.165,0.525,True,True,True,True,True,True,results/plots/210510_Sample_A3_force_time.png,results/plots/210510_Sample_A3_force_extension.png
210510 MRC Sample A4Data.csv,10.05.2021,A,4,106.1,F,18wks,Tm1b Wt,16.63194845,-0.03487344758,False,0.161384653,41.09264388,103.5646667,8423.898105,0.008423898,14,0.215,25.52262622,8.921428571,1.249,630.0881661,6.529043918,0.01321428571,784.27,0.14,0.185,0.8336249239,-1.804176132,179,20.74193123,18.49663161,27.94220828,True,True,True,0.03327366859,0.04872472862,0.01868295322,True,True,True,0.16,0.12,0.235,True,True,True,True,True,True,results/plots/210510_Sample_A4_force_time.png,results/plots/210510_Sample_A4_force_extension.png
210510 MRC Sample A5Data.csv,10.05.2021,A,5,106.1,F,18wks,Tm1b Wt,12.58227117,-0.006855671326,False,0.06605879656,54.283574,160.739,20292.35286,0.020292353,14,0.105,5.174362973,3.207142857,0.449,207.4298515,2.956778842,0.02064285714,785.61,0.15,0.289,0.3912944703,-1.928104002,101,23.49035572,10.01525205,19.90553976,True,True,True,0.04464994866,0.04865610488,0.02288254683,True,True,True,0.13,0.1,0.13,True,True,True,True,True,True,results/plots/210510_Sample_A5_force_time.png,results/plots/210510_Sample_A5_force_extension.png
210510 MRC Sample A6Data.csv,10.05.2021,A,6,106.1,F,18wks,Tm1b Wt,25.68159193,-0.02045771851,False,0.05110864425,45.26412362,154.285,18695.50889,0.018695509,18.561,0.28,14.97685888,9.363719627,1.738,366.327154,5.348878172,0.02564516998,786.53,0.19,0.476,0.9255137214,-3.99116768,179,10.8054835,13.54435904,40.77208866,True,True,True,0.04751233325,0.04799828487,0.01243862208,True,True,True,0.125,0.12,0.315,True,True,True,True,True,True,results/plots/210510_Sample_A6_force_time.png,results/plots/210510_Sample_A6_force_extension.png
210510 MRC Sample A7Data.csv,10.05.2021,A,7,106.1,F,18wks,Tm1b Wt,37.48089266,-0.03749931006,False,0.1287429659,56.38691378,133.2383333,13942.74434,0.013942744,14,0.46,32.992071,11.97857143,1.677,734.8829225,4.303313609,0.02357142857,786.14,0.135,0.33,0.9352012153,-13.14868701,159,16.71080112,18.86700846,115.4212371,True,True,True,0.01757054582,0.04517994813,0.009967638857,True,True,True,0.21,0.1,0.47,True,True,True,True,True,True,results/plots/210510_Sample_A7_force_time.png,results/plots/210510_Sample_A7_force_extension.png
210510 MRC Sample A8Data.csv,10.05.2021,A,8,106.1,F,18wks,Tm1b Wt,34.55001583,-0.03816440483,False,0.0952959493,48.36020829,126.7866667,12625.16462,0.012625165,14,0.355,28.11844439,10.14285714,1.42,635.429845,6.336550849,0.02535714286,786.46,0.155,0.355,0.9139857512,-10.00151808,180,16.54403879,60.08891756,241.5150226,True,True,True,0.02156317047,0.03298536323,0.01180989556,True,True,True,0.165,0.11,0.365,True,True,True,True,True,True,results/plots/210510_Sample_A8_force_time.png,results/plots/210510_Sample_A8_force_extension.png
210510 MRC Sample A9Data.csv,10.05.2021,A,9,106.1,F,18wks,Tm1b Wt,20.31665322,-0.02838728009,False,0.09941773568,42.44547542,146.21,16789.7425,0.016789743,14.001,0.345,20.54825973,10.57067352,1.48,464.6453013,7.742822508,0.02442682666,786.3,0.215,0.342,0.9402858171,-3.239924806,181,16.19149546,20.35890316,45.66437379,True,True,True,0.02556613462,0.03261664459,0.01627626688,True,True,True,0.2,0.155,0.355,True,True,True,True,True,True,results/plots/210510_Sample_A9_force_time.png,results/plots/210510_Sample_A9_force_extension.png
210510 MRC Sample B1Data.csv,10.05.2021,B,1,68.5,F,18wks,Tm1b Het,77.78813888,-0.008087430316,False,0.08969582651,49.41797675,111.3006667,9729.385534,0.009729386,14,0.19,19.52846768,17.50714286,2.451,409.7325041,4.111256353,0.0765,795.65,0.14,1.071,0.8247980934,-27.21419887,180,34.18039928,0.8705388257,19.83116246,True,False,True,0.05840214096,0.1590271506,0.02155620691,True,False,True,0.105,0.04,0.215,True,True,True,True,False,True,results/plots/210510_Sample_B1_force_time.png,results/plots/210510_Sample_B1_force_extension.png
210510 MRC Sample B10Data.csv,10.05.2021,B,10,68.5,F,18wks,Tm1b Het,29.53370389,-0.00942225963,False,0.1024076099,68.72762142,147.8493333,17168.35253,0.017168353,14.001,0.095,5.533437016,3.128347975,0.438,245.1395194,2.03863469,0.02121277052,785.71,0.115,0.297,0.795272491,-3.535447647,171,5.589210565,4.918519245,21.24813552,True,True,True,0.04970044774,0.09212335847,0.03523833659,True,False,True,0.12,0.06,0.11,True,True,True,True,False,True,results/plots/210510_Sample_B10_force_time.png,results/plots/210510_Sample_B10_force_extension.png
210510 MRC Sample B2Data.csv,10.05.2021,B,2,68.5,F,18wks,Tm1b Het,1.511842061,-0.001681204248,False,0.04077582381,26.17871632,101.578,8103.809002,0.008103809,14.001,0.395,48.74251108,13.14191843,1.84,694.9828078,17.27582671,0.04406828084,789.82,0.245,0.617,0.8906521595,-13.20182327,180,7.760048658,10.36987487,48.10418423,True,True,True,0.05754238944,0.06020966107,0.02490960613,True,True,True,0.1,0.08,0.425,True,True,True,True,True,True,results/plots/210510_Sample_B2_force_time.png,results/plots/210510_Sample_B2_force_extension.png
210510 MRC Sample B3Data.csv,10.05.2021,B,3,68.5,F,18wks,Tm1b Het,37.61941935,-0.004665150394,False,0.001784291921,1.707322215,86.356,5856.995855,0.005856996,14.001,0.015,2.561039823,0,0,,,,,,,,,0,0.5910426238,0.7090102278,0.06970652439,False,False,False,0.1450252474,0.1847163198,0.2017281853,False,False,False,0.045,0.035,0.03,True,True,True,False,False,False,results/plots/210510_Sample_B3_force_time.png,results/plots/210510_Sample_B3_force_extension.png
210510 MRC Sample B4Data.csv,10.05.2021,B,4,68.5,F,18wks,Tm1b Het,100,0.005592429444,True,-0.01325343703,-43.15173048,122.6126667,11807.57077,0.011807571,14,0.05,4.234571192,11.67857143,1.635,131.5851312,2.117285596,0.1102857143,801.71,0.13,1.544,0.2233961832,-12.47813083,64,1.733090909,0.402559704,7.651656554,False,False,True,0.1587144347,0.1788829096,0.05261344025,False,False,True,0.04,0.035,0.08,True,True,True,False,False,True,results/plots/210510_Sample_B4_force_time.png,results/plots/210510_Sample_B4_force_extension.png
210510 MRC Sample B5Data.csv,10.05.2021,B,5,68.5,F,18wks,Tm1b Het,100,0.00273012993,True,0.002234275842,4.345701346,108.7476667,9288.161887,0.009288162,14,0.035,3.768237462,9.235714286,1.293,255.4737262,0.5383196374,0,781.64,0.105,0,0.06073446328,0.7208008704,14,1.938171158,0.9203062471,4.261909061,False,False,True,0.1570869458,0.1751149109,0.08590565832,False,False,False,0.04,0.035,0.06,True,True,True,False,False,False,results/plots/210510_Sample_B5_force_time.png,results/plots/210510_Sample_B5_force_extension.png
210510 MRC Sample B6Data.csv,10.05.2021,B,6,68.5,F,18wks,Tm1b Het,83.96275429,-0.04920584454,False,0.04472582003,39.78070518,104.0266667,8499.223441,0.008499223,14,0.11,12.94235955,15.81428571,2.214,339.5270894,2.941445353,0.06457142857,793.5,0.1,0.904,0.7358334073,-18.566174,178,0.6550464769,10.35587417,53.6172348,False,True,True,0.04738465346,0.06320086576,0.03176419699,True,True,True,0.06,0.055,0.12,True,True,True,True,True,True,results/plots/210510_Sample_B6_force_time.png,results/plots/210510_Sample_B6_force_extension.png
210510 MRC Sample B7Data.csv,10.05.2021,B,7,68.5,F,18wks,Tm1b Het,91.16244794,-0.009951179299,False,-0.001117811788,-2.159026419,116.061,10579.43556,0.010579436,14,0.08,7.56183978,11.98571429,1.678,205.8040547,3.78091989,0.09757142857,799.39,0.135,1.366,0.1721266791,-16.25131262,65,1.417047733,0.4452802945,9.153970879,False,False,True,0.1412667204,0.1829921114,0.04810120513,False,False,True,0.045,0.035,0.1,True,True,True,False,False,True,results/plots/210510_Sample_B7_force_time.png,results/plots/210510_Sample_B7_force_extension.png
210510 MRC Sample B8Data.csv,10.05.2021,B,8,68.5,F,18wks,Tm1b Het,-0.05426365951,3.482576374e-05,False,0.03395641423,32.61583752,130.704,13417.3775,0.013417377,17.149,0.39,29.06678407,10.12303924,1.736,587.4356204,1.490604311,0.01924310455,785.36,0.125,0.33,0.7355390563,-10.49894002,57,14.29217906,8.327711604,48.84427796,True,True,True,0.05000801233,0.06217316632,0.01331377151,True,True,True,0.12,0.08,0.425,True,True,True,True,True,True,results/plots/210510_Sample_B8_force_time.png,results/plots/210510_Sample_B8_force_extension.png
210510 MRC Sample B9Data.csv,10.05.2021,B,9,68.5,F,18wks,Tm1b Het,7.480893189e-12,-1.276756478e-15,False,0.05888697709,48.64307578,122.714,11827.09558,0.011827096,14,0.32,27.05651497,11.5,1.61,518.5837145,1.691032186,0.02657142857,786.67,0.13,0.372,0.8036479014,-12.60134536,70,9.817981503,1.875856038,47.39301208,True,False,True,0.06074802023,0.1116382723,0.01488999214,True,False,True,0.1,0.045,0.355,True,True,True,True,False,True,results/plots/210510_Sample_B9_force_time.png,results/plots/210510_Sample_B9_force_extension.png
210510 MRC Sample C10Data.csv,10.05.2021,C,10,123.3,F,18wks,Tm1b Hom,12.93787961,-0.0008110422963,False,0.006249618084,4.955662153,98.59266667,7634.473781,0.007634474,14,0.035,4.584467771,5.114285714,0.716,95.50361757,0.6549239673,0.03364285714,787.95,0.08,0.471,0.2564799596,-2.374123918,56,0.8258933624,1.121186648,6.559642769,False,False,True,0.0694694295,0.1842770018,0.09666616861,True,False,False,0.045,0.015,0.05,True,True,True,True,False,False,results/plots/210510_Sample_C10_force_time.png,results/plots/210510_Sample_C10_force_extension.png
210510 MRC Sample C2Data.csv,10.05.2021,C,2,123.3,F,18wks,Tm1b Hom,33.33857643,-0.004416342063,False,-0.01528528885,-24.15864754,93.5,6866.147094,0.006866147,14,0.02,2.912841802,0,0,,,,,,,,,0,2.117472085,0.9020933287,0.06271557525,False,False,False,0.184523749,0.2155466122,0.1553213269,False,False,False,0.035,0.03,0.035,True,True,True,False,False,False,results/plots/210510_Sample_C2_force_time.png,results/plots/210510_Sample_C2_force_extension.png
210510 MRC Sample C3Data.csv,10.05.2021,C,3,123.3,F,18wks,Tm1b Hom,100,-0.001251857772,True,0.105413552,59.15079265,79.35766667,4946.154308,0.004946154,14.001,0.035,7.076205068,4.078280123,0.571,330.1463065,1.010886438,0.02706949504,786.78,0.08,0.379,0.274774075,-7.782326872,61,2.672346011,0.7399657431,21.21653622,False,False,True,0.04240424946,0.05945544082,0.1269046649,True,True,False,0.05,0.025,0.045,True,True,True,True,True,False,results/plots/210510_Sample_C3_force_time.png,results/plots/210510_Sample_C3_force_extension.png
210510 MRC Sample C4Data.csv,10.05.2021,C,4,123.3,F,18wks,Tm1b Hom,68.77283164,-0.004532486393,False,-0.004659965913,-9.299960889,106.2616667,8868.356199,0.008868356,14.001,0.01,1.127604711,0,0,,,,,,,,,0,1.169673434,0.5462094341,0.3457825674,False,False,False,0.160825646,0.1830323394,0.1449691438,False,False,False,0.04,0.035,0.035,True,True,True,False,False,False,results/plots/210510_Sample_C4_force_time.png,results/plots/210510_Sample_C4_force_extension.png
210510 MRC Sample C5Data.csv,10.05.2021,C,5,123.3,F,18wks,Tm1b Hom,100,0.0009753049585,True,0.01051493305,16.12474283,111.4303333,9752.068439,0.009752068,17.145,0.01,1.025423531,6.118401866,1.049,,,,,,,,,0,2.777188456,0.7725056494,2.270862157,False,False,False,0.1407478227,0.2120056148,0.1079539658,False,False,False,0.045,0.03,0.045,True,True,True,False,False,False,results/plots/210510_Sample_C5_force_time.png,results/plots/210510_Sample_C5_force_extension.png
210510 MRC Sample C6Data.csv,10.05.2021,C,6,123.3,F,18wks,Tm1b Hom,-102.9824653,0.003649410166,False,0.02305926651,37.51252969,129.0933333,13088.73006,0.01308873,14,0.035,2.67405623,12.5,1.75,122.1338378,0.3820080329,0.0235,786.12,0.08,0.329,0.3042724392,-2.457779795,56,3.982613589,9.13874645,16.23961037,True,True,True,0.06128361123,0.06634572424,0.1240782044,True,True,False,0.05,0.04,0.04,True,True,True,True,True,False,results/plots/210510_Sample_C6_force_time.png,results/plots/210510_Sample_C6_force_extension.png
210510 MRC Sample C7Data.csv,10.05.2021,C,7,123.3,F,18wks,Tm1b Hom,18.88320392,-0.02560797763,False,0.06101598123,48.70186683,82.01533333,5282.992449,0.005282992,14.001,0.125,23.66083462,6.756660239,0.946,816.1560857,7.571467078,0.01178487251,784.02,0.115,0.165,0.8103395224,-3.608870871,173,21.60861497,14.50158972,56.14960445,True,True,True,0.04984997151,0.04893131672,0.02328628238,True,True,True,0.055,0.08,0.145,True,True,True,True,True,True,results/plots/210510_Sample_C7_force_time.png,results/plots/210510_Sample_C7_force_extension.png
210510 MRC Sample C8Data.csv,10.05.2021,C,8,123.3,F,18wks,Tm1b Hom,100,4.725961813e-17,True,0.03640612209,41.67752451,111.6373333,9788.334205,0.009788334,14.001,0.035,3.575685096,3.421184201,0.479,119.8359266,0.5108121566,0.02628383687,786.62,0.08,0.368,0.1735794095,-2.180133086,49,16.93427767,0.738270518,12.73757573,True,False,True,0.03958382903,0.0624198558,0.129990205,True,True,False,0.055,0.02,0.04,True,True,True,True,True,False,results/plots/210510_Sample_C8_force_time.png,results/plots/210510_Sample_C8_force_extension.png
210510 MRC Sample C9Data.csv,10.05.2021,C,9,123.3,F,18wks,Tm1b Hom,18.29544539,-0.001138669689,False,0.006774201457,26.60533722,145.942,16728.24839,0.016728248,14,0.04,2.391164933,6.764285714,0.947,52.87855683,0.2988956166,0.04728571429,790.39,0.075,0.662,0.2415877805,-1.889229114,169,7.368381035,2.330394883,7.29088801,True,False,True,0.07752777517,0.1517795529,0.07614038162,True,False,True,0.04,0.02,0.055,True,True,True,True,False,True,results/plots/210510_Sample_C9_force_time.png,results/plots/210510_Sample_C9_force_extension.png
210510 MRC Sample D1Data.csv,10.05.2021,D,1,89.4,F,52wks,Tm1b Hom,100,-0.007090727589,True,0.006820504913,11.38695029,100.787,7978.089756,0.00797809,14.001,0,0,0,0,,,,,,,,,0,0.7650106754,0.9151281501,1.267667301,False,False,False,0.1479377107,0.1551965601,0.1323502186,False,False,False,0.02,0.02,0.015,True,True,True,False,False,False,results/plots/210510_Sample_D1_force_time.png,results/plots/210510_Sample_D1_force_extension.png
210510 MRC Sample D10Data.csv,10.05.2021,D,10,89.4,F,52wks,Tm1b Hom,77.82927067,-0.009835132087,False,0.02240783679,30.90737581,111.9395,9841.393721,0.009841394,14,0.04,4.064464851,6.178571429,0.865,144.9370454,0.5080581064,0.04285714286,789.55,0.075,0.6,0.607640439,-5.284699154,161,0.9189494582,1.233020017,4.822512779,False,False,True,0.1720233142,0.1715526003,0.06824039168,False,False,True,0.03,0.03,0.06,True,True,True,False,False,True,results/plots/210510_Sample_D10_force_time.png,results/plots/210510_Sample_D10_force_extension.png
210510 MRC Sample D2Data.csv,10.05.2021,D,2,89.4,F,52wks,Tm1b Hom,100,-0.0008841008056,True,0.03508658543,48.43036977,131.4403333,13568.97945,0.013568979,14,0.035,2.579412939,4.685714286,0.656,63.57228404,0.7369751254,0.03671428571,788.49,0.085,0.514,0.3215121274,-1.692009554,116,2.013528906,0.7139319295,16.81718218,False,False,True,0.03688636578,0.09534369125,0.1089578013,True,False,False,0.055,0.015,0.045,True,True,True,True,False,False,results/plots/210510_Sample_D2_force_time.png,results/plots/210510_Sample_D2_force_extension.png
210510 MRC Sample D3Data.csv,10.05.2021,D,3,89.4,F,52wks,Tm1b Hom,53.25587253,-0.0004323694906,False,0.001300633239,3.785408316,135.0326667,14320.80958,0.01432081,14,0.02,1.396569049,5.278571429,0.739,9.802699078e-15,0.3491422622,0.03914285714,788.93,0.08,0.548,-4.3125,0.3491422622,36,1.521714637,0.9609611885,4.76688359,False,False,True,0.04577199868,0.07568937812,0.1154538028,True,True,False,0.035,0.02,0.025,True,True,True,True,True,False,results/plots/210510_Sample_D3_force_time.png,results/plots/210510_Sample_D3_force_extension.png
210510 MRC Sample D4Data.csv,10.05.2021,D,4,89.4,F,52wks,Tm1b Hom,100,-0.01479714975,True,0.01279915399,19.23955088,103.6646667,8440.173859,0.008440174,14,0.01,1.184809697,2.542857143,0.356,,,,,,,,,0,1.180428711,1.370628186,2.264166201,False,False,False,0.1560921219,0.1764012782,0.1157720044,False,False,False,0.025,0.025,0.025,True,True,True,False,False,False,results/plots/210510_Sample_D4_force_time.png,results/plots/210510_Sample_D4_force_extension.png
210510 MRC Sample D5Data.csv,10.05.2021,D,5,89.4,F,52wks,Tm1b Hom,22.98195643,-0.002396318722,False,0.01529357673,23.55615399,107.439,9065.959951,0.00906596,14,0.02,2.206054295,2.428571429,0.34,7.280064471e-14,0.5515135739,0,781.52,0.06,0,-0.5,0.5515135739,42,0.5147833463,2.015302772,2.561444036,False,False,False,0.1503354431,0.1559908407,0.09509527736,False,False,False,0.025,0.025,0.025,True,True,True,False,False,False,results/plots/210510_Sample_D5_force_time.png,results/plots/210510_Sample_D5_force_extension.png
210510 MRC Sample D6Data.csv,10.05.2021,D,6,89.4,F,52wks,Tm1b Hom,58.07417336,-0.005239577043,False,0.001194744039,2.461411927,105.1636667,8686.02993,0.00868603,14.001,0.01,1.151273942,0,0,,,,,,,,,0,1.080247687,0.5966274909,0.4876658759,False,False,False,0.1921780575,0.2296156481,0.2763878325,False,False,False,0.03,0.025,0.02,True,True,True,False,False,False,results/plots/210510_Sample_D6_force_time.png,results/plots/210510_Sample_D6_force_extension.png
210510 MRC Sample D7Data.csv,10.05.2021,D,7,89.4,F,52wks,Tm1b Hom,100,2.274861165e-17,True,0.02204571389,28.28285541,113.779,10167.49825,0.010167498,14,0.115,11.31055054,17.73571429,2.483,245.9238273,2.950578402,0.07335714286,795.08,0.105,1.027,0.6197543745,-15.38965775,165,19.8020754,0.5373258035,74.31634875,True,False,True,0.04177083777,0.07092507685,0.03592885837,True,True,True,0.055,0.02,0.125,True,True,True,True,True,True,results/plots/210510_Sample_D7_force_time.png,results/plots/210510_Sample_D7_force_extension.png
210510 MRC Sample D8Data.csv,10.05.2021,D,8,89.4,F,52wks,Tm1b Hom,100,-0.0003212658472,True,-0.00031355981,-0.7168469352,156.6513333,19273.38836,0.019273388,14,0,0,0,0,,,,,,,,,0,0.3821239245,0.7224080549,0.5265994687,False,False,False,0.03889489655,0.09804959359,0.171285262,True,False,False,0.04,0.015,0.01,True,True,False,True,False,False,results/plots/210510_Sample_D8_force_time.png,results/plots/210510_Sample_D8_force_extension.png
210510 MRC Sample D9Data.csv,10.05.2021,D,9,89.4,F,52wks,Tm1b Hom,100,-0.0005860020732,True,0.00127405403,2.751450316,115.989,10566.31345,0.010566313,14.001,0.005,0.473201958,3.39975716,0.476,0,0,0,781.42,0.075,0,,0,131,2.244901799,0.9416168014,0.5130881212,False,False,False,0.04659058642,0.1426148248,0.1724010456,True,False,False,0.035,0.01,0.01,True,False,False,True,False,False,results/plots/210510_Sample_D9_force_time.png,results/plots/210510_Sample_D9_force_extension.png
210511 MRC Sample A1Data.csv,11.05.2021,A,1,121.1,F,18wks,Tm1b Wt,26.30385467,-0.03993461034,False,0.08291507986,41.93765797,112.932,10016.68278,0.010016683,14.001,0.343,34.24287262,11.2206271,1.571,695.1048277,10.58234547,0.02628383687,786.62,0.627,0.368,0.9343952146,-7.87639041,182,12.62532136,13.09853569,51.41466022,True,True,True,0.03963659316,0.04555616427,0.01606898708,True,True,True,0.131,0.121,0.358,True,True,True,True,True,True,results/plots/210511_Sample_A1_force_time.png,results/plots/210511_Sample_A1_force_extension.png
210511 MRC Sample A10Data.csv,11.05.2021,A,10,121.1,F,18wks,Tm1b Wt,19.5670891,-0.04356483193,False,0.125941925,35.92055351,80.31266667,5065.915879,0.005065916,14,0.252,49.7442121,13.59285714,1.903,1025.365187,18.95017604,0.028,786.93,0.577,0.392,0.8150387225,-10.83332064,180,5.851528198,10.44502391,37.06042718,True,True,True,0.04270453148,0.05256871329,0.03219292639,True,True,True,0.111,0.085,0.252,True,True,True,True,True,True,results/plots/210511_Sample_A10_force_time.png,results/plots/210511_Sample_A10_force_extension.png
210511 MRC Sample A2Data.csv,11.05.2021,A,2,121.1,F,18wks,Tm1b Wt,19.16491342,-0.0265364762,False,0.07404029673,45.30710757,131.3896667,13558.52054,0.013558521,14.001,0.318,23.45388557,8.792229126,1.231,549.4564974,8.924277213,0.0269266481,786.74,0.627,0.377,0.9452440882,-5.94070837,181,16.03511485,47.36032546,166.6197856,True,True,True,0.02420729969,0.03091840161,0.01165155506,True,True,True,0.141,0.136,0.338,True,True,True,True,True,True,results/plots/210511_Sample_A2_force_time.png,results/plots/210511_Sample_A2_force_extension.png
210511 MRC Sample A3Data.csv,11.05.2021,A,3,121.1,F,18wks,Tm1b Wt,10.64026281,-0.02250014566,False,0.1820793351,37.39160292,111.1506667,9703.178604,0.009703179,14,0.268,27.61981408,6.214285714,0.87,681.5783287,10.40895979,0.01671428571,784.92,0.622,0.234,0.9099208236,-0.662285563,182,56.09790165,54.32429668,48.18740535,True,True,True,0.01861090968,0.03156921474,0.02044907172,True,True,True,0.227,0.161,0.308,True,True,True,True,True,True,results/plots/210511_Sample_A3_force_time.png,results/plots/210511_Sample_A3_force_extension.png
210511 MRC Sample A4Data.csv,11.05.2021,A,4,121.1,F,18wks,Tm1b Wt,38.68481508,-0.07973656268,False,0.09348968361,35.3236502,93.39266667,6850.392154,0.006850392,14.001,0.252,36.78621603,12.87050925,1.802,829.1615333,8.028737626,0.02164131133,785.79,0.556,0.303,0.8880799027,-8.212475439,181,11.08220138,33.5968139,107.4387555,True,True,True,0.02890517335,0.04583181434,0.02127127581,True,True,True,0.121,0.101,0.277,True,True,True,True,True,True,results/plots/210511_Sample_A4_force_time.png,results/plots/210511_Sample_A4_force_extension.png
210511 MRC Sample A5Data.csv,11.05.2021,A,5,121.1,F,18wks,Tm1b Wt,21.52929146,-0.05517751892,False,0.07955369344,31.91464438,112.3176667,9908.000663,0.009908001,14,0.434,43.80298306,11.79285714,1.651,986.5083101,15.24020839,0.02492857143,786.38,0.657,0.349,0.9537844389,-9.44417722,181,14.43977987,103.676482,297.2615525,True,True,True,0.02558497414,0.01943751847,0.009312976946,True,True,True,0.171,0.166,0.449,True,True,True,True,True,True,results/plots/210511_Sample_A5_force_time.png,results/plots/210511_Sample_A5_force_extension.png
210511 MRC Sample A6Data.csv,11.05.2021,A,6,121.1,F,18wks,Tm1b Wt,73.37735146,-0.04275484364,False,0.04547992942,37.26725164,122.8553333,11854.35449,0.011854354,14,0.066,5.567574581,4.292857143,0.601,341.7598201,2.952501672,0.02557142857,786.5,0.541,0.358,0.4807930425,-6.252373851,92,4.182993481,20.38660927,40.4633299,True,True,True,0.04134014716,0.08345263428,0.04231992833,True,False,True,0.08,0.055,0.076,True,True,True,True,False,True,results/plots/210511_Sample_A6_force_time.png,results/plots/210511_Sample_A6_force_extension.png
210511 MRC Sample A7Data.csv,11.05.2021,A,7,121.1,F,18wks,Tm1b Wt,31.83713058,-0.03274947842,False,0.04594839045,35.39731081,145.347,16592.12557,0.016592126,14,0.202,12.17444949,4.628571429,0.648,358.4078864,1.808086559,0.01264285714,784.17,0.551,0.177,0.8387347628,-1.672612024,180,17.80138805,14.83486098,24.57415643,True,True,True,0.03658411049,0.04649361882,0.01544623685,True,True,True,0.156,0.126,0.232,True,True,True,True,True,True,results/plots/210511_Sample_A7_force_time.png,results/plots/210511_Sample_A7_force_extension.png
210511 MRC Sample A8Data.csv,11.05.2021,A,8,121.1,F,18wks,Tm1b Wt,21.30449365,-0.03757620607,False,0.1127958705,40.82898265,145.1856667,16555.31192,0.016555312,14,0.495,29.89976873,14.13571429,1.979,555.3408703,1.51008933,0.005928571429,782.97,0.556,0.083,0.8492512821,-2.106219744,79,29.95379604,24.17039849,75.55192774,True,True,True,0.02228924426,0.02554713646,0.0118972026,True,True,True,0.242,0.197,0.55,True,True,True,True,True,True,results/plots/210511_Sample_A8_force_time.png,results/plots/210511_Sample_A8_force_extension.png
210511 MRC Sample A9Data.csv,11.05.2021,A,9,121.1,F,18wks,Tm1b Wt,9.845034746,-0.01513747933,False,0.0808622409,38.22739342,121.098,11517.64856,0.011517649,14.001,0.449,38.98365022,17.29162203,2.421,690.0156065,6.077629211,0.01899864295,785.32,0.556,0.266,0.947802806,-6.833386367,181,13.56355229,16.35771736,74.8203164,True,True,True,0.0343067162,0.03626647141,0.02096444887,True,True,True,0.156,0.131,0.454,True,True,True,True,True,True,results/plots/210511_Sample_A9_force_time.png,results/plots/210511_Sample_A9_force_extension.png
210511 MRC Sample B1Data.csv,11.05.2021,B,1,171.2,F,18wks,Tm1b Het,100,-0.005558110659,True,0.004982052738,12.37310482,117.8423333,10906.6794,0.010906679,14.001,0,0,0,0,,,,,,,,,0,0.317579706,0.8353407848,0.7645047679,False,False,False,0.1673033684,0.1703913753,0.195896568,False,False,False,0.02,0.02,0.015,True,True,True,False,False,False,results/plots/210511_Sample_B1_force_time.png,results/plots/210511_Sample_B1_force_extension.png
210511 MRC Sample B10Data.csv,11.05.2021,B,10,171.2,F,18wks,Tm1b Het,33.89857844,-0.05678256313,False,0.02683046154,17.83289717,101.9383333,8161.405164,0.008161405,14,0.323,39.57651899,11.62142857,1.627,662.2486275,8.699482503,0.02328571429,786.09,0.577,0.326,0.8268896024,-7.392118428,181,7.220167851,56.83791785,239.9207966,True,True,True,0.03853106111,0.04689220982,0.0315015396,True,True,True,0.091,0.091,0.333,True,True,True,True,True,True,results/plots/210511_Sample_B10_force_time.png,results/plots/210511_Sample_B10_force_extension.png
210511 MRC Sample B2Data.csv,11.05.2021,B,2,171.2,F,18wks,Tm1b Het,15.93390447,-0.003413148582,False,0.01306182685,26.39393075,127.205,12708.61567,0.012708616,14.001,0.091,7.160496469,14.09185058,1.973,223.9609696,1.96716936,0.02949789301,787.2,0.511,0.413,0.7418592844,-4.503016243,180,2.2593666,2.921840663,11.70580706,False,False,True,0.1779371973,0.1862697858,0.04987359397,False,False,True,0.03,0.025,0.096,True,True,True,False,False,True,results/plots/210511_Sample_B2_force_time.png,results/plots/210511_Sample_B2_force_extension.png
210511 MRC Sample B3Data.csv,11.05.2021,B,3,171.2,F,18wks,Tm1b Het,65.27186291,-0.03463318082,False,0.05250169079,50.11445039,128.2713333,12922.57613,0.012922576,14,0.136,10.52421746,12.26428571,1.717,235.7556183,3.869197597,0.0415,789.36,0.541,0.581,0.7510138858,-6.48454958,179,2.426269579,6.538761748,22.6813826,False,True,True,0.05886554127,0.07090106758,0.02895742403,True,True,True,0.08,0.06,0.146,True,True,True,True,True,True,results/plots/210511_Sample_B3_force_time.png,results/plots/210511_Sample_B3_force_extension.png
210511 MRC Sample B5Data.csv,11.05.2021,B,5,171.2,F,18wks,Tm1b Het,12.27968076,-0.02070395712,False,0.0528584366,27.5927812,107.2016667,9025.950687,0.009025951,14,0.227,25.14970445,7.092857143,0.993,616.1566121,5.539582477,0.01992857143,785.49,0.556,0.279,0.8328149846,-5.267162666,179,17.31270864,47.00811853,148.1224257,True,True,True,0.03108142353,0.02834704783,0.01660558789,True,True,True,0.131,0.111,0.242,True,True,True,True,True,True,results/plots/210511_Sample_B5_force_time.png,results/plots/210511_Sample_B5_force_extension.png
210511 MRC Sample B6Data.csv,11.05.2021,B,6,171.2,F,18wks,Tm1b Het,68.32156142,-0.002747708567,False,0.03387863159,37.74883987,119.7253333,11258.01935,0.011258019,14.001,0.04,3.553022961,5.771016356,0.808,89.18500022,1.77651148,0.0509963574,791.07,0.521,0.714,0.4049383284,-3.360858861,165,5.701357609,1.227348474,6.612936042,True,False,True,0.05226452618,0.1126076814,0.09383490285,True,False,False,0.065,0.025,0.05,True,True,True,True,False,False,results/plots/210511_Sample_B6_force_time.png,results/plots/210511_Sample_B6_force_extension.png
210511 MRC Sample B7Data.csv,11.05.2021,B,7,171.2,F,18wks,Tm1b Het,-86.45768789,0.03818199607,False,0.04096494507,31.62706838,104.1536667,8519.988506,0.008519989,14.001,0.485,56.92495612,10.87779444,1.523,852.8631784,30.16435819,0.05971002071,792.64,0.763,0.836,0.9247976999,-22.00680232,181,35.60967381,10.3662317,199.8316871,True,True,True,0.04237269625,0.07676718945,0.0340858836,True,True,True,0.086,0.06,0.5,True,True,True,True,True,True,results/plots/210511_Sample_B7_force_time.png,results/plots/210511_Sample_B7_force_extension.png
210511 MRC Sample B8Data.csv,11.05.2021,B,8,171.2,F,18wks,Tm1b Het,47.55875478,-0.04131555326,False,0.03455822337,23.4889942,98.848,7674.068202,0.007674068,14.001,0.126,16.41893191,7.128062281,0.998,781.352113,9.251937825,0.03606885222,788.38,0.577,0.505,0.5842899261,-18.67122826,80,27.31743778,28.15410624,58.18868545,True,True,True,0.04046530071,0.05883174464,0.03461152261,True,True,True,0.08,0.06,0.131,True,True,True,True,True,True,results/plots/210511_Sample_B8_force_time.png,results/plots/210511_Sample_B8_force_extension.png
210511 MRC Sample B9Data.csv,11.05.2021,B,9,171.2,F,18wks,Tm1b Het,22.55859672,-0.01008604437,False,0.09455091214,60.99575813,122.5786667,11801.0233,0.011801023,14.001,0.03,2.54215249,2.406970931,0.337,168.4317594,0.4236920816,0.01892721948,785.3,0.511,0.265,0.4596054824,-2.696812212,50,0.7755150164,15.58486094,11.74490411,False,True,True,0.03096236875,0.08020812284,0.100993667,True,False,False,0.101,0.055,0.04,True,True,True,True,False,False,results/plots/210511_Sample_B9_force_time.png,results/plots/210511_Sample_B9_force_extension.png
210511 MRC Sample C1Data.csv,11.05.2021,C,1,123.5,F,18wks,Tm1b Hom,30.47304721,-0.001889278795,False,0.01976957394,19.25640919,84.02166667,5544.628659,0.005544629,14.001,0.035,6.312415132,4.806799514,0.673,145.3628605,0.9017735903,0.03028355117,787.35,0.511,0.424,0.1728528261,-3.367707123,62,15.54572851,1.217815897,10.30155945,True,False,True,0.04079766994,0.09621667466,0.1040806639,True,False,False,0.055,0.02,0.045,True,True,True,True,False,False,results/plots/210511_Sample_C1_force_time.png,results/plots/210511_Sample_C1_force_extension.png
210511 MRC Sample C10Data.csv,11.05.2021,C,10,123.5,F,18wks,Tm1b Hom,17.21614862,-0.003016161967,False,0.01012793602,15.41532165,130.9283333,13463.47475,0.013463475,14.001,0.419,31.12123727,19.92000571,2.789,339.7026408,5.942002343,0.06906649525,794.31,0.566,0.967,0.800089385,-17.21420035,181,7.287411967,2.216215205,69.39099853,True,False,True,0.07929589408,0.1490541885,0.024355726,True,False,True,0.065,0.03,0.424,True,True,True,True,False,True,results/plots/210511_Sample_C10_force_time.png,results/plots/210511_Sample_C10_force_extension.png
210511 MRC Sample C2Data.csv,11.05.2021,C,2,123.5,F,18wks,Tm1b Hom,13.88402994,-0.0006949676433,False,0.03871078684,39.49434239,108.2873333,9209.693967,0.009209694,14,0.156,16.93867353,15.12857143,2.118,484.9812441,7.709268082,0.1046428571,800.7,0.577,1.465,0.8030733391,-43.40435196,180,18.25606041,1.289482095,103.9504526,True,False,True,0.04956694511,0.05894008743,0.02559822967,True,True,True,0.055,0.03,0.166,True,True,True,True,True,True,results/plots/210511_Sample_C2_force_time.png,results/plots/210511_Sample_C2_force_extension.png
210511 MRC Sample C3Data.csv,11.05.2021,C,3,123.5,F,18wks,Tm1b Hom,19.12325689,-0.005059098799,False,0.008589526872,8.254599145,97.05366667,7397.990624,0.007397991,14,0.298,40.28120607,16.69285714,2.337,618.0067312,10.27305927,0.0395,789.01,0.582,0.553,0.7815905567,-15.46842844,179,18.6810883,18.06789043,213.4406128,True,True,True,0.06601107677,0.0857006284,0.02639488795,True,False,True,0.055,0.055,0.308,True,True,True,True,False,True,results/plots/210511_Sample_C3_force_time.png,results/plots/210511_Sample_C3_force_extension.png
210511 MRC Sample C4Data.csv,11.05.2021,C,4,123.5,F,18wks,Tm1b Hom,61.63324979,-0.0490515469,False,0.03126220875,22.42283987,104.0083333,8496.227941,0.008496228,14,0.202,23.7752565,12.43571429,1.741,565.2227049,7.061957377,0.03478571429,788.16,0.566,0.487,0.778055527,-12.18294988,178,5.073931355,28.23801688,138.3571321,True,True,True,0.03985564432,0.06731901615,0.01915854494,True,True,True,0.08,0.06,0.212,True,True,True,True,True,True,results/plots/210511_Sample_C4_force_time.png,results/plots/210511_Sample_C4_force_extension.png
210511 MRC Sample C5Data.csv,11.05.2021,C,5,123.5,F,18wks,Tm1b Hom,-10.26457671,0.006074653195,False,0.04971939527,33.73168925,101.1846667,8041.170899,0.008041171,14.001,0.197,24.49891937,11.06349546,1.549,561.2540842,10.57059973,0.04228269409,789.49,0.566,0.592,0.7632291063,-12.82168574,180,28.33325521,6.420544891,27.76870789,True,True,True,0.07332885788,0.09397698458,0.02179652386,True,False,True,0.07,0.06,0.197,True,True,True,True,False,True,results/plots/210511_Sample_C5_force_time.png,results/plots/210511_Sample_C5_force_extension.png
210511 MRC Sample C6Data.csv,11.05.2021,C,6,123.5,F,18wks,Tm1b Hom,25.88329969,-0.04549359408,False,0.04837763923,20.2645997,78.82133333,4879.523742,0.004879524,14.001,0.202,41.39748057,8.835083208,1.237,969.6650456,15.57528972,0.03178344404,787.56,0.582,0.445,0.7914004075,-16.99241611,182,6.523569174,18.28333227,100.4563314,True,True,True,0.05594656132,0.05518795945,0.01946448574,True,True,True,0.091,0.065,0.207,True,True,True,True,True,True,results/plots/210511_Sample_C6_force_time.png,results/plots/210511_Sample_C6_force_extension.png
210511 MRC Sample C7Data.csv,11.05.2021,C,7,123.5,F,18wks,Tm1b Hom,68.19730891,-0.04800807953,False,0.03086955706,25.44154155,111.2756667,9725.015258,0.009725015,14.001,0.293,30.12848823,17.87015213,2.502,466.8567796,7.814897972,0.06263838297,793.15,0.572,0.877,0.814700729,-21.70292894,181,14.47948747,6.164586705,46.07479692,True,True,True,0.063687281,0.06918677863,0.01392186188,True,True,True,0.08,0.065,0.308,True,True,True,True,True,True,results/plots/210511_Sample_C7_force_time.png,results/plots/210511_Sample_C7_force_extension.png
210511 MRC Sample C8Data.csv,11.05.2021,C,8,123.5,F,18wks,Tm1b Hom,59.30244843,-0.002234211145,False,0.01750193682,18.03705008,101.394,8074.476856,0.008074477,14,0.121,14.9854907,15.6,2.184,403.1820119,4.334646071,0.08771428571,797.66,0.541,1.228,0.8250824489,-31.67683441,178,14.65878732,1.237913487,49.59688579,True,False,True,0.05527433014,0.1113839166,0.02727623286,True,False,True,0.055,0.02,0.136,True,True,True,True,False,True,results/plots/210511_Sample_C8_force_time.png,results/plots/210511_Sample_C8_force_extension.png
210511 MRC Sample C9Data.csv,11.05.2021,C,9,123.5,F,18wks,Tm1b Hom,66.11615894,-0.01522773519,False,0.02582262028,33.93325507,110.384,9569.784026,0.009569784,14,0.015,1.567433497,2.721428571,0.381,2.983434224e-14,0.5224778323,0.008857142857,783.5,0.496,0.124,,0.5224778323,40,1.163832774,1.831537797,1.989250643,False,False,False,0.131578045,0.2042985017,0.1276744581,False,False,False,0.04,0.025,0.025,True,True,True,False,False,False,results/plots/210511_Sample_C9_force_time.png,results/plots/210511_Sample_C9_force_extension.png
210511 MRC Sample D10Data.csv,11.05.2021,D,10,93.2,F,52wks,Tm1b Hom,100,-0.001387361179,True,0.03579702267,36.73447574,116.5463333,10668.1008,0.010668101,14,0.197,18.46626686,15.78571429,2.21,401.3749269,6.655355063,0.09314285714,798.63,0.577,1.304,0.8514698458,-31.22398892,180,25.33872008,2.638779272,134.3069064,True,False,True,0.04296384515,0.03931168016,0.01328189722,True,True,True,0.06,0.04,0.212,True,True,True,True,True,True,results/plots/210511_Sample_D10_force_time.png,results/plots/210511_Sample_D10_force_extension.png
210511 MRC Sample D2Data.csv,11.05.2021,D,2,93.2,F,52wks,Tm1b Hom,78.36709982,-0.01168294242,False,0.03483006788,33.60573023,123.7153333,12020.89878,0.012020899,14.001,0.303,25.20610147,17.90586387,2.507,369.4294976,7.154207019,0.08342261267,796.89,0.577,1.168,0.8219662073,-24.03538663,180,28.57405789,1.660903538,44.25675925,True,False,True,0.07104529588,0.1696731694,0.01480785365,True,False,True,0.075,0.03,0.313,True,True,True,True,False,True,results/plots/210511_Sample_D2_force_time.png,results/plots/210511_Sample_D2_force_extension.png
210511 MRC Sample D4Data.csv,11.05.2021,D,4,93.2,F,52wks,Tm1b Hom,42.22561999,-0.001331084283,False,0.01804586911,43.85429318,166.7633333,21841.93025,0.02184193,14,0.121,5.539803488,22.33571429,3.127,122.5504908,2.060257496,0.1056428571,800.89,0.526,1.479,0.7992966269,-10.5821804,180,6.823824654,0.6515608611,15.56428732,True,False,True,0.08710654386,0.2313527722,0.03413459561,False,False,True,0.065,0.025,0.121,True,True,True,False,False,True,results/plots/210511_Sample_D4_force_time.png,results/plots/210511_Sample_D4_force_extension.png
210511 MRC Sample D5Data.csv,11.05.2021,D,5,93.2,F,52wks,Tm1b Hom,11.16976439,-0.000438965338,False,0.0175362552,27.65814393,134.0143333,14105.62655,0.014105627,14.001,0.202,14.32052613,14.1561317,1.982,309.2910986,4.253621622,0.07592314835,795.54,0.566,1.063,0.8107720783,-19.01109578,181,27.99319104,1.280703398,76.23766911,True,False,True,0.05723418561,0.1195895863,0.02466310304,True,False,True,0.06,0.02,0.217,True,True,True,True,False,True,results/plots/210511_Sample_D5_force_time.png,results/plots/210511_Sample_D5_force_extension.png
210511 MRC Sample D6Data.csv,11.05.2021,D,6,93.2,F,52wks,Tm1b Hom,55.35361895,-0.004392818549,False,0.00627071083,17.40784345,133.239,13942.88388,0.013942884,14,0.015,1.0758176,4.585714286,0.642,1.819662698e-14,0.3586058666,0.005285714286,782.85,0.496,0.074,-3.083333333,0.3586058666,36,1.11303764,0.683620568,1.012609394,False,False,False,0.1899582527,0.2312242572,0.1667446598,False,False,False,0.03,0.025,0.025,True,True,True,False,False,False,results/plots/210511_Sample_D6_force_time.png,results/plots/210511_Sample_D6_force_extension.png
210511 MRC Sample D7Data.csv,11.05.2021,D,7,93.2,F,52wks,Tm1b Hom,7.722995962,-0.003173933827,False,0.01835051592,25.99367219,147.0196667,16976.2104,0.01697621,14.001,0.121,7.127621536,6.035283194,0.845,212.1789684,2.356238524,0.02428397972,786.22,0.546,0.34,0.770567971,-3.135811058,180,2.734310892,17.63702381,35.09107327,False,True,True,0.04466732436,0.06042786908,0.03067773715,True,True,True,0.08,0.055,0.141,True,True,True,True,True,True,results/plots/210511_Sample_D7_force_time.png,results/plots/210511_Sample_D7_force_extension.png
210511 MRC Sample D8Data.csv,11.05.2021,D,8,93.2,F,52wks,Tm1b Hom,77.09411162,-0.001976369185,False,0.004929692501,11.17178787,128.679,13004.84666,0.013004847,14,0.01,0.7689440714,29.75,4.165,,,,,,,,,0,1.013894195,0.7463836993,2.086056849,False,False,False,0.1273622362,0.1591003373,0.08717034907,False,False,False,0.025,0.02,0.025,True,True,True,False,False,False,results/plots/210511_Sample_D8_force_time.png,results/plots/210511_Sample_D8_force_extension.png
210512 MRC Sample A1Data.csv,12.05.2021,A,1,135.1,F,18wks,Tm1b Wt,27.18477108,-0.06583302932,False,0.1325871368,38.92735339,97.64233333,7488.005928,0.007488006,14,0.201,26.84292721,7.992857143,1.119,672.0812242,8.6805486,0.01507142857,784.62,-0.033,0.211,0.8716098329,-2.280911252,179,28.27812474,59.25109484,133.4049229,True,True,True,0.03208636927,0.02623692546,0.01877395342,True,True,True,0.125,0.12,0.236,True,True,True,True,True,True,results/plots/210512_Sample_A1_force_time.png,results/plots/210512_Sample_A1_force_extension.png
210512 MRC Sample A10Data.csv,12.05.2021,A,10,135.1,F,18wks,Tm1b Wt,15.90570478,-0.03497421466,False,0.1450289538,40.1152683,127.8376667,12835.34516,0.012835345,14,0.417,32.48841383,9.814285714,1.374,670.5350426,10.98529101,0.02035714286,785.56,0.063,0.285,0.9110672612,-2.77252359,180,22.15819614,25.6457617,59.43716393,True,True,True,0.01826132252,0.02685037838,0.01856208521,True,True,True,0.251,0.201,0.457,True,True,True,True,True,True,results/plots/210512_Sample_A10_force_time.png,results/plots/210512_Sample_A10_force_extension.png
210512 MRC Sample A2Data.csv,12.05.2021,A,2,135.1,F,18wks,Tm1b Wt,22.05044481,-0.03805606088,False,0.07804789338,37.73328482,119.003,11122.58417,0.011122584,14.001,0.311,27.96112846,8.613670452,1.206,618.1061094,6.743037409,0.02064138276,785.61,-0.033,0.289,0.9344174401,-6.191462303,180,66.67300036,19.13838351,61.19314212,True,True,True,0.03465201978,0.0278407281,0.01438097187,True,True,True,0.14,0.14,0.316,True,True,True,True,True,True,results/plots/210512_Sample_A2_force_time.png,results/plots/210512_Sample_A2_force_extension.png
210512 MRC Sample A3Data.csv,12.05.2021,A,3,135.1,F,18wks,Tm1b Wt,20.13739785,-0.003921419035,False,0.0297999224,28.8558587,90.70433333,6461.687527,0.006461688,14,0.12,18.57099879,8.007142857,1.121,754.1738128,1.547583232,0.02392857143,786.22,-0.093,0.335,0.6832327203,-16.53909622,77,10.69188114,1.983270018,36.33892256,True,False,True,0.06217537883,0.09411468153,0.0301288106,True,False,True,0.055,0.03,0.135,True,True,True,True,False,True,results/plots/210512_Sample_A3_force_time.png,results/plots/210512_Sample_A3_force_extension.png
210512 MRC Sample A4Data.csv,12.05.2021,A,4,135.1,F,18wks,Tm1b Wt,7.443414748e-12,-9.547918012e-15,False,0.2481034838,53.84262322,80.438,5081.739623,0.00508174,14.001,0.075,14.75872437,2.956931648,0.414,775.9636015,0.9839149583,0.001785586744,782.22,-0.093,0.025,0.6853925914,0.2327836424,109,0.3960427981,20.92412596,21.05822373,False,True,True,0.04242345313,0.05827465522,0.04520386809,True,True,True,0.115,0.045,0.08,True,True,True,True,True,True,results/plots/210512_Sample_A4_force_time.png,results/plots/210512_Sample_A4_force_extension.png
210512 MRC Sample A5Data.csv,12.05.2021,A,5,135.1,F,18wks,Tm1b Wt,19.92586562,-0.01268616127,False,0.05580621777,35.84019584,111.4723333,9759.421267,0.009759421,14,0.115,11.78348593,5.571428571,0.78,378.6281629,1.536976425,0.01878571429,785.29,-0.088,0.263,0.668679069,-5.135734503,116,16.78385389,15.12658925,34.31688197,True,True,True,0.03442822568,0.06904367756,0.03456629798,True,True,True,0.1,0.065,0.13,True,True,True,True,True,True,results/plots/210512_Sample_A5_force_time.png,results/plots/210512_Sample_A5_force_extension.png
210512 MRC Sample A6Data.csv,12.05.2021,A,6,135.1,F,18wks,Tm1b Wt,12.18845975,-0.02069001333,False,0.1696290048,40.55900561,108.0163333,9163.655266,0.009163655,14.001,0.271,29.57335255,10.51353475,1.472,671.5746393,10.91267622,0.02321262767,786.08,0.037,0.325,0.8857555017,-5.361791669,181,21.98569307,35.52159935,46.09599841,True,True,True,0.02078759436,0.03648492407,0.01416419579,True,True,True,0.186,0.125,0.321,True,True,True,True,True,True,results/plots/210512_Sample_A6_force_time.png,results/plots/210512_Sample_A6_force_extension.png
210512 MRC Sample A7Data.csv,12.05.2021,A,7,135.1,F,18wks,Tm1b Wt,21.16378463,-0.0235167533,False,0.1212514953,43.86362714,176.1843333,24379.48101,0.024379481,14,0.321,13.16681024,5.721428571,0.801,336.5386241,6.603914169,0.02271428571,785.99,0.103,0.318,0.8866787097,-0.7774952773,128,12.91383933,26.06675863,220.6060944,True,True,True,0.01492137018,0.01585852696,0.0126867611,True,True,True,0.321,0.201,0.401,True,True,True,True,True,True,results/plots/210512_Sample_A7_force_time.png,results/plots/210512_Sample_A7_force_extension.png
210512 MRC Sample A8Data.csv,12.05.2021,A,8,135.1,F,18wks,Tm1b Wt,22.70355157,-0.03071867986,False,0.07720282561,39.87475086,139.0393333,15183.26719,0.015183267,14,0.447,29.44030425,10.01428571,1.402,597.5110641,9.879296728,0.02792857143,786.91,0.047,0.391,0.9340172364,-6.73261412,182,40.27382471,32.69566481,265.307309,True,True,True,0.02085645279,0.03181602581,0.01156917674,True,True,True,0.186,0.145,0.462,True,True,True,True,True,True,results/plots/210512_Sample_A8_force_time.png,results/plots/210512_Sample_A8_force_extension.png
210512 MRC Sample A9Data.csv,12.05.2021,A,9,135.1,F,18wks,Tm1b Wt,15.27808887,-0.01307611364,False,0.03118041607,28.00659447,152.27,18210.3619,0.018210362,14.001,0.387,21.25163684,8.485108207,1.188,475.7331495,3.020258466,0.0224269695,785.93,-0.058,0.314,0.934439908,-7.087487667,181,25.25512725,14.47746051,99.15518691,True,True,True,0.03107769756,0.0401280005,0.01074694473,True,True,True,0.155,0.12,0.407,True,True,True,True,True,True,results/plots/210512_Sample_A9_force_time.png,results/plots/210512_Sample_A9_force_extension.png
210512 MRC Sample B1Data.csv,12.05.2021,B,1,173.1,F,18wks,Tm1b Het,10.81961834,-0.009218083927,False,0.02501661071,18.03094593,102.3723333,8231.047071,0.008231047,14,0.14,17.00877179,7.357142857,1.03,499.5866678,6.682017488,0.03078571429,787.44,-0.043,0.431,0.7969514446,-8.50491041,179,17.88922223,17.76705349,54.83427227,True,True,True,0.04796356939,0.05580064405,0.03505784106,True,True,True,0.065,0.06,0.16,True,True,True,True,True,True,results/plots/210512_Sample_B1_force_time.png,results/plots/210512_Sample_B1_force_extension.png
210512 MRC Sample B10Data.csv,12.05.2021,B,10,173.1,F,18wks,Tm1b Het,3.594455333,-0.006218921538,False,0.08165518695,41.40203076,90.988,6502.166995,0.006502167,14.001,0.276,42.44738716,8.885079637,1.244,766.4153767,11.53461607,0.02299835726,786.04,-0.023,0.322,0.8511089065,-8.869153329,180,7.162050595,27.60558129,143.7037897,True,True,True,0.03984573992,0.05718900561,0.01762991982,True,True,True,0.08,0.075,0.276,True,True,True,True,True,True,results/plots/210512_Sample_B10_force_time.png,results/plots/210512_Sample_B10_force_extension.png
210512 MRC Sample B2Data.csv,12.05.2021,B,2,173.1,F,18wks,Tm1b Het,40.57643552,-0.005557083081,False,0.04347828862,30.72833723,101.7196667,8126.428869,0.008126429,14,0.166,20.42717656,10.66428571,1.493,683.0413086,1.230552805,0.02457142857,786.26,-0.088,0.344,0.534219943,-16.11111376,74,12.70663492,6.025615233,49.41629873,True,True,True,0.03392037801,0.06859841486,0.02865666153,True,True,True,0.095,0.04,0.181,True,True,True,True,True,True,results/plots/210512_Sample_B2_force_time.png,results/plots/210512_Sample_B2_force_extension.png
210512 MRC Sample B3Data.csv,12.05.2021,B,3,173.1,F,18wks,Tm1b Het,46.88670506,-0.01802872714,False,0.01347014317,21.74413502,143.0016667,16060.98143,0.016060981,14.001,0.522,32.50112804,13.54903221,1.897,417.0844164,10.02429428,0.05571030641,791.92,0.063,0.78,0.8459922479,-13.38037763,180,48.00198299,10.9306603,243.6255388,True,True,True,0.03398655879,0.07050077296,0.008759753529,True,True,True,0.095,0.06,0.532,True,True,True,True,True,True,results/plots/210512_Sample_B3_force_time.png,results/plots/210512_Sample_B3_force_extension.png
210512 MRC Sample B4Data.csv,12.05.2021,B,4,173.1,F,18wks,Tm1b Het,12.17338052,-0.003152677897,False,0.01247849611,16.38308138,115.4653333,10471.11932,0.010471119,14,0.221,21.10567171,13,1.82,369.0801948,5.730046617,0.05621428571,791.99,-0.058,0.787,0.788862693,-13.99735509,179,0.8313319504,3.261831292,39.24952963,False,True,True,0.1333183988,0.1255720797,0.01903716276,False,False,True,0.04,0.04,0.241,True,True,True,False,False,True,results/plots/210512_Sample_B4_force_time.png,results/plots/210512_Sample_B4_force_extension.png
210512 MRC Sample B5Data.csv,12.05.2021,B,5,173.1,F,18wks,Tm1b Het,7.991396769,-0.01680704451,False,0.06133668472,25.8718776,115.1923333,10421.66316,0.010421663,14,0.301,28.88214674,6.85,0.959,620.3251999,12.56997084,0.024,786.22,0.073,0.336,0.8648604181,-3.464144085,181,9.54669745,90.27305381,200.0425097,True,True,True,0.02257262893,0.01958701988,0.01820202621,True,True,True,0.166,0.151,0.356,True,True,True,True,True,True,results/plots/210512_Sample_B5_force_time.png,results/plots/210512_Sample_B5_force_extension.png
210512 MRC Sample B6Data.csv,12.05.2021,B,6,173.1,F,18wks,Tm1b Het,45.28301664,-0.02563602267,False,0.06823481121,38.83135974,105.1573333,8684.983743,0.008684984,14.001,0.065,7.484181894,3.171202057,0.444,195.1887051,2.302825198,0.01442754089,784.48,-0.063,0.202,0.6501379353,-0.5936097377,181,28.25885702,4.841217173,8.842510718,True,True,True,0.07068313961,0.06098629461,0.05224902004,True,True,True,0.075,0.075,0.08,True,True,True,True,True,True,results/plots/210512_Sample_B6_force_time.png,results/plots/210512_Sample_B6_force_extension.png
210512 MRC Sample B7Data.csv,12.05.2021,B,7,173.1,F,18wks,Tm1b Het,2.34571169,-0.002852673473,False,0.04460873851,25.44061367,123.074,11896.5905,0.011896591,14.001,0.211,17.73617333,6.156703093,0.862,401.4127502,10.08692322,0.03042639811,787.37,0.057,0.426,0.45501613,-3.04922251,94,9.352983592,26.99167521,39.87511674,True,True,True,0.0284265857,0.03276653884,0.01839327524,True,True,True,0.125,0.11,0.246,True,True,True,True,True,True,results/plots/210512_Sample_B7_force_time.png,results/plots/210512_Sample_B7_force_extension.png
210512 MRC Sample B8Data.csv,12.05.2021,B,8,173.1,F,18wks,Tm1b Het,5.291890711,-0.0008533164865,False,0.01180885137,49.36171994,189.6603333,28251.59034,0.02825159,14,0.276,9.769361654,11.90714286,1.667,163.6384697,5.698794298,0.07942857143,796.18,0.063,1.112,0.7441675762,-7.682595455,165,17.24660547,12.48919487,151.2100154,True,True,True,0.05797466364,0.1187378084,0.0157403045,True,False,True,0.05,0.035,0.276,True,True,True,True,False,True,results/plots/210512_Sample_B8_force_time.png,results/plots/210512_Sample_B8_force_extension.png
210512 MRC Sample B9Data.csv,12.05.2021,B,9,173.1,F,18wks,Tm1b Het,88.31934673,-0.08158513719,False,0.07086852419,52.24141197,84.49133333,5606.788948,0.005606789,14,0.417,74.37412037,14.71428571,2.06,962.0952362,26.75328071,0.07378571429,795.16,0.052,1.033,0.8174739923,-44.86604971,182,20.05857859,13.77553107,264.5192982,True,True,True,0.05449895588,0.09711400898,0.01053050431,True,False,True,0.05,0.035,0.417,True,True,True,True,False,True,results/plots/210512_Sample_B9_force_time.png,results/plots/210512_Sample_B9_force_extension.png
210512 MRC Sample C1Data.csv,12.05.2021,C,1,137.2,F,18wks,Tm1b Hom,34.69144252,-0.00124887682,False,-0.0003411068453,-1.66650399,97.33866667,7441.503108,0.007441503,14.001,0.035,4.703350923,3.556888794,0.498,251.1265292,2.015721824,0.03499750018,788.19,-0.083,0.49,0.4260566526,-6.847414641,81,1.051919921,2.128879788,20.52701621,False,False,True,0.08823768878,0.1196606522,0.06973656899,False,False,True,0.02,0.015,0.04,True,True,True,False,False,True,results/plots/210512_Sample_C1_force_time.png,results/plots/210512_Sample_C1_force_extension.png
210512 MRC Sample C2Data.csv,12.05.2021,C,2,137.2,F,18wks,Tm1b Hom,38.63257688,-0.001331976743,False,0.1341768871,51.17532199,79.88433333,5012.023651,0.005012024,14.001,0.04,7.980807754,4.606813799,0.645,292.4697163,0.9976009692,0.02892650525,787.1,-0.093,0.405,0.5471878194,-6.850683493,120,4.470095122,8.784999395,20.6470341,True,True,True,0.03285018399,0.06129471939,0.1254318757,True,True,False,0.085,0.03,0.04,True,True,True,True,True,False,results/plots/210512_Sample_C2_force_time.png,results/plots/210512_Sample_C2_force_extension.png
210512 MRC Sample C3Data.csv,12.05.2021,C,3,137.2,F,18wks,Tm1b Hom,100,-5.664572533e-05,True,0.07239139908,71.33130537,106.5566667,8917.664602,0.008917665,14,0.05,5.606848878,13.37142857,1.872,278.7411466,1.121369776,0.02742857143,786.83,-0.088,0.384,0.5158098434,-6.34420159,86,1.570471849,1.15717076,29.007742,False,False,True,0.05465747968,0.1365528413,0.06277171879,True,False,True,0.045,0.015,0.05,True,True,True,True,False,True,results/plots/210512_Sample_C3_force_time.png,results/plots/210512_Sample_C3_force_extension.png
210512 MRC Sample C4Data.csv,12.05.2021,C,4,137.2,F,18wks,Tm1b Hom,87.98462127,-0.003244516783,False,-0.0002944623392,-1.38579737,174.079,23800.31186,0.023800312,14.001,0.05,2.100812796,19.31290622,2.704,50.44041712,0.6302438388,0.1279908578,804.97,-0.093,1.792,0.3399615804,-5.566793483,118,1.136131064,1.332655775,8.600113571,False,False,True,0.1561573314,0.1938126795,0.06131884905,False,False,True,0.03,0.025,0.06,True,True,True,False,False,True,results/plots/210512_Sample_C4_force_time.png,results/plots/210512_Sample_C4_force_extension.png
210512 MRC Sample C5Data.csv,12.05.2021,C,5,137.2,F,18wks,Tm1b Hom,11.98291777,-0.00163919378,False,0.003093089094,4.54628873,100.4766667,7929.034715,0.007929035,14.001,0.015,1.891781282,2.878365831,0.403,9.501439055e-14,0.6305937608,0.002356974502,782.32,-0.098,0.033,-2.93258427,0.6305937608,89,2.266451165,1.636224538,2.175957851,False,False,False,0.05679871008,0.08662875472,0.116546324,True,False,False,0.035,0.035,0.02,True,True,True,True,False,False,results/plots/210512_Sample_C5_force_time.png,results/plots/210512_Sample_C5_force_extension.png
210512 MRC Sample C6Data.csv,12.05.2021,C,6,137.2,F,18wks,Tm1b Hom,69.49957454,-0.01631227034,False,0.009962519019,13.18739971,105.2333333,8697.542017,0.008697542,15.072,0.02,2.29950025,4.604564756,0.694,4.762211685e-14,0.5748750624,0.001194267516,782.12,-0.103,0.018,0.1022727273,0.5748750624,88,1.793573912,1.891144989,1.956339554,False,False,False,0.1018684568,0.1421630621,0.07931331871,False,False,True,0.04,0.03,0.03,True,True,True,False,False,False,results/plots/210512_Sample_C6_force_time.png,results/plots/210512_Sample_C6_force_extension.png
210512 MRC Sample C7Data.csv,12.05.2021,C,7,137.2,F,18wks,Tm1b Hom,54.32805223,-0.0238982631,False,0.03734616816,38.55115437,119.9466667,11299.6827,0.011299683,14,0.115,10.17727665,9.785714286,1.37,310.2531803,0.8849805787,0.02042857143,785.57,-0.088,0.286,0.5600075261,-5.247948389,104,23.58762521,16.44104103,54.36536659,True,True,True,0.05172984219,0.07866926653,0.02689559482,True,True,True,0.055,0.055,0.135,True,True,True,True,True,True,results/plots/210512_Sample_C7_force_time.png,results/plots/210512_Sample_C7_force_extension.png
210512 MRC Sample C8Data.csv,12.05.2021,C,8,137.2,F,18wks,Tm1b Hom,29.14002898,-0.005266168595,False,0.01128178808,14.79561112,104.3276667,8548.479415,0.008548479,14,0.045,5.264094349,14.15714286,1.982,79.65438359,2.339597489,0.1265,804.69,-0.088,1.771,0.2521558594,-8.161438465,145,1.598954449,2.209005868,5.839261443,False,False,True,0.1166930123,0.1276568107,0.07301267484,False,False,True,0.035,0.03,0.055,True,True,True,False,False,True,results/plots/210512_Sample_C8_force_time.png,results/plots/210512_Sample_C8_force_extension.png
210512 MRC Sample C9Data.csv,12.05.2021,C,9,137.2,F,18wks,Tm1b Hom,100,-0.0004920680084,True,0.01630554791,25.20612732,112.8593333,10003.79635,0.010003796,14.001,0.01,0.999620544,8.392257696,1.175,,,,,,,,,0,2.227142351,1.258983594,1.667983119,False,False,False,0.09567137915,0.1799408645,0.09496695962,False,False,False,0.035,0.02,0.03,True,True,True,False,False,False,results/plots/210512_Sample_C9_force_time.png,results/plots/210512_Sample_C9_force_extension.png
210512 MRC Sample D10Data.csv,12.05.2021,D,10,98.1,F,52wks,Tm1b Hom,60.36022533,-0.00503691882,False,0.01975122988,39.37803281,147.62,17115.1332,0.017115133,14.001,0.05,2.921391262,8.913649025,1.248,42.5687589,0.5842782525,0.02435540319,786.28,-0.103,0.341,0.4568775459,-0.2249902317,181,5.965558051,1.483394245,8.593566352,True,False,True,0.07572115253,0.1684493629,0.08818745547,True,False,False,0.06,0.025,0.05,True,True,True,True,False,False,results/plots/210512_Sample_D10_force_time.png,results/plots/210512_Sample_D10_force_extension.png
210512 MRC Sample D2Data.csv,12.05.2021,D,2,98.1,F,52wks,Tm1b Hom,-10.44469302,0.01413008958,False,0.04217133945,20.90238507,102.8873333,8314.070512,0.008314071,14,0.367,44.14203343,12.69285714,1.777,570.9599926,15.15503055,0.03785714286,788.66,0.063,0.53,0.7993182799,-8.08023022,179,10.80722332,12.35832894,59.88675784,True,True,True,0.04406307802,0.04801485506,0.02702888414,True,True,True,0.115,0.115,0.437,True,True,True,True,True,True,results/plots/210512_Sample_D2_force_time.png,results/plots/210512_Sample_D2_force_extension.png
210512 MRC Sample D3Data.csv,12.05.2021,D,3,98.1,F,52wks,Tm1b Hom,16.56522241,-0.01876424875,False,0.02723613569,31.34584015,158.5423333,19741.51019,0.01974151,14.001,0.623,31.55786969,11.342047,1.588,395.8077142,9.928318553,0.03535461753,788.27,0.138,0.495,0.9393787361,-4.243199303,180,15.86026267,45.09134651,352.9311079,True,True,True,0.0285582605,0.02294966515,0.02314490288,True,True,True,0.161,0.166,0.683,True,True,True,True,True,True,results/plots/210512_Sample_D3_force_time.png,results/plots/210512_Sample_D3_force_extension.png
210512 MRC Sample D4Data.csv,12.05.2021,D,4,98.1,F,52wks,Tm1b Hom,100,-0.0007721739139,True,0.03906219759,42.84794323,143.975,16280.36194,0.016280362,14,0.05,3.071184781,7.678571429,1.075,61.32095755,0.9213554342,0.02857142857,787.04,-0.098,0.4,0.5707293784,-0.9805077972,175,24.69370123,1.237681043,6.637160526,True,False,True,0.03818553854,0.170896896,0.08528966733,True,False,False,0.1,0.025,0.055,True,True,True,True,False,False,results/plots/210512_Sample_D4_force_time.png,results/plots/210512_Sample_D4_force_extension.png
210512 MRC Sample D5Data.csv,12.05.2021,D,5,98.1,F,52wks,Tm1b Hom,100,-0.001614917458,True,0.01171323869,26.71579404,137.155,14774.51286,0.014774513,14.001,0.02,1.353682521,5.035354618,0.705,4.585073313e-14,0.3384206302,0,781.49,-0.103,0,,0.3384206302,46,0.6569845502,1.24976696,1.889453234,False,False,False,0.09940649151,0.1825179344,0.08059231253,False,False,False,0.04,0.025,0.03,True,True,True,False,False,False,results/plots/210512_Sample_D5_force_time.png,results/plots/210512_Sample_D5_force_extension.png
210512 MRC Sample D6Data.csv,12.05.2021,D,6,98.1,F,52wks,Tm1b Hom,6.351591085,-0.001232010418,False,0.06947222031,44.91778289,120.0486667,11318.90887,0.011318909,14,0.065,5.742602931,8.4,1.176,206.7987265,3.092170809,0.03457142857,788.12,-0.083,0.484,0.6470063931,-4.337667375,87,6.767434901,2.204663836,10.77699182,True,False,True,0.04185582386,0.1059902236,0.04568231303,True,False,True,0.1,0.035,0.065,True,True,True,True,False,True,results/plots/210512_Sample_D6_force_time.png,results/plots/210512_Sample_D6_force_extension.png
210512 MRC Sample D8Data.csv,12.05.2021,D,8,98.1,F,52wks,Tm1b Hom,40.47679264,-0.003704626552,False,0.02597754152,28.50780028,149.178,17478.31017,0.01747831,14.001,0.372,21.28352226,19.24148275,2.694,283.7250215,8.582065429,0.1024212556,800.33,0.047,1.434,0.805009296,-20.44235347,181,47.2000824,1.606982833,85.52737005,True,False,True,0.04224615413,0.1347334978,0.01146953634,True,False,True,0.105,0.03,0.382,True,True,True,True,False,True,results/plots/210512_Sample_D8_force_time.png,results/plots/210512_Sample_D8_force_extension.png
210512 MRC Sample D9Data.csv,12.05.2021,D,9,98.1,F,52wks,Tm1b Hom,9.557172596,-0.001802901809,False,0.01423342543,40.1852458,177.1306667,24642.08186,0.024642082,14,0.115,4.666813462,24.04285714,3.366,83.02105748,2.029049331,0.2401428571,825.09,-0.058,3.362,0.1405638134,-19.23433132,90,2.226197305,3.969692221,7.542134325,False,True,True,0.120483935,0.1209341073,0.03521604584,False,False,True,0.045,0.04,0.14,True,True,True,False,False,True,results/plots/210512_Sample_D9_force_time.png,results/plots/210512_Sample_D9_force_extension.png
210512 MRC Sample E1Data.csv,12.05.2021,E,1,106.2,F,52wks,Tm1b Hom,100,-0.00215855509,True,0.05088072555,41.21948534,93.38266667,6848.925224,0.006848925,14,0.04,5.840332607,8.142857143,1.14,138.1293816,2.190124728,0.06414285714,793.43,-0.088,0.898,0.3330684886,-7.243753155,171,4.848265549,1.424663769,10.90195213,True,False,True,0.05986900373,0.1616858322,0.08027933279,True,False,False,0.06,0.025,0.055,True,True,True,True,False,False,results/plots/210512_Sample_E1_force_time.png,results/plots/210512_Sample_E1_force_extension.png
210512 MRC Sample E10Data.csv,12.05.2021,E,10,106.2,F,52wks,Tm1b Hom,77.03386249,-0.001424329055,False,0.001074361562,4.111226601,144.908,16492.04861,0.016492049,14,0.02,1.212705589,20.63571429,2.889,5.122224023e-14,0.3031763973,0.2053571429,818.85,-0.073,2.875,-5.428571429,0.3031763973,7,0.8931461526,0.8194390954,1.437640817,False,False,False,0.1940189197,0.1939082587,0.1777206846,False,False,False,0.03,0.03,0.025,True,True,True,False,False,False,results/plots/210512_Sample_E10_force_time.png,results/plots/210512_Sample_E10_force_extension.png
210512 MRC Sample E2Data.csv,12.05.2021,E,2,106.2,F,52wks,Tm1b Hom,82.43910188,-0.003439664543,False,0.01191511009,16.8157853,106.1916667,8856.675967,0.008856676,14.001,0.035,3.951821202,18.37011642,2.572,51.76617907,1.693637658,0.02799800014,786.94,-0.103,0.392,0.1606351583,0.2853739212,46,1.022372724,1.283427791,2.062336738,False,False,False,0.1106813643,0.183338245,0.06276018612,False,False,True,0.04,0.025,0.035,True,True,True,False,False,False,results/plots/210512_Sample_E2_force_time.png,results/plots/210512_Sample_E2_force_extension.png
210512 MRC Sample E3Data.csv,12.05.2021,E,3,106.2,F,52wks,Tm1b Hom,2.030790486,-0.0001665882729,False,0.02729195465,41.63747069,134.7043333,14251.25184,0.014251252,14.001,0.095,6.666080987,16.64166845,2.33,166.4061031,2.455924574,0.05221055639,791.23,-0.078,0.731,0.6622439689,-6.646287072,181,12.28145381,1.476906311,17.8779498,True,False,True,0.07322816083,0.1444882687,0.03980670183,True,False,True,0.06,0.03,0.095,True,True,True,True,False,True,results/plots/210512_Sample_E3_force_time.png,results/plots/210512_Sample_E3_force_extension.png
210512 MRC Sample E4Data.csv,12.05.2021,E,4,106.2,F,52wks,Tm1b Hom,53.86761343,-0.002807849889,False,0.002806059982,6.055265835,114.5823333,10311.57975,0.01031158,14,0.005,0.4848917431,0,0,,,,,,,,,0,1.334491229,2.044982697,0.9864646015,False,False,False,0.1794651056,0.1776587377,0.2057419436,False,False,False,0.025,0.025,0.02,True,True,True,False,False,False,results/plots/210512_Sample_E4_force_time.png,results/plots/210512_Sample_E4_force_extension.png
210512 MRC Sample E5Data.csv,12.05.2021,E,5,106.2,F,52wks,Tm1b Hom,100,-0.001234192359,True,0.0003661402512,1.308645614,144.3173333,16357.87451,0.016357875,14.001,0.01,0.6113263489,0,0,,,,,,,,,0,0.9269610047,0.7263358545,0.7023072357,False,False,False,0.1762161767,0.183153593,0.2025912074,False,False,False,0.025,0.025,0.02,True,True,True,False,False,False,results/plots/210512_Sample_E5_force_time.png,results/plots/210512_Sample_E5_force_extension.png
210512 MRC Sample E6Data.csv,12.05.2021,E,6,106.2,F,52wks,Tm1b Hom,24.05824076,-0.002600204347,False,0.006643109382,11.28860647,97.116,7407.496488,0.007407496,14,0.005,0.6749919271,0,0,,,,,,,,,0,1.15006787,1.501419331,1.110712053,False,False,False,0.1466616884,0.1449781643,0.1722766003,False,False,False,0.02,0.02,0.015,True,True,True,False,False,False,results/plots/210512_Sample_E6_force_time.png,results/plots/210512_Sample_E6_force_extension.png
210512 MRC Sample E7Data.csv,12.05.2021,E,7,106.2,F,52wks,Tm1b Hom,55.33807134,-0.002477500726,False,0.007178056432,17.90025961,108.2906667,9210.260978,0.009210261,14.001,0.005,0.5428727807,11.64916792,1.631,0,0,0,781.41,-0.058,0,,0,58,0.9238941302,1.229771494,1.011840761,False,False,False,0.1356021838,0.17075363,0.0729484887,False,False,True,0.02,0.015,0.015,True,True,True,False,False,False,results/plots/210512_Sample_E7_force_time.png,results/plots/210512_Sample_E7_force_extension.png
210512 MRC Sample E8Data.csv,12.05.2021,E,8,106.2,F,52wks,Tm1b Hom,83.53493049,-0.004509985001,False,0.001277499594,4.0166194,133.2276667,13940.51202,0.013940512,14.001,0.01,0.7173337679,0,0,,,,,,,,,0,0.7222429204,0.5149450887,0.6697014297,False,False,False,0.1941839007,0.2332993371,0.2286128256,False,False,False,0.03,0.025,0.025,True,True,True,False,False,False,results/plots/210512_Sample_E8_force_time.png,results/plots/210512_Sample_E8_force_extension.png
210512 MRC Sample E9Data.csv,12.05.2021,E,9,106.2,F,52wks,Tm1b Hom,22.16987806,-0.00174642454,False,0.009443557305,13.33678274,110.7463333,9632.712391,0.009632712,14.001,0.015,1.557193862,0,0,,,,,,,,,0,0.9821606253,0.7852048505,1.352843337,False,False,False,0.1476489811,0.1494905461,0.2026218168,False,False,False,0.04,0.04,0.025,True,True,True,False,False,False,results/plots/210512_Sample_E9_force_time.png,results/plots/210512_Sample_E9_force_extension.png
210513 MRC Sample A1Data.csv,13.05.2021,A,1,63.1,M,18wks,Tm1b Wt,8.021217832,-0.01465578849,False,0.1299470078,40.89075578,141.5053333,15726.62382,0.015726624,14,0.466,29.63128005,9.335714286,1.307,626.4576174,9.855897871,0.02142857143,785.75,0.21,0.3,0.9559782343,-3.244237134,181,20.49312379,27.43176936,90.37882305,True,True,True,0.0187588418,0.02235418879,0.01701731391,True,True,True,0.255,0.2,0.521,True,True,True,True,True,True,results/plots/210513_Sample_A1_force_time.png,results/plots/210513_Sample_A1_force_extension.png
210513 MRC Sample A10Data.csv,13.05.2021,A,10,63.1,M,18wks,Tm1b Wt,11.51003318,-0.007176979667,False,0.03919582357,35.05782285,125.4556667,12361.47932,0.012361479,14,0.08,6.471717502,3.25,0.455,299.0748775,1.617929376,0.01542857143,784.67,0.05,0.216,0.8105296775,-2.649149343,179,28.35669573,14.7531983,11.85242751,True,True,True,0.05976130754,0.06694426336,0.05551878934,True,True,True,0.065,0.065,0.105,True,True,True,True,True,True,results/plots/210513_Sample_A10_force_time.png,results/plots/210513_Sample_A10_force_extension.png
210513 MRC Sample A2Data.csv,13.05.2021,A,2,63.1,M,18wks,Tm1b Wt,28.2266459,-0.0539910311,False,0.1995610341,45.49565236,120.51,11406.07057,0.011406071,14,0.261,22.88255088,4.814285714,0.674,647.2927029,13.15089131,0.02407142857,786.22,0.23,0.337,0.8057385647,-2.696317815,90,33.37650943,20.99489744,176.6826513,True,True,True,0.02319130178,0.02208846435,0.01176005127,True,True,True,0.23,0.17,0.341,True,True,True,True,True,True,results/plots/210513_Sample_A2_force_time.png,results/plots/210513_Sample_A2_force_extension.png
210513 MRC Sample A3Data.csv,13.05.2021,A,3,63.1,M,18wks,Tm1b Wt,5.955182384,-0.0143514669,False,0.1090581744,37.97721584,140.0896667,15413.52905,0.015413529,14.001,0.631,40.93806162,8.320834226,1.165,783.8845189,13.62439452,0.02199842868,785.86,0.22,0.308,0.9760285128,-3.624218095,181,130.0784137,31.04656366,115.9120874,True,True,True,0.01883631537,0.01872420012,0.01949602668,True,True,True,0.275,0.24,0.641,True,True,True,True,True,True,results/plots/210513_Sample_A3_force_time.png,results/plots/210513_Sample_A3_force_extension.png
210513 MRC Sample A4Data.csv,13.05.2021,A,4,63.1,M,18wks,Tm1b Wt,19.57521526,-0.03785165283,False,0.08690546205,39.05457152,138.054,14968.83049,0.01496883,14,0.541,36.14176926,8.942857143,1.252,723.1094857,13.02707025,0.02592857143,786.58,0.215,0.363,0.9756266316,-5.429383474,181,24.26612241,26.59530131,81.49617704,True,True,True,0.02544911333,0.02766096755,0.01744280347,True,True,True,0.205,0.2,0.561,True,True,True,True,True,True,results/plots/210513_Sample_A4_force_time.png,results/plots/210513_Sample_A4_force_extension.png
210513 MRC Sample A5Data.csv,13.05.2021,A,5,63.1,M,18wks,Tm1b Wt,14.27220992,-0.02579590231,False,0.09072389838,48.56356801,165.1256667,21415.04787,0.021415048,14,0.872,40.71903084,11.94285714,1.672,701.6604264,9.339227257,0.02342857143,786.1,0.2,0.328,0.9766125183,-6.967830247,180,30.54574823,118.1371313,369.247301,True,True,True,0.0142038549,0.01366100161,0.01459967726,True,True,True,0.24,0.235,0.872,True,True,True,True,True,True,results/plots/210513_Sample_A5_force_time.png,results/plots/210513_Sample_A5_force_extension.png
210513 MRC Sample A6Data.csv,13.05.2021,A,6,63.1,M,18wks,Tm1b Wt,15.1489889,-0.01296700627,False,0.1017008714,69.23370934,138.7633333,15123.04794,0.015123048,14,0.275,18.18416499,51.21428571,7.17,517.7877665,3.636832998,0.02328571429,786.08,0.055,0.326,0.9429743741,-8.203685,181,46.5807184,40.27477127,102.0828921,True,True,True,0.03071450988,0.0533405776,0.02209391706,True,True,True,0.115,0.08,0.275,True,True,True,True,True,True,results/plots/210513_Sample_A6_force_time.png,results/plots/210513_Sample_A6_force_extension.png
210513 MRC Sample A7Data.csv,13.05.2021,A,7,63.1,M,18wks,Tm1b Wt,4.974407167,-0.01478265025,False,0.1043005687,34.21932161,109.075,9344.161257,0.009344161,14,0.406,43.44959382,6.942857143,0.972,991.0294778,17.12299264,0.02164285714,785.79,0.16,0.303,0.9520215458,-5.608103599,182,60.95722819,53.3827922,211.5998747,True,True,True,0.01783979379,0.02169872479,0.01764047406,True,True,True,0.2,0.18,0.406,True,True,True,True,True,True,results/plots/210513_Sample_A7_force_time.png,results/plots/210513_Sample_A7_force_extension.png
210513 MRC Sample A8Data.csv,13.05.2021,A,8,63.1,M,18wks,Tm1b Wt,3.781569624,-0.00765453272,False,0.1037750881,44.25624696,132.752,13841.14527,0.013841145,14.001,0.636,45.94995573,9.713591886,1.36,862.0308078,15.53339698,0.02871223484,787.06,0.215,0.402,0.9754036481,-8.57081235,181,16.50755611,117.407115,299.3367787,True,True,True,0.02010015397,0.02192173916,0.02114566458,True,True,True,0.2,0.18,0.636,True,True,True,True,True,True,results/plots/210513_Sample_A8_force_time.png,results/plots/210513_Sample_A8_force_extension.png
210513 MRC Sample B1Data.csv,13.05.2021,B,1,54.3,M,18wks,Tm1b Het,47.28184546,-0.003359714062,False,0.004333821326,7.346469838,105.8506667,8799.886626,0.008799887,14,0.175,19.886619,11.02142857,1.543,454.3243987,2.840945571,0.03428571429,788.08,0.05,0.48,0.7610944537,-12.24412611,178,1.746519578,0.9069453685,27.49042427,False,False,True,0.1640976043,0.1862741128,0.0285470045,False,False,True,0.035,0.03,0.19,True,True,True,False,False,True,results/plots/210513_Sample_B1_force_time.png,results/plots/210513_Sample_B1_force_extension.png
210513 MRC Sample B10Data.csv,13.05.2021,B,10,54.3,M,18wks,Tm1b Het,43.88242457,-0.02158290588,False,0.07152179717,89.99762935,108.036,9166.992452,0.009166992,14,0.075,8.181527812,5.207142857,0.729,412.0255596,0.5454351875,0.02071428571,785.62,0.005,0.29,0.6476716736,-7.045701497,119,1.360612275,13.10404353,29.64122895,False,True,True,0.08606079486,0.1022692767,0.03570070714,False,False,True,0.035,0.04,0.075,True,True,True,False,False,True,results/plots/210513_Sample_B10_force_time.png,results/plots/210513_Sample_B10_force_extension.png
210513 MRC Sample B2Data.csv,13.05.2021,B,2,54.3,M,18wks,Tm1b Het,42.17904496,-0.06047265968,False,0.08705496383,52.88639138,102.1473333,8194.905463,0.008194905,14.001,0.28,34.16757119,8.663666881,1.213,721.6910771,9.152027998,0.02642668381,786.6,0.075,0.37,0.8822029681,-10.8653452,181,38.70786322,35.02202983,148.7104061,True,True,True,0.02616560782,0.05227777838,0.01752159309,True,True,True,0.115,0.075,0.28,True,True,True,True,True,True,results/plots/210513_Sample_B2_force_time.png,results/plots/210513_Sample_B2_force_extension.png
210513 MRC Sample B3Data.csv,13.05.2021,B,3,54.3,M,18wks,Tm1b Het,59.6784622,-0.03159884525,False,0.01958316521,28.51761859,125.5256667,12375.27774,0.012375278,14,0.075,6.060469914,4.542857143,0.636,222.4163405,3.232250621,0.02778571429,786.89,0.055,0.389,0.5716520459,-2.914107636,56,7.563369677,6.53360152,8.622042528,True,True,True,0.08152164651,0.07173418083,0.06133463342,False,True,True,0.065,0.065,0.08,True,True,True,False,True,True,results/plots/210513_Sample_B3_force_time.png,results/plots/210513_Sample_B3_force_extension.png
210513 MRC Sample B4Data.csv,13.05.2021,B,4,54.3,M,18wks,Tm1b Het,25.88407782,-0.04132567116,False,0.07419346871,54.83366845,118.8893333,11101.34666,0.011101347,14.001,0.561,50.53440812,9.956431683,1.394,770.9207967,11.71029065,0.03121205628,787.51,0.13,0.437,0.9095271987,-12.34073311,181,11.80157863,55.38288863,307.5002889,True,True,True,0.02854360721,0.02518772941,0.01128480573,True,True,True,0.115,0.115,0.561,True,True,True,True,True,True,results/plots/210513_Sample_B4_force_time.png,results/plots/210513_Sample_B4_force_extension.png
210513 MRC Sample B5Data.csv,13.05.2021,B,5,54.3,M,18wks,Tm1b Het,3.1053314,-0.005801682093,False,0.1073200073,56.13959754,94.458,7007.568844,0.007007569,14,0.436,62.21843838,10.82142857,1.515,962.401946,17.12434084,0.03514285714,788.22,0.125,0.492,0.8831276298,-16.88001888,179,9.353944528,32.90820851,186.9108464,True,True,True,0.03411936112,0.03429721742,0.01106399529,True,True,True,0.085,0.08,0.441,True,True,True,True,True,True,results/plots/210513_Sample_B5_force_time.png,results/plots/210513_Sample_B5_force_extension.png
210513 MRC Sample B6Data.csv,13.05.2021,B,6,54.3,M,18wks,Tm1b Het,52.92653635,-0.02681860323,False,0.04307660024,65.19754611,147.6836667,17129.89948,0.017129899,14,0.746,43.54958544,11.9,1.666,613.7412974,23.40936161,0.06857142857,794.17,0.416,0.96,0.9752962998,-18.6343549,160,7.859085061,9.750479148,107.6121146,True,True,True,0.06549625134,0.07656375073,0.00718880053,True,True,True,0.08,0.075,0.751,True,True,True,True,True,True,results/plots/210513_Sample_B6_force_time.png,results/plots/210513_Sample_B6_force_extension.png
210513 MRC Sample B8Data.csv,13.05.2021,B,8,54.3,M,18wks,Tm1b Het,1.38797814,-0.003175200816,False,0.0772133355,32.02588334,85.71566667,5770.458154,0.005770458,14,0.275,47.65652917,7.785714286,1.09,876.9500223,9.531305834,0.01814285714,785.18,0.055,0.254,0.8816098484,-5.472109724,180,9.334930158,43.8342513,163.8494845,True,True,True,0.02770118354,0.02949739775,0.0176140664,True,True,True,0.115,0.085,0.275,True,True,True,True,True,True,results/plots/210513_Sample_B8_force_time.png,results/plots/210513_Sample_B8_force_extension.png
210513 MRC Sample B9Data.csv,13.05.2021,B,9,54.3,M,18wks,Tm1b Het,7.44945177e-12,-4.011605862e-15,False,0.02460893152,15.77733691,82.381,5330.206079,0.005330206,14.001,0.22,41.27420216,9.556460253,1.338,744.476278,6.566350344,0.02871223484,787.06,0.05,0.402,0.7611223618,-13.8953499,181,3.170323209,3.439003579,39.71813124,True,True,True,0.08205801266,0.1041807599,0.02235632398,False,False,True,0.065,0.04,0.22,True,True,True,False,False,True,results/plots/210513_Sample_B9_force_time.png,results/plots/210513_Sample_B9_force_extension.png
210513 MRC Sample C1Data.csv,13.05.2021,C,1,99.3,M,18wks,Tm1b Hom,12.4503809,-0.01500787721,False,0.03657743177,30.42582084,131.2113333,13521.73993,0.01352174,14.001,0.331,24.4790981,9.699307192,1.358,449.4295421,9.244372396,0.03321191343,787.87,0.135,0.465,0.8252481175,-6.324686811,181,14.74881526,16.48166688,35.35248272,True,True,True,0.04694520721,0.049853122,0.0179177938,True,True,True,0.115,0.115,0.331,True,True,True,True,True,True,results/plots/210513_Sample_C1_force_time.png,results/plots/210513_Sample_C1_force_extension.png
210513 MRC Sample C10Data.csv,13.05.2021,C,10,99.3,M,18wks,Tm1b Hom,19.53580709,-0.04501022223,False,0.06405655723,22.25938754,93.67433333,6891.775205,0.006891775,14.001,0.321,46.57726058,10.37783015,1.453,806.1146531,7.255025012,0.01578458682,784.74,0.13,0.221,0.8684833487,-3.645130795,181,10.37098557,13.21317784,184.5360887,True,True,True,0.04350180386,0.03410496531,0.02936348772,True,True,True,0.13,0.13,0.401,True,True,True,True,True,True,results/plots/210513_Sample_C10_force_time.png,results/plots/210513_Sample_C10_force_extension.png
210513 MRC Sample C2Data.csv,13.05.2021,C,2,99.3,M,18wks,Tm1b Hom,2.07484472,-0.004947189449,False,0.06219076521,23.16497237,92.91966667,6781.178365,0.006781178,14,0.421,62.08360848,11.47142857,1.606,952.5893316,16.9587054,0.02535714286,786.46,0.135,0.355,0.8874398803,-8.110216178,180,62.90396997,15.21968285,62.13495944,True,True,True,0.03873605002,0.03418730685,0.01464936489,True,True,True,0.13,0.12,0.426,True,True,True,True,True,True,results/plots/210513_Sample_C2_force_time.png,results/plots/210513_Sample_C2_force_extension.png
210513 MRC Sample C4Data.csv,13.05.2021,C,4,99.3,M,18wks,Tm1b Hom,14.25088218,-0.01626015195,False,0.06333414684,27.74513829,91.049,6510.888258,0.006510888,14,0.115,17.66272128,7.778571429,1.089,619.9261387,3.071777613,0.01914285714,785.34,0.05,0.268,0.7811210151,-8.200852622,179,8.517851045,7.369588814,16.00246811,True,True,True,0.06510107673,0.07824382726,0.03652121826,True,True,True,0.08,0.07,0.135,True,True,True,True,True,True,results/plots/210513_Sample_C4_force_time.png,results/plots/210513_Sample_C4_force_extension.png
210513 MRC Sample C5Data.csv,13.05.2021,C,5,99.3,M,18wks,Tm1b Hom,73.90150868,-0.01499712316,False,0.04685907581,51.49716506,125.9716667,12463.37414,0.012463374,14.001,0.26,20.86112476,13.49189344,1.889,350.3288205,10.02938691,0.07428040854,795.25,0.14,1.04,0.7617061778,-15.83088989,180,9.248053961,1.765833736,36.68463079,True,False,True,0.08397828459,0.1751225689,0.01759658496,False,False,True,0.065,0.03,0.26,True,True,True,False,False,True,results/plots/210513_Sample_C5_force_time.png,results/plots/210513_Sample_C5_force_extension.png
210513 MRC Sample C6Data.csv,13.05.2021,C,6,99.3,M,18wks,Tm1b Hom,1.617160069,-0.002759256441,False,0.05053987387,26.07594672,107.4113333,9061.291388,0.009061291,14,0.451,49.77215719,14.55,2.037,608.1310002,13.79494379,0.03707142857,788.57,0.14,0.519,0.8481351538,-8.259910024,180,12.21720943,20.74953492,100.7680899,True,True,True,0.04569447598,0.04837020712,0.02601888351,True,True,True,0.115,0.115,0.466,True,True,True,True,True,True,results/plots/210513_Sample_C6_force_time.png,results/plots/210513_Sample_C6_force_extension.png
210513 MRC Sample C7Data.csv,13.05.2021,C,7,99.3,M,18wks,Tm1b Hom,35.94265938,-0.01493969201,False,0.06965458277,48.25773958,93.32133333,6839.931489,0.006839931,14.001,0.13,19.00603968,8.792229126,1.231,612.5537107,2.924006105,0.02921219913,787.16,0.04,0.409,0.7959857465,-13.49540212,181,11.43445996,2.199296846,16.81642959,True,False,True,0.08214915477,0.1940421378,0.03709373275,False,False,True,0.065,0.025,0.135,True,True,True,False,False,True,results/plots/210513_Sample_C7_force_time.png,results/plots/210513_Sample_C7_force_extension.png
210513 MRC Sample C8Data.csv,13.05.2021,C,8,99.3,M,18wks,Tm1b Hom,15.50385234,-0.004162237131,False,0.01555980902,24.14091392,106.617,8927.765978,0.008927766,14,0.16,17.92161667,7.55,1.057,531.0298194,2.800252605,0.027,786.76,0.045,0.378,0.8162276427,-10.84340332,173,1.795525058,2.111006281,23.80565104,False,False,True,0.1813698702,0.1621073078,0.031103673,False,False,True,0.03,0.03,0.17,True,True,True,False,False,True,results/plots/210513_Sample_C8_force_time.png,results/plots/210513_Sample_C8_force_extension.png
210513 MRC Sample C9Data.csv,13.05.2021,C,9,99.3,M,18wks,Tm1b Hom,100,-0.02790605274,True,0.03599239777,87.85788148,86.55233333,5883.658292,0.005883658,14,0.035,5.948680226,2.942857143,0.412,325.1489586,2.549434382,0.028,786.93,0.015,0.392,0.3434787749,-7.034524655,65,3.747318815,4.611046963,11.66709178,True,True,True,0.07526477808,0.1189014811,0.1074722822,True,False,False,0.035,0.02,0.035,True,True,True,True,False,False,results/plots/210513_Sample_C9_force_time.png,results/plots/210513_Sample_C9_force_extension.png
210513 MRC Sample D1Data.csv,13.05.2021,D,1,55.1,F,52wks,Tm1b Het,30.26944081,-0.01376385309,False,0.1239786015,62.4490246,133.2006667,13934.8622,0.013934862,14.001,0.396,28.41793482,11.66345261,1.633,447.7669,16.50536618,0.0717805871,794.8,0.23,1.005,0.6474852659,-15.54811735,87,5.870499094,26.46228171,196.125134,True,True,True,0.02773248375,0.0805820934,0.00863913986,True,False,True,0.14,0.045,0.396,True,True,True,True,False,True,results/plots/210513_Sample_D1_force_time.png,results/plots/210513_Sample_D1_force_extension.png
210513 MRC Sample D10Data.csv,13.05.2021,D,10,55.1,F,52wks,Tm1b Het,8.543810849,-0.006372198186,False,0.0622680458,43.26996456,89.071,6231.068673,0.006231069,14,0.075,12.03645795,9.057142857,1.268,208.5905174,3.20972212,0.02185714286,785.82,0.02,0.306,0.3015437923,-0.9482612439,181,1.87918403,15.91642332,7.609419249,False,True,True,0.1277965672,0.1223055904,0.06621983113,False,False,True,0.04,0.04,0.075,True,True,True,False,False,True,results/plots/210513_Sample_D10_force_time.png,results/plots/210513_Sample_D10_force_extension.png
210513 MRC Sample D2Data.csv,13.05.2021,D,2,55.1,F,52wks,Tm1b Het,4.242460499,-0.01322177957,False,0.1321297804,32.28214987,124.5013333,12174.12863,0.012174129,14,0.696,57.17041441,9.05,1.267,975.5323925,21.0281984,0.02621428571,786.62,0.356,0.367,0.9605057944,-5.572687254,180,22.84459473,33.23009147,112.1207199,True,True,True,0.0189992786,0.01863854693,0.01189180386,True,True,True,0.291,0.261,0.796,True,True,True,True,True,True,results/plots/210513_Sample_D2_force_time.png,results/plots/210513_Sample_D2_force_extension.png
210513 MRC Sample D3Data.csv,13.05.2021,D,3,55.1,F,52wks,Tm1b Het,96.81224364,-0.04722869851,False,0.01742881449,29.12510605,110.1306667,9525.908772,0.009525909,14.001,0.2,20.99537168,12.2848368,1.72,574.4322631,12.07233871,0.08470823513,797.12,0.115,1.186,0.7289187706,-36.67949824,92,14.88369736,19.04965312,110.0407037,True,True,True,0.06389966145,0.07068536968,0.01848842116,True,True,True,0.045,0.04,0.2,True,True,True,True,True,True,results/plots/210513_Sample_D3_force_time.png,results/plots/210513_Sample_D3_force_extension.png
210513 MRC Sample D4Data.csv,13.05.2021,D,4,55.1,F,52wks,Tm1b Het,94.11660371,-0.005801147413,False,0.06733590101,71.73073852,116.664,10689.65298,0.010689653,14.001,0.175,16.37097107,12.49910721,1.75,367.9436581,4.677420305,0.04492536247,789.97,0.05,0.629,0.7463713742,-11.62218545,180,4.091240873,5.115570681,98.79054867,True,True,True,0.05995748391,0.1099084482,0.01807389281,True,False,True,0.045,0.02,0.175,True,True,True,True,False,True,results/plots/210513_Sample_D4_force_time.png,results/plots/210513_Sample_D4_force_extension.png
210513 MRC Sample D5Data.csv,13.05.2021,D,5,55.1,F,52wks,Tm1b Het,10.99073283,-0.01851910224,False,0.07438584833,31.86619382,116.1706667,10599.43815,0.010599438,14,0.451,42.54942573,10.11428571,1.416,789.7704392,19.81237118,0.03764285714,788.66,0.235,0.527,0.9564266524,-10.44335182,181,51.18661863,16.22243132,74.01969372,True,True,True,0.0345642854,0.03749121462,0.01072056801,True,True,True,0.16,0.14,0.466,True,True,True,True,True,True,results/plots/210513_Sample_D5_force_time.png,results/plots/210513_Sample_D5_force_extension.png
210513 MRC Sample D6Data.csv,13.05.2021,D,6,55.1,F,52wks,Tm1b Het,13.22899464,-0.007239353926,False,0.1310454014,39.5137689,95.01866667,7091.004244,0.007091004,14,0.155,21.85868179,8.007142857,1.121,576.2494556,6.346068906,0.03135714286,787.54,0.05,0.439,0.7683362999,-10.88597592,179,5.18704237,3.497290868,26.28111495,True,True,True,0.04470047651,0.1088238518,0.03055662884,True,False,True,0.115,0.04,0.16,True,True,True,True,False,True,results/plots/210513_Sample_D6_force_time.png,results/plots/210513_Sample_D6_force_extension.png
210513 MRC Sample D7Data.csv,13.05.2021,D,7,55.1,F,52wks,Tm1b Het,14.54144417,-0.006462419604,False,0.07188127268,54.70738433,116.2463333,10613.25032,0.01061325,14.001,0.19,17.90215061,11.32061996,1.585,374.912867,10.36440299,0.07685165345,795.72,0.12,1.076,0.736394756,-19.3773789,177,9.162672605,10.92292231,45.36583833,True,True,True,0.06139954295,0.1256800806,0.02375897081,True,False,True,0.08,0.04,0.2,True,True,True,True,False,True,results/plots/210513_Sample_D7_force_time.png,results/plots/210513_Sample_D7_force_extension.png
210513 MRC Sample D8Data.csv,13.05.2021,D,8,55.1,F,52wks,Tm1b Het,14.58627688,-0.0428145663,False,0.1605739372,41.49321702,115.5876667,10493.31899,0.010493319,14.001,0.461,43.93271566,7.399471466,1.036,910.5950498,14.29480987,0.02178415827,785.82,0.23,0.305,0.9696627038,-5.429028217,181,16.57692969,56.50091189,311.9605121,True,True,True,0.02266434542,0.01540481485,0.005966475325,True,True,True,0.21,0.205,0.541,True,True,True,True,True,True,results/plots/210513_Sample_D8_force_time.png,results/plots/210513_Sample_D8_force_extension.png
210513 MRC Sample D9Data.csv,13.05.2021,D,9,55.1,F,52wks,Tm1b Het,41.31907479,-0.04607986043,False,0.1302458817,51.3188943,78.90633333,4890.053459,0.004890053,14,0.155,31.69699797,12.38571429,1.734,784.3938621,10.22483805,0.04464285714,789.93,0.05,0.625,0.7635435694,-24.07716172,180,6.477231931,14.86615219,75.75587863,True,True,True,0.03832367583,0.1042148828,0.02215968172,True,False,True,0.08,0.04,0.155,True,True,True,True,False,True,results/plots/210513_Sample_D9_force_time.png,results/plots/210513_Sample_D9_force_extension.png
210513 MRC Sample E1Data.csv,13.05.2021,E,1,55.3,F,52wks,Tm1b Het,70.65498024,-0.006982975644,False,0.00380736765,7.18881085,115.0493333,10395.80427,0.010395804,14,0.255,24.52912733,12.92142857,1.809,459.4351201,12.5050453,0.08657142857,797.45,0.155,1.212,0.7984011555,-28.23494366,181,1.192960172,0.6337600352,36.65897072,False,False,True,0.1678518268,0.1665101404,0.01760853234,False,False,True,0.035,0.035,0.27,True,True,True,False,False,True,results/plots/210513_Sample_E1_force_time.png,results/plots/210513_Sample_E1_force_extension.png
210513 MRC Sample E10Data.csv,13.05.2021,E,10,55.3,F,52wks,Tm1b Het,38.93979336,-0.001352517993,False,0.007254437509,17.12050486,143.1056667,16084.35108,0.016084351,14,0.025,1.554305797,3.914285714,0.548,34.30263264,0.6217223188,0.03478571429,788.16,0.025,0.487,0.09850825602,-0.6275934043,32,1.267528814,0.7237012064,2.306180355,False,False,False,0.1485317407,0.1491592714,0.1296050004,False,False,False,0.04,0.04,0.04,True,True,True,False,False,False,results/plots/210513_Sample_E10_force_time.png,results/plots/210513_Sample_E10_force_extension.png
210513 MRC Sample E2Data.csv,13.05.2021,E,2,55.3,F,52wks,Tm1b Het,8.260107732,-0.01363007832,False,0.03245179046,19.44640674,125.2486667,12320.72046,0.01232072,14,0.316,25.64785175,7.114285714,0.996,493.0278527,8.928049659,0.02385714286,786.19,0.19,0.334,0.868031939,-2.450520104,180,12.20855346,45.03313708,232.9503479,True,True,True,0.02460645924,0.02484620668,0.03149756238,True,True,True,0.135,0.135,0.391,True,True,True,True,True,True,results/plots/210513_Sample_E2_force_time.png,results/plots/210513_Sample_E2_force_extension.png
210513 MRC Sample E3Data.csv,13.05.2021,E,3,55.3,F,52wks,Tm1b Het,1.162339335,-0.00211061855,False,0.1036950258,40.61724157,105.5396667,8748.25267,0.008748253,14,0.341,38.97921105,7.864285714,1.101,828.6778481,22.86170736,0.04342857143,789.71,0.225,0.608,0.7810035517,-12.22174358,70,35.19116177,14.42325595,50.95261051,True,True,True,0.040777784,0.03505933151,0.01122248941,True,True,True,0.125,0.12,0.371,True,True,True,True,True,True,results/plots/210513_Sample_E3_force_time.png,results/plots/210513_Sample_E3_force_extension.png
210513 MRC Sample E4Data.csv,13.05.2021,E,4,55.3,F,52wks,Tm1b Het,26.7366918,-0.000801550782,False,0.0006888974577,9.602023419,114.8153333,10353.55901,0.010353559,14,0.14,13.52192034,12.17857143,1.705,376.7673899,4.346331537,0.07014285714,794.51,0.045,0.982,0.7759269806,-21.3447438,180,6.755645275,8.319474828,73.09726316,True,True,True,0.09903118849,0.1224654488,0.03349103891,False,False,True,0.03,0.03,0.14,True,True,True,False,False,True,results/plots/210513_Sample_E4_force_time.png,results/plots/210513_Sample_E4_force_extension.png
210513 MRC Sample E5Data.csv,13.05.2021,E,5,55.3,F,52wks,Tm1b Het,22.90354525,-0.05989489742,False,0.06677559537,27.14040758,89.765,6328.546155,0.006328546,14.001,0.411,64.94382754,10.25641026,1.436,1015.383002,18.96170147,0.03456895936,788.12,0.135,0.484,0.8876521958,-16.8271895,181,10.41342328,30.05790322,71.14674394,True,True,True,0.0447407072,0.03323392072,0.01796356959,True,True,True,0.115,0.115,0.426,True,True,True,True,True,True,results/plots/210513_Sample_E5_force_time.png,results/plots/210513_Sample_E5_force_extension.png
210513 MRC Sample E6Data.csv,13.05.2021,E,6,55.3,F,52wks,Tm1b Het,5.275952401,-0.002112912326,False,0.0462190625,65.58650409,110.9723333,9672.067451,0.009672067,14.001,0.15,15.50857743,11.9348618,1.671,390.8750628,4.135620649,0.04042568388,789.16,0.05,0.566,0.7954832383,-11.37468898,181,1.049785736,5.795000231,22.04267642,False,True,True,0.1378050365,0.153742668,0.03058353111,False,False,True,0.04,0.035,0.155,True,True,True,False,False,True,results/plots/210513_Sample_E6_force_time.png,results/plots/210513_Sample_E6_force_extension.png
210513 MRC Sample E7Data.csv,13.05.2021,E,7,55.3,F,52wks,Tm1b Het,10.22764001,-0.01067333241,False,0.0511534077,46.53336774,110.6546667,9616.772675,0.009616773,14,0.501,52.09647769,14.37142857,2.012,665.4863959,11.43834839,0.041,789.27,0.135,0.574,0.8387437966,-16.92335066,180,6.230940273,10.58724424,73.6180109,True,True,True,0.06151321262,0.07094259078,0.02248346667,True,True,True,0.075,0.075,0.526,True,True,True,True,True,True,results/plots/210513_Sample_E7_force_time.png,results/plots/210513_Sample_E7_force_extension.png
210513 MRC Sample E8Data.csv,13.05.2021,E,8,55.3,F,52wks,Tm1b Het,33.04524736,-0.006172966728,False,0.01724653141,16.21194914,96.77466667,7355.51778,0.007355518,14.001,0.531,72.19070091,20.44139704,2.862,752.8154419,16.99404447,0.06542389829,793.65,0.145,0.916,0.8583325008,-32.25094689,181,1.832056378,1.19137633,83.5299111,False,False,True,0.1235714281,0.1594702885,0.02403801547,False,False,True,0.045,0.035,0.546,True,True,True,False,False,True,results/plots/210513_Sample_E8_force_time.png,results/plots/210513_Sample_E8_force_extension.png
210513 MRC Sample E9Data.csv,13.05.2021,E,9,55.3,F,52wks,Tm1b Het,5.84569213,-0.002729490525,False,0.05373532359,62.21270786,110.71,9626.392889,0.009626393,14.001,0.17,17.65978181,14.9917863,2.099,384.7495281,4.674648126,0.05042496965,790.97,0.05,0.706,0.759929599,-14.33862972,181,1.589138643,8.991707141,56.99339351,False,True,True,0.09769666032,0.1412652024,0.02668159151,False,False,True,0.04,0.035,0.175,True,True,True,False,False,True,results/plots/210513_Sample_E9_force_time.png,results/plots/210513_Sample_E9_force_extension.png
210514 MRC Sample A1Data.csv,14.05.2021,A,1,100.1,M,18wks,Tm1b Wt,36.95583954,-0.03889758733,False,0.06029024945,45.91258588,127.4766667,12762.95621,0.012762956,14.001,0.28,21.93849137,10.10642097,1.415,565.5555008,7.443416713,0.02742661238,786.83,0.095,0.384,0.9137949916,-8.622465233,180,9.799914395,55.8422274,190.5242367,True,True,True,0.02852096418,0.0551199624,0.01482470287,True,True,True,0.11,0.08,0.28,True,True,True,True,True,True,results/plots/210514_Sample_A1_force_time.png,results/plots/210514_Sample_A1_force_extension.png
210514 MRC Sample A10Data.csv,14.05.2021,A,10,100.1,M,18wks,Tm1b Wt,21.55187923,-0.02748504441,False,0.07694431547,40.72180412,106.8343333,8964.200663,0.008964201,14.001,0.155,17.29100006,7.185201057,1.006,483.8900661,3.904419368,0.01285622456,784.21,0.02,0.18,0.8176030191,-2.722542293,180,46.89528356,12.56901017,23.17023901,True,True,True,0.0519220734,0.04268916016,0.02875028626,True,True,True,0.1,0.1,0.165,True,True,True,True,True,True,results/plots/210514_Sample_A10_force_time.png,results/plots/210514_Sample_A10_force_extension.png
210514 MRC Sample A2Data.csv,14.05.2021,A,2,100.1,M,18wks,Tm1b Wt,5.566440568,-0.006196633493,False,0.152290722,52.2675247,109.8913333,9484.550794,0.009484551,14,0.115,12.12498093,3.807142857,0.533,508.1749346,5.798903923,0.02128571429,785.72,0.09,0.298,0.7102013532,-5.862637041,153,8.333729491,10.20782346,17.93797624,True,True,True,0.03408607309,0.05945765377,0.02095115118,True,True,True,0.145,0.095,0.15,True,True,True,True,True,True,results/plots/210514_Sample_A2_force_time.png,results/plots/210514_Sample_A2_force_extension.png
210514 MRC Sample A3Data.csv,14.05.2021,A,3,100.1,M,18wks,Tm1b Wt,14.36446756,-0.03424017718,False,0.1132396866,38.81668003,91.19566667,6531.881337,0.006531881,14,0.3,45.92857708,10.12142857,1.417,1021.036135,13.77857312,0.02271428571,785.98,0.09,0.318,0.8810517105,-10.00910807,180,14.40746819,63.57093004,203.2307659,True,True,True,0.02805609709,0.03309267035,0.00816815676,True,True,True,0.12,0.105,0.305,True,True,True,True,True,True,results/plots/210514_Sample_A3_force_time.png,results/plots/210514_Sample_A3_force_extension.png
210514 MRC Sample A4Data.csv,14.05.2021,A,4,100.1,M,18wks,Tm1b Wt,34.89548947,-0.03965894331,False,0.05400366445,32.29894634,120.541,11411.93952,0.01141194,14,0.205,17.96364159,8.6,1.204,495.7968411,10.51530239,0.04228571429,789.5,0.11,0.592,0.5666340098,-10.46101802,88,55.70600396,13.05051631,31.54280272,True,True,True,0.04684619432,0.04692141962,0.02510205887,True,True,True,0.11,0.105,0.225,True,True,True,True,True,True,results/plots/210514_Sample_A4_force_time.png,results/plots/210514_Sample_A4_force_extension.png
210514 MRC Sample A5Data.csv,14.05.2021,A,5,100.1,M,18wks,Tm1b Wt,8.808631025,-0.009893501563,False,0.08144336917,39.14409931,139.072,15190.40252,0.015190403,14,0.41,26.99072566,14.17857143,1.985,434.5212795,4.279017482,0.01671428571,784.91,0.09,0.234,0.8922738626,-2.810866616,181,14.27543653,16.62519702,68.5969631,True,True,True,0.02886871383,0.03315705253,0.01488079035,True,True,True,0.185,0.14,0.46,True,True,True,True,True,True,results/plots/210514_Sample_A5_force_time.png,results/plots/210514_Sample_A5_force_extension.png
210514 MRC Sample A6Data.csv,14.05.2021,A,6,100.1,M,18wks,Tm1b Wt,-3.679999331,0.003046870226,False,0.01492626225,15.74406939,132.9246667,13877.17424,0.013877174,14,0.53,38.19221406,17.73571429,2.483,608.4143625,6.845774219,0.03071428571,787.42,0.09,0.43,0.936124033,-11.67906759,181,15.7687531,21.57709579,197.3760443,True,True,True,0.0328455208,0.04851271472,0.01125676962,True,True,True,0.11,0.095,0.535,True,True,True,True,True,True,results/plots/210514_Sample_A6_force_time.png,results/plots/210514_Sample_A6_force_extension.png
210514 MRC Sample A7Data.csv,14.05.2021,A,7,100.1,M,18wks,Tm1b Wt,25.19331797,-0.0350634616,False,0.07477648086,43.29720769,141.1113333,15639.16897,0.015639169,14.001,0.435,27.81477712,7.278051568,1.019,646.1609142,6.074491554,0.02228412256,785.9,0.095,0.312,0.9672233152,-8.106280475,180,20.42691447,34.80487443,161.4484743,True,True,True,0.01995744855,0.02436596162,0.01229190894,True,True,True,0.18,0.155,0.445,True,True,True,True,True,True,results/plots/210514_Sample_A7_force_time.png,results/plots/210514_Sample_A7_force_extension.png
210514 MRC Sample A8Data.csv,14.05.2021,A,8,100.1,M,18wks,Tm1b Wt,0.9594616643,-0.0009339835697,False,0.01924769134,19.39174327,127.106,12688.84186,0.012688842,14,0.56,44.13326291,17.63571429,2.469,647.3445641,6.698798834,0.03078571429,787.44,0.08,0.431,0.9075000368,-12.33071609,180,16.42921894,13.09069688,81.69830321,True,True,True,0.04281174304,0.05600854883,0.01286468278,True,True,True,0.13,0.105,0.58,True,True,True,True,True,True,results/plots/210514_Sample_A8_force_time.png,results/plots/210514_Sample_A8_force_extension.png
210514 MRC Sample A9Data.csv,14.05.2021,A,9,100.1,M,18wks,Tm1b Wt,32.06091662,-0.06703395781,False,0.1337624018,37.16375443,98.24933333,7581.394671,0.007581395,14,0.31,40.88957243,12.71428571,1.78,823.923066,11.21165696,0.01957142857,785.42,0.095,0.274,0.872295833,-5.821100978,180,11.03757523,16.10478737,54.1421904,True,True,True,0.03429836092,0.04193715631,0.02727326737,True,True,True,0.16,0.12,0.34,True,True,True,True,True,True,results/plots/210514_Sample_A9_force_time.png,results/plots/210514_Sample_A9_force_extension.png
210514 MRC Sample B1Data.csv,14.05.2021,B,1,57.2,M,18wks,Tm1b Het,100,-0.005217129469,True,0.02987462346,39.934829,128.9063333,13050.83779,0.013050838,14,0.125,9.577929019,15.11428571,2.116,290.298875,0.7662343215,0.04264285714,789.57,0.005,0.597,0.612597609,-11.45629013,98,4.85891149,0.5385269674,18.48432922,True,False,True,0.08035239401,0.1922282818,0.02872144709,False,False,True,0.07,0.03,0.145,True,True,True,False,False,True,results/plots/210514_Sample_B1_force_time.png,results/plots/210514_Sample_B1_force_extension.png
210514 MRC Sample B10Data.csv,14.05.2021,B,10,57.2,M,18wks,Tm1b Het,23.01125434,-0.04028310508,False,0.036587974,21.12661878,126.7796667,12623.77057,0.012623771,14.001,0.485,38.4195816,10.39211485,1.455,616.5609592,15.84312643,0.03506892365,788.2,0.195,0.491,0.9332955708,-6.015184594,180,88.86141747,20.05652357,76.66896826,True,True,True,0.02723690073,0.03558590412,0.01448680475,True,True,True,0.165,0.145,0.505,True,True,True,True,True,True,results/plots/210514_Sample_B10_force_time.png,results/plots/210514_Sample_B10_force_extension.png
210514 MRC Sample B3Data.csv,14.05.2021,B,3,57.2,M,18wks,Tm1b Het,35.91490593,-0.01984244676,False,0.04291620272,45.33487851,176.264,24401.53373,0.024401534,14,0.2,8.196206025,5.707142857,0.799,317.8524614,3.688292711,0.02721428571,786.8,0.09,0.381,0.8451140691,-4.913876135,132,30.62556112,42.65632961,106.2909246,True,True,True,0.0230706677,0.04653538563,0.0196755738,True,True,True,0.13,0.09,0.21,True,True,True,True,True,True,results/plots/210514_Sample_B3_force_time.png,results/plots/210514_Sample_B3_force_extension.png
210514 MRC Sample B4Data.csv,14.05.2021,B,4,57.2,M,18wks,Tm1b Het,25.63645658,-0.05315821324,False,0.05127300328,26.440155,111.562,9775.128251,0.009775128,14,0.52,53.19623436,13.50714286,1.891,791.4094938,9.718542816,0.02035714286,785.57,0.095,0.285,0.9190988376,-7.047150943,180,13.23602223,54.36932226,355.1006521,True,True,True,0.02064732519,0.03307388319,0.023469314,True,True,True,0.15,0.13,0.54,True,True,True,True,True,True,results/plots/210514_Sample_B4_force_time.png,results/plots/210514_Sample_B4_force_extension.png
210514 MRC Sample B5Data.csv,14.05.2021,B,5,57.2,M,18wks,Tm1b Het,100,-0.003231070674,True,0.0272655651,22.45177259,93.29266667,6835.729922,0.00683573,14.001,0.125,18.28626935,9.813584744,1.374,819.2296049,1.462901548,0.03349760731,787.92,0.005,0.469,0.7076910955,-26.2043334,95,5.446516056,1.407008833,19.3155993,True,False,True,0.07930264258,0.1564230456,0.03341867243,True,False,True,0.07,0.035,0.145,True,True,True,True,False,True,results/plots/210514_Sample_B5_force_time.png,results/plots/210514_Sample_B5_force_extension.png
210514 MRC Sample B6Data.csv,14.05.2021,B,6,57.2,M,18wks,Tm1b Het,14.00605323,-0.009487764115,False,0.04561306814,45.30152429,150.64,17822.57682,0.017822577,14.001,0.245,13.74660915,6.94236126,0.972,345.0346025,5.610860876,0.03285479609,787.8,0.095,0.46,0.8632081741,-6.192836704,180,9.259636849,25.55827736,104.0832843,True,True,True,0.03612280081,0.04812423399,0.01582198979,True,True,True,0.1,0.095,0.265,True,True,True,True,True,True,results/plots/210514_Sample_B6_force_time.png,results/plots/210514_Sample_B6_force_extension.png
210514 MRC Sample B7Data.csv,14.05.2021,B,7,57.2,M,18wks,Tm1b Het,8.815451355,-0.02791217983,False,0.1650776516,39.50291253,100.6443333,7955.519342,0.007955519,14.001,0.405,50.90805515,7.756588815,1.086,1123.464695,19.48332975,0.02221269909,785.9,0.195,0.311,0.9528687486,-6.194400478,181,16.24262578,39.71046874,104.9150462,True,True,True,0.02690716244,0.0226993553,0.00987725386,True,True,True,0.2,0.165,0.46,True,True,True,True,True,True,results/plots/210514_Sample_B7_force_time.png,results/plots/210514_Sample_B7_force_extension.png
210514 MRC Sample B8Data.csv,14.05.2021,B,8,57.2,M,18wks,Tm1b Het,9.733054781,-0.01877941497,False,0.08598491918,32.5202989,115.0883333,10402.85351,0.010402854,14,0.315,30.28015197,7.378571429,1.033,637.0482005,11.53529599,0.025,786.39,0.16,0.35,0.8976321549,-4.149121178,181,75.65516032,83.53502052,85.40238182,True,True,True,0.02989099778,0.02806481758,0.01495660988,True,True,True,0.165,0.135,0.37,True,True,True,True,True,True,results/plots/210514_Sample_B8_force_time.png,results/plots/210514_Sample_B8_force_extension.png
210514 MRC Sample B9Data.csv,14.05.2021,B,9,57.2,M,18wks,Tm1b Het,1.645543106,-0.0008896171213,False,0.02988477885,31.45495147,142.808,16017.50821,0.016017508,14.001,0.135,8.428277358,5.742446968,0.804,292.4953409,2.809425786,0.01857010214,785.23,0.03,0.26,0.8476060692,-3.273152917,180,28.93407913,7.797229459,20.53805308,True,True,True,0.04959848268,0.06241097471,0.0323163826,True,True,True,0.105,0.07,0.15,True,True,True,True,True,True,results/plots/210514_Sample_B9_force_time.png,results/plots/210514_Sample_B9_force_extension.png
210514 MRC Sample C1Data.csv,14.05.2021,C,1,99.4,M,18wks,Tm1b Hom,100,-0.006881470798,True,0.04635730421,44.85572595,138.7983333,15130.67781,0.015130678,14,0.08,5.28727133,7.742857143,1.084,202.3957658,0.9913633745,0.03728571429,788.6,0.01,0.522,0.7938168098,-6.452232445,179,7.356219339,1.032180927,12.75160591,True,False,True,0.0694502149,0.2307801895,0.04214955895,True,False,True,0.08,0.025,0.105,True,True,True,True,False,True,results/plots/210514_Sample_C1_force_time.png,results/plots/210514_Sample_C1_force_extension.png
210514 MRC Sample C10Data.csv,14.05.2021,C,10,99.4,M,18wks,Tm1b Hom,32.52876651,-0.04909984939,False,0.03836193673,38.03157377,115.197,10422.50758,0.010422508,14,0.325,31.18251384,11.24285714,1.574,491.0540262,6.236502769,0.02064285714,785.61,0.1,0.289,0.84431288,-3.613265255,180,24.07245443,15.20950499,55.21175374,True,True,True,0.03619527358,0.04346158451,0.03086191574,True,True,True,0.125,0.12,0.37,True,True,True,True,True,True,results/plots/210514_Sample_C10_force_time.png,results/plots/210514_Sample_C10_force_extension.png
210514 MRC Sample C2Data.csv,14.05.2021,C,2,99.4,M,18wks,Tm1b Hom,59.16267199,-0.02484425392,False,0.01748710193,12.87924013,85.59433333,5754.13317,0.005754133,14,0.21,36.49550679,14.75714286,2.066,960.7700958,2.606821914,0.03378571429,787.98,0.005,0.473,0.6482108773,-29.61755818,90,3.150354135,2.284460882,41.39209632,True,False,True,0.07895480067,0.1348699725,0.0239163149,True,False,True,0.07,0.04,0.235,True,True,True,True,False,True,results/plots/210514_Sample_C2_force_time.png,results/plots/210514_Sample_C2_force_extension.png
210514 MRC Sample C3Data.csv,14.05.2021,C,3,99.4,M,18wks,Tm1b Hom,36.56394902,-0.03108240494,False,0.05549651654,37.71916745,101.0783333,8024.279096,0.008024279,14,0.185,23.05503086,7.878571429,1.103,556.2727584,6.854198365,0.02371428571,786.16,0.03,0.332,0.7960764921,-8.015241475,180,17.78014565,6.440235751,24.76790568,True,True,True,0.07572958868,0.0935789683,0.02405572578,True,False,True,0.07,0.06,0.185,True,True,True,True,False,True,results/plots/210514_Sample_C3_force_time.png,results/plots/210514_Sample_C3_force_extension.png
210514 MRC Sample C4Data.csv,14.05.2021,C,4,99.4,M,18wks,Tm1b Hom,-4.565691923,0.005608440018,False,0.05533792935,27.48523119,102.685,8281.40256,0.008281403,14.001,0.475,57.35743086,15.38461538,2.154,693.6432274,12.67901103,0.02964073995,787.23,0.09,0.415,0.8047394567,-8.543199176,181,8.185374281,20.31982841,105.6216467,True,True,True,0.03884765568,0.04731915309,0.01100826558,True,True,True,0.1,0.1,0.485,True,True,True,True,True,True,results/plots/210514_Sample_C4_force_time.png,results/plots/210514_Sample_C4_force_extension.png
210514 MRC Sample C5Data.csv,14.05.2021,C,5,99.4,M,18wks,Tm1b Hom,13.07713448,-0.003833393591,False,0.06488924969,52.77338729,116.5913333,10676.34057,0.010676341,14,0.415,38.87099522,14.37142857,2.012,482.2653659,10.30315536,0.05835714286,792.39,0.09,0.817,0.7812264652,-16.46169337,179,17.35885736,3.76600758,66.20639025,True,True,True,0.07843131825,0.118435715,0.01093001057,True,False,True,0.07,0.04,0.425,True,True,True,True,False,True,results/plots/210514_Sample_C5_force_time.png,results/plots/210514_Sample_C5_force_extension.png
210514 MRC Sample C7Data.csv,14.05.2021,C,7,99.4,M,18wks,Tm1b Hom,15.98195119,-0.008445211784,False,0.04260363531,42.3677562,118.646,11055.95045,0.01105595,14,0.305,27.58695544,14,1.96,407.5778551,10.40163894,0.05685714286,792.12,0.11,0.796,0.7831594273,-13.23571458,179,36.16617382,12.73169967,68.65210481,True,True,True,0.03967425252,0.07798605918,0.01412206924,True,True,True,0.08,0.055,0.315,True,True,True,True,True,True,results/plots/210514_Sample_C7_force_time.png,results/plots/210514_Sample_C7_force_extension.png
210514 MRC Sample C8Data.csv,14.05.2021,C,8,99.4,M,18wks,Tm1b Hom,52.5928776,-0.004214910415,False,0.01033592642,26.56939157,141.0233333,15619.66923,0.015619669,14.001,0.045,2.880982945,6.035283194,0.845,132.9744419,0.6402184323,0.04078280123,789.23,0.005,0.571,0.7256404054,-4.568750704,133,1.292744646,2.049091425,8.413913489,False,False,True,0.1539593436,0.1716634379,0.0614280948,False,False,True,0.03,0.025,0.065,True,True,True,False,False,True,results/plots/210514_Sample_C8_force_time.png,results/plots/210514_Sample_C8_force_extension.png
210514 MRC Sample C9Data.csv,14.05.2021,C,9,99.4,M,18wks,Tm1b Hom,7.436941906e-12,-1.64683082e-16,False,0.0526176998,63.04977362,118.9823333,11118.72129,0.011118721,14.001,0.035,3.147844073,4.956788801,0.694,93.69671798,0.8993840209,0.03049782158,787.39,0.01,0.427,0.2690748,-2.360430473,84,19.80873522,1.106210004,11.882613,True,False,True,0.05223220462,0.132794292,0.08318912139,True,False,False,0.05,0.015,0.045,True,True,True,True,False,False,results/plots/210514_Sample_C9_force_time.png,results/plots/210514_Sample_C9_force_extension.png
210514 MRC Sample D1Data.csv,14.05.2021,D,1,56.2,F,52wks,Tm1b Het,11.16041741,-0.004116797223,False,0.05778577797,66.08145315,157.515,19486.49437,0.019486494,14.001,0.961,49.31620845,11.84201128,1.658,660.4296262,17.96115812,0.05563888294,791.9,0.345,0.779,0.9686540561,-18.53201047,181,20.57464111,6.601291553,153.4588598,True,True,True,0.05272763664,0.08801930205,0.02157152763,True,False,True,0.105,0.065,0.986,True,True,True,True,False,True,results/plots/210514_Sample_D1_force_time.png,results/plots/210514_Sample_D1_force_extension.png
210514 MRC Sample D10Data.csv,14.05.2021,D,10,56.2,F,52wks,Tm1b Het,6.476060143,-0.01410022674,False,0.09753997049,30.05736192,107.0393333,8998.63574,0.008998636,14,0.355,39.45042338,7.214285714,1.01,847.2566156,16.66919298,0.02807142857,786.95,0.19,0.393,0.9480987072,-7.416812912,181,14.76106973,31.64889602,239.86684,True,True,True,0.02913315097,0.0213908411,0.008024597105,True,True,True,0.17,0.135,0.395,True,True,True,True,True,True,results/plots/210514_Sample_D10_force_time.png,results/plots/210514_Sample_D10_force_extension.png
210514 MRC Sample D2Data.csv,14.05.2021,D,2,56.2,F,52wks,Tm1b Het,37.96121923,-0.007597448484,False,0.08853858308,55.36285755,115.056,10397.0091,0.010397009,14,0.135,12.98450352,14.97142857,2.096,245.6378084,2.40453769,0.0385,788.83,0.01,0.539,0.6510170575,-6.595375753,179,3.505767532,2.069676662,26.49078651,True,False,True,0.05771562783,0.1454551463,0.02827444372,True,False,True,0.09,0.025,0.14,True,True,True,True,False,True,results/plots/210514_Sample_D2_force_time.png,results/plots/210514_Sample_D2_force_extension.png
210514 MRC Sample D3Data.csv,14.05.2021,D,3,56.2,F,52wks,Tm1b Het,7.423316002e-12,-3.811765718e-16,False,0.1198471514,61.88405219,95.83166667,7212.867661,0.007212868,14.001,0.105,14.55731617,10.64923934,1.491,642.5478487,1.386411064,0.02628383687,786.62,0.005,0.368,0.5323681573,-14.83331293,91,7.349955448,1.251852593,43.26562032,True,False,True,0.03346622551,0.09603251655,0.03929781819,True,False,True,0.085,0.015,0.105,True,True,True,True,False,True,results/plots/210514_Sample_D3_force_time.png,results/plots/210514_Sample_D3_force_extension.png
210514 MRC Sample D4Data.csv,14.05.2021,D,4,56.2,F,52wks,Tm1b Het,,0,False,0.05520905681,53.20787004,91.599,6589.78653,0.006589787,14,0.14,21.24499623,14.98571429,2.098,592.1003426,10.62249812,0.09871428571,799.64,0.07,1.382,0.7820643779,-48.30234161,180,21.92796837,0.6152456129,88.63966611,True,False,True,0.0389177609,0.03817562728,0.03161737922,True,True,True,0.045,0.01,0.14,True,True,True,True,True,True,results/plots/210514_Sample_D4_force_time.png,results/plots/210514_Sample_D4_force_extension.png
210514 MRC Sample D5Data.csv,14.05.2021,D,5,56.2,F,52wks,Tm1b Het,63.38663508,-0.04914743143,False,0.1047519899,38.05421016,94.188,6967.565044,0.006967565,14,0.1,14.35221631,8.192857143,1.147,633.8210268,0.7176108153,0.02307142857,786.04,0.005,0.323,0.5328728476,-13.1701787,102,3.807470283,19.43022577,63.15103893,True,True,True,0.03223473796,0.09225550775,0.02898658269,True,False,True,0.11,0.04,0.105,True,True,True,True,False,True,results/plots/210514_Sample_D5_force_time.png,results/plots/210514_Sample_D5_force_extension.png
210514 MRC Sample D6Data.csv,14.05.2021,D,6,56.2,F,52wks,Tm1b Het,97.17528488,-0.04861158886,False,0.08669487162,63.66813936,99.46766667,7770.585475,0.007770585,14,0.12,15.44285276,10.45,1.463,399.04593,1.286904397,0.02535714286,786.46,0.01,0.355,0.3627778878,-8.040128011,99,0.9373534227,18.20159122,83.39583044,False,True,True,0.0474088353,0.06673693154,0.02665506392,True,True,True,0.045,0.04,0.125,True,True,True,True,True,True,results/plots/210514_Sample_D6_force_time.png,results/plots/210514_Sample_D6_force_extension.png
210514 MRC Sample D7Data.csv,14.05.2021,D,7,56.2,F,52wks,Tm1b Het,28.54911045,-0.01150980324,False,0.05397959783,54.13701074,140.6603333,15539.36134,0.015539361,14,0.195,12.54877855,8.785714286,1.23,255.5250098,5.148216841,0.04164285714,789.37,0.08,0.583,0.7492293443,-5.992832498,180,25.85477561,26.57507472,130.4486589,True,True,True,0.03180568259,0.0841280031,0.01797797732,True,False,True,0.085,0.04,0.195,True,True,True,True,False,True,results/plots/210514_Sample_D7_force_time.png,results/plots/210514_Sample_D7_force_extension.png
210514 MRC Sample D8Data.csv,14.05.2021,D,8,56.2,F,52wks,Tm1b Het,7.475123053e-12,-1.587618925e-15,False,0.1100787167,50.56854252,97.711,7498.541465,0.007498541,14,0.2,26.67185523,12.86428571,1.801,598.0884672,1.333592762,0.02557142857,786.49,0.005,0.358,0.3925091869,-13.53370247,86,13.08430377,2.664906469,57.82607596,True,False,True,0.03616233364,0.09345343476,0.01745900094,True,False,True,0.1,0.025,0.215,True,True,True,True,False,True,results/plots/210514_Sample_D8_force_time.png,results/plots/210514_Sample_D8_force_extension.png
210514 MRC Sample D9Data.csv,14.05.2021,D,9,56.2,F,52wks,Tm1b Het,37.23000899,-0.004588057468,False,0.1080820726,56.07920386,99.11366667,7715.373718,0.007715374,14.001,0.075,9.720850862,5.978144418,0.837,515.7681855,2.592226897,0.03228340833,787.7,0.015,0.452,0.7934937181,-14.02539006,180,1.64451381,1.804020627,19.21701349,False,False,True,0.04239262941,0.113737813,0.034500468,True,False,True,0.075,0.025,0.09,True,True,True,True,False,True,results/plots/210514_Sample_D9_force_time.png,results/plots/210514_Sample_D9_force_extension.png
210514 MRC Sample E1Data.csv,14.05.2021,E,1,58.1,F,52wks,Tm1b Het,12.40729206,-0.002708151759,False,0.1005145841,52.80440219,98.03733333,7548.712076,0.007548712,14,0.195,25.83222144,14.26428571,1.997,643.8450314,1.324729305,0.02985714286,787.27,0.005,0.418,0.6765464561,-17.66026555,91,8.207413716,1.936309531,29.9631915,True,False,True,0.07428513663,0.1868729289,0.01963527948,True,False,True,0.07,0.025,0.215,True,True,True,True,False,True,results/plots/210514_Sample_E1_force_time.png,results/plots/210514_Sample_E1_force_extension.png
210514 MRC Sample E10Data.csv,14.05.2021,E,10,58.1,F,52wks,Tm1b Het,70.74664623,-0.01247268824,False,0.02056069358,29.82323002,110.6353333,9613.412515,0.009613413,14,0.255,26.52543899,13.4,1.876,460.4582856,14.04287946,0.07907142857,796.12,0.12,1.107,0.7942501328,-23.68729542,178,1.745314173,1.630935434,41.44105907,False,False,True,0.1767349692,0.2107897396,0.01748926362,False,False,True,0.03,0.025,0.265,True,True,True,False,False,True,results/plots/210514_Sample_E10_force_time.png,results/plots/210514_Sample_E10_force_extension.png
210514 MRC Sample E2Data.csv,14.05.2021,E,2,58.1,F,52wks,Tm1b Het,72.45381775,-0.01429429999,False,0.09065164896,45.37909619,106.612,8926.928629,0.008926929,14,0.265,29.6854607,15.80714286,2.213,505.0961598,1.680309096,0.03328571429,787.89,0.01,0.466,0.4661477018,-15.610457,66,13.15718574,1.744945712,42.58271865,True,False,True,0.05122242673,0.2073148874,0.01604552091,True,False,True,0.105,0.025,0.285,True,True,True,True,False,True,results/plots/210514_Sample_E2_force_time.png,results/plots/210514_Sample_E2_force_extension.png
210514 MRC Sample E3Data.csv,14.05.2021,E,3,58.1,F,52wks,Tm1b Het,23.1579725,-0.002663818052,False,0.03968798357,45.6297746,134.0376667,14110.53888,0.014110539,14,0.05,3.54345075,6.678571429,0.935,130.4967672,1.4173803,0.04178571429,789.4,0.01,0.585,0.6220245786,-4.139416987,139,3.020147163,2.267470104,16.59802017,True,False,True,0.05107908123,0.1380044404,0.0606599609,True,False,True,0.06,0.02,0.055,True,True,True,True,False,True,results/plots/210514_Sample_E3_force_time.png,results/plots/210514_Sample_E3_force_extension.png
210514 MRC Sample E4Data.csv,14.05.2021,E,4,58.1,F,52wks,Tm1b Het,-3.9369537,0.003250389036,False,0.06959052021,47.5953969,107.99,9159.187796,0.009159188,14.001,0.681,74.35156916,13.44903935,1.883,891.3105447,31.66219538,0.06099564317,792.86,0.29,0.854,0.9252662011,-23.40898992,180,46.4843628,24.30051327,294.5935072,True,True,True,0.03481637087,0.03070526463,0.02772468859,True,True,True,0.095,0.095,0.701,True,True,True,True,True,True,results/plots/210514_Sample_E4_force_time.png,results/plots/210514_Sample_E4_force_extension.png
210514 MRC Sample E5Data.csv,14.05.2021,E,5,58.1,F,52wks,Tm1b Het,8.596802875,-0.005873171081,False,0.0200364811,22.87194482,115.7796667,10528.20836,0.010528208,14,0.611,58.03456771,14.90714286,2.087,676.975621,19.94641443,0.0595,792.55,0.195,0.833,0.9352793686,-20.5132678,181,15.98551475,7.578927937,238.7073497,True,True,True,0.06511682414,0.07301641424,0.02648244901,True,True,True,0.065,0.06,0.611,True,True,True,True,True,True,results/plots/210514_Sample_E5_force_time.png,results/plots/210514_Sample_E5_force_extension.png
210514 MRC Sample E6Data.csv,14.05.2021,E,6,58.1,F,52wks,Tm1b Het,10.19622667,-0.009559529238,False,0.06497323806,40.48729999,98.114,7560.523105,0.007560523,14,0.4,52.90639285,13.57857143,1.901,659.9230166,29.75984598,0.08185714286,796.61,0.22,1.146,0.7834869386,-24.02763772,120,28.64219585,6.41174772,66.04223348,True,True,True,0.07631669951,0.09113801378,0.01073728961,True,False,True,0.065,0.06,0.42,True,True,True,True,False,True,results/plots/210514_Sample_E6_force_time.png,results/plots/210514_Sample_E6_force_extension.png
210514 MRC Sample E7Data.csv,14.05.2021,E,7,58.1,F,52wks,Tm1b Het,25.52065802,-0.03355668237,False,0.03698099815,25.55068568,116.8083333,10716.1192,0.010716119,14.001,0.606,56.55032386,13.44903935,1.883,687.2164274,17.73029956,0.04335404614,789.64,0.18,0.607,0.9177277791,-11.24773568,180,24.41174115,13.71284783,96.99292446,True,True,True,0.0475102534,0.0524318177,0.02633124423,True,True,True,0.11,0.11,0.621,True,True,True,True,True,True,results/plots/210514_Sample_E7_force_time.png,results/plots/210514_Sample_E7_force_extension.png
210514 MRC Sample E8Data.csv,14.05.2021,E,8,58.1,F,52wks,Tm1b Het,37.11489567,-0.02554272759,False,0.07242324614,56.05142113,98.34833333,7596.681009,0.007596681,14,0.2,26.32728688,8.4,1.176,620.379544,1.974546516,0.02235714286,785.92,0.01,0.313,0.5349867654,-11.84894084,95,25.58107749,10.47422562,78.76680538,True,True,True,0.05599803597,0.09254165254,0.02334671457,True,False,True,0.055,0.045,0.205,True,True,True,True,False,True,results/plots/210514_Sample_E8_force_time.png,results/plots/210514_Sample_E8_force_extension.png
210514 MRC Sample E9Data.csv,14.05.2021,E,9,58.1,F,52wks,Tm1b Het,26.97361379,-0.00191084897,False,0.07004466724,59.55050653,104.906,8643.517931,0.008643518,14.001,0.395,45.69898507,12.46339547,1.745,665.134204,9.833958812,0.0500678523,790.82,0.085,0.701,0.8643588413,-21.54198632,181,26.95441161,1.774198607,189.83057,True,False,True,0.05208232024,0.06390714527,0.01188767701,True,True,True,0.055,0.03,0.405,True,True,True,True,True,True,results/plots/210514_Sample_E9_force_time.png,results/plots/210514_Sample_E9_force_extension.png
210518 MRC Sample A1Data.csv,18.05.2021,A,1,100.4,M,18wks,Tm1b Wt,2.462194555,-0.004493194524,False,0.1680466375,45.45503109,98.87333333,7678.002214,0.007678002,14.001,0.2,26.04844333,6.228126562,0.872,699.3847661,6.512110833,0.01707020927,784.97,0.145,0.239,0.8201024856,-5.367607229,182,11.70497736,22.94183322,33.01697344,True,True,True,0.03556771886,0.040301135,0.01262819102,True,True,True,0.135,0.115,0.26,True,True,True,True,True,True,results/plots/210518_Sample_A1_force_time.png,results/plots/210518_Sample_A1_force_extension.png
210518 MRC Sample A2Data.csv,18.05.2021,A,2,100.4,M,18wks,Tm1b Wt,18.8030333,-0.03488158576,False,0.08761655364,41.16983579,156.311,19189.73442,0.019189734,14.001,0.58,30.22449399,8.813656167,1.234,635.1937038,7.295567515,0.01849867867,785.22,0.215,0.259,0.9775067707,-4.303109576,182,26.59114639,32.01249761,80.06733248,True,True,True,0.02120188968,0.02111598668,0.006517487985,True,True,True,0.26,0.24,0.615,True,True,True,True,True,True,results/plots/210518_Sample_A2_force_time.png,results/plots/210518_Sample_A2_force_extension.png
210518 MRC Sample A3Data.csv,18.05.2021,A,3,100.4,M,18wks,Tm1b Wt,25.32515986,-0.0538519503,False,0.1246521587,41.75056046,117.0693333,10764.06153,0.010764062,14,0.295,27.40601085,5.542857143,0.776,817.7517122,13.93525976,0.02642857143,786.64,0.21,0.37,0.9039910131,-7.406430682,111,24.0535968,20.41986577,38.5799796,True,True,True,0.02805367266,0.0335337507,0.008962249345,True,True,True,0.195,0.16,0.315,True,True,True,True,True,True,results/plots/210518_Sample_A3_force_time.png,results/plots/210518_Sample_A3_force_extension.png
210518 MRC Sample A4Data.csv,18.05.2021,A,4,100.4,M,18wks,Tm1b Wt,20.38197725,-0.03789394362,False,0.07661734852,34.59822087,145.1236667,16541.1754,0.016541175,14.001,0.48,29.01849476,8.127990858,1.138,638.3090124,9.672831585,0.02035568888,785.57,0.2,0.285,0.951314053,-2.653354676,180,138.4523917,39.28062927,93.99590702,True,True,True,0.02181280319,0.02234056909,0.00681494345,True,True,True,0.24,0.2,0.495,True,True,True,True,True,True,results/plots/210518_Sample_A4_force_time.png,results/plots/210518_Sample_A4_force_extension.png
210518 MRC Sample A5Data.csv,18.05.2021,A,5,100.4,M,18wks,Tm1b Wt,17.47567928,-0.01763042531,False,0.07382867785,43.69463948,142.797,16015.04076,0.016015041,14,0.465,29.03520509,9.357142857,1.31,566.3055546,6.556336634,0.02621428571,786.63,0.14,0.367,0.9351396248,-8.323620054,180,39.66723806,63.55247428,140.882391,True,True,True,0.01910615704,0.02650591052,0.0217718437,True,True,True,0.175,0.115,0.475,True,True,True,True,True,True,results/plots/210518_Sample_A5_force_time.png,results/plots/210518_Sample_A5_force_extension.png
210518 MRC Sample A6Data.csv,18.05.2021,A,6,100.4,M,18wks,Tm1b Wt,8.513796745,-0.02722549225,False,0.2177719011,37.88637695,113.48,10114.1301,0.01011413,14.001,0.44,43.50349462,8.999357189,1.26,919.1741167,13.34766312,0.01799871438,785.13,0.235,0.252,0.9563500469,-3.140437809,180,65.10699198,29.32021881,65.42764347,True,True,True,0.01736503789,0.02276584618,0.006244526711,True,True,True,0.295,0.22,0.505,True,True,True,True,True,True,results/plots/210518_Sample_A6_force_time.png,results/plots/210518_Sample_A6_force_extension.png
210518 MRC Sample A7Data.csv,18.05.2021,A,7,100.4,M,18wks,Tm1b Wt,10.96175791,-0.01526118149,False,0.07553629853,41.38998303,116.7763333,10710.24857,0.010710249,14.001,0.295,27.5437107,9.499321477,1.33,616.5109318,8.403165977,0.02414113278,786.24,0.135,0.338,0.8730289302,-7.170272844,181,15.30029931,62.67164593,115.6690307,True,True,True,0.02992358151,0.03390994363,0.01651590304,True,True,True,0.12,0.1,0.3,True,True,True,True,True,True,results/plots/210518_Sample_A7_force_time.png,results/plots/210518_Sample_A7_force_extension.png
210518 MRC Sample A8Data.csv,18.05.2021,A,8,100.4,M,18wks,Tm1b Wt,10.14164092,-0.02215126081,False,0.2047097131,41.41642109,120.725,11446.80566,0.011446806,14,0.325,28.39219954,7.421428571,1.039,626.5916924,9.609667535,0.01792857143,785.12,0.235,0.251,0.8884750615,-1.494454018,181,6.644155468,21.54595601,51.02105839,True,True,True,0.01862399492,0.02699897247,0.01074627644,True,True,True,0.255,0.16,0.41,True,True,True,True,True,True,results/plots/210518_Sample_A8_force_time.png,results/plots/210518_Sample_A8_force_extension.png
210518 MRC Sample A9Data.csv,18.05.2021,A,9,100.4,M,18wks,Tm1b Wt,16.72507566,-0.03475350345,False,0.03288999324,18.81971212,115.2793333,10437.4112,0.010437411,14.001,0.44,42.15604809,10.96350261,1.535,827.9869038,18.20374804,0.02921219913,787.15,0.235,0.409,0.9559276269,-6.03133988,181,50.6608519,26.5758743,227.8046819,True,True,True,0.03234542369,0.03035211785,0.0111893995,True,True,True,0.16,0.16,0.45,True,True,True,True,True,True,results/plots/210518_Sample_A9_force_time.png,results/plots/210518_Sample_A9_force_extension.png
210518 MRC Sample B1Data.csv,18.05.2021,B,1,61.1,M,18wks,Tm1b Het,88.91310417,-0.03082185036,False,0.04640859518,38.35339326,121.3423333,11564.1726,0.011564173,14.001,0.435,37.61617887,12.90622098,1.807,536.6200389,16.43005514,0.07328047997,795.06,0.23,1.026,0.8766801119,-22.64453109,181,46.1270237,10.9293558,115.5876711,True,True,True,0.03545429545,0.05081383774,0.007948667928,True,True,True,0.095,0.05,0.455,True,True,True,True,True,True,results/plots/210518_Sample_B1_force_time.png,results/plots/210518_Sample_B1_force_extension.png
210518 MRC Sample B10Data.csv,18.05.2021,B,10,61.1,M,18wks,Tm1b Het,12.97181274,-0.02793756527,False,0.07348826351,30.90478638,163.4353333,20978.8553,0.020978855,14,0.75,35.75028284,7.992857143,1.119,648.8347867,14.30011314,0.02714285714,786.78,0.395,0.38,0.9777273624,-3.222350545,179,70.03804267,44.20351436,176.054965,True,True,True,0.01852382872,0.0189901902,0.006029426164,True,True,True,0.295,0.29,0.805,True,True,True,True,True,True,results/plots/210518_Sample_B10_force_time.png,results/plots/210518_Sample_B10_force_extension.png
210518 MRC Sample B2Data.csv,18.05.2021,B,2,61.1,M,18wks,Tm1b Het,2.365512795,-0.003841215558,False,0.06035883214,34.75194332,103.221,8368.083512,0.008368084,14.001,0.435,51.98322579,9.87072352,1.382,898.3456873,11.35265851,0.02685522463,786.73,0.135,0.376,0.9010944505,-12.97441517,180,8.685465215,56.7049456,294.4587582,True,True,True,0.02995858447,0.02832503045,0.01202772333,True,True,True,0.105,0.09,0.435,True,True,True,True,True,True,results/plots/210518_Sample_B2_force_time.png,results/plots/210518_Sample_B2_force_extension.png
210518 MRC Sample B3Data.csv,18.05.2021,B,3,61.1,M,18wks,Tm1b Het,9.330190565,-0.01686045974,False,0.1248926541,41.16706663,120.006,11310.86455,0.011310865,14.001,0.225,19.89237782,4.4853939,0.628,645.4157189,3.978475563,0.01357045925,784.35,0.125,0.19,0.9259886949,-4.331354882,175,19.56413733,50.79230874,60.60814998,True,True,True,0.01974887832,0.02624485452,0.0165338599,True,True,True,0.185,0.15,0.28,True,True,True,True,True,True,results/plots/210518_Sample_B3_force_time.png,results/plots/210518_Sample_B3_force_extension.png
210518 MRC Sample B4Data.csv,18.05.2021,B,4,61.1,M,18wks,Tm1b Het,39.27460551,-0.04667852728,False,0.06480699811,42.25927692,110.2406667,9544.947488,0.009544947,14,0.445,46.62152655,12.35,1.729,675.6058246,20.4296577,0.05557142857,791.89,0.235,0.778,0.8950942549,-16.93900337,180,54.04290744,30.97053586,186.0484452,True,True,True,0.03603776871,0.03184206486,0.006655086594,True,True,True,0.095,0.09,0.46,True,True,True,True,True,True,results/plots/210518_Sample_B4_force_time.png,results/plots/210518_Sample_B4_force_extension.png
210518 MRC Sample B5Data.csv,18.05.2021,B,5,61.1,M,18wks,Tm1b Het,33.65562219,-0.0158838849,False,0.05812879737,53.69938569,138.2,15000.50802,0.015000508,14.001,0.575,38.33203516,12.72766231,1.782,558.0664698,19.3326786,0.06863795443,794.23,0.33,0.961,0.9417332521,-19.16274302,181,56.04087146,16.48620928,248.5378685,True,True,True,0.03174400415,0.07449521147,0.008166088765,True,True,True,0.1,0.055,0.585,True,True,True,True,True,True,results/plots/210518_Sample_B5_force_time.png,results/plots/210518_Sample_B5_force_extension.png
210518 MRC Sample B6Data.csv,18.05.2021,B,6,61.1,M,18wks,Tm1b Het,13.32011589,-0.03545189898,False,0.1073301292,32.5716725,135.184,14352.9267,0.014352927,14.001,0.475,33.09429498,5.799585744,0.812,806.2370095,18.46313299,0.02835511749,786.99,0.35,0.397,0.9401586171,-4.152063621,117,17.10095075,28.79349274,87.61390209,True,True,True,0.02071063572,0.02389067469,0.00495519074,True,True,True,0.27,0.24,0.52,True,True,True,True,True,True,results/plots/210518_Sample_B6_force_time.png,results/plots/210518_Sample_B6_force_extension.png
210518 MRC Sample B7Data.csv,18.05.2021,B,7,61.1,M,18wks,Tm1b Het,8.233560464,-0.003685360533,False,0.05743226608,58.2896632,138.3473333,15032.50878,0.015032509,14.001,0.715,47.5635837,12.78480109,1.79,615.247753,24.28071056,0.07078065852,794.61,0.405,0.991,0.9563154173,-18.90258881,181,46.83984831,28.17489293,375.8101906,True,True,True,0.02445276955,0.04382687526,0.007219085923,True,True,True,0.105,0.045,0.72,True,True,True,True,True,True,results/plots/210518_Sample_B7_force_time.png,results/plots/210518_Sample_B7_force_extension.png
210518 MRC Sample B8Data.csv,18.05.2021,B,8,61.1,M,18wks,Tm1b Het,16.7658755,-0.00595906699,False,0.03243945059,60.04915986,155.2533333,18930.92121,0.018930921,14.001,0.625,33.01476986,11.99914292,1.68,477.1811442,19.01650744,0.07349475037,795.1,0.4,1.029,0.865429204,-15.68158184,100,48.19536512,28.36182177,360.2829462,True,True,True,0.03525086104,0.0712907724,0.006797985465,True,True,True,0.075,0.04,0.625,True,True,True,True,True,True,results/plots/210518_Sample_B8_force_time.png,results/plots/210518_Sample_B8_force_extension.png
210518 MRC Sample B9Data.csv,18.05.2021,B,9,61.1,M,18wks,Tm1b Het,14.07230863,-0.02624672603,False,0.05200413277,31.11534749,162.732,20798.68155,0.020798682,14,1.18,56.73436423,11.79285714,1.651,732.4769442,15.62599015,0.03221428571,787.69,0.36,0.451,0.9794071673,-7.833147721,181,52.64166428,161.9385039,499.4121747,True,True,True,0.01250879272,0.01452674781,0.02429961006,True,True,True,0.255,0.255,1.195,True,True,True,True,True,True,results/plots/210518_Sample_B9_force_time.png,results/plots/210518_Sample_B9_force_extension.png
210518 MRC Sample C1Data.csv,18.05.2021,C,1,100.3,M,18wks,Tm1b Hom,75.52121372,-0.01057525155,False,0.06092799258,64.18946921,141.7246667,15775.41417,0.015775414,14,0.175,11.09321125,16.86428571,2.361,232.6595489,5.70508007,0.1125714286,802.13,0.115,1.576,0.7542188905,-20.82150176,180,1.498218957,1.938123104,25.16615845,False,False,True,0.08132956796,0.2025881026,0.02716338508,False,False,True,0.065,0.025,0.185,True,True,True,False,False,True,results/plots/210518_Sample_C1_force_time.png,results/plots/210518_Sample_C1_force_extension.png
210518 MRC Sample C10Data.csv,18.05.2021,C,10,100.3,M,18wks,Tm1b Hom,7.467907468e-12,-3.182639337e-16,False,0.06259185995,34.2543212,100.9206667,7999.265346,0.007999265,14.001,0.035,4.37540199,3.171202057,0.444,522.0930923,0.6250574272,0.0278551532,786.91,0.045,0.39,0.7278509517,-14.18550305,36,45.10972633,1.14844038,12.74681708,True,False,True,0.03276184333,0.1118549665,0.05653810174,True,False,True,0.095,0.02,0.05,True,True,True,True,False,True,results/plots/210518_Sample_C10_force_time.png,results/plots/210518_Sample_C10_force_extension.png
210518 MRC Sample C3Data.csv,18.05.2021,C,3,100.3,M,18wks,Tm1b Hom,100,-0.001129913515,True,0.05384286363,68.85404049,111.9266667,9839.137317,0.009839137,14,0.035,3.557222549,3.457142857,0.484,173.0168407,0.5081746499,0.02771428571,786.88,0.045,0.388,0.3927586362,-4.221571683,86,19.73283353,0.5398787317,19.06234174,True,False,True,0.03470983099,0.06601894244,0.1018010734,True,True,False,0.045,0.01,0.04,True,False,True,True,False,False,results/plots/210518_Sample_C3_force_time.png,results/plots/210518_Sample_C3_force_extension.png
210518 MRC Sample C4Data.csv,18.05.2021,C,4,100.3,M,18wks,Tm1b Hom,7.496753718e-12,-3.122502257e-16,False,0.05261734367,46.24781049,138.223,15005.50137,0.015005501,14,0.165,10.99596741,14.6,2.044,271.7040194,0.9996334011,0.02735714286,786.81,0.05,0.383,0.55040887,-6.340741885,105,4.930116071,1.167065798,46.67529061,True,False,True,0.03344223309,0.1132812758,0.02293606614,True,False,True,0.095,0.02,0.175,True,True,True,True,False,True,results/plots/210518_Sample_C4_force_time.png,results/plots/210518_Sample_C4_force_extension.png
210518 MRC Sample C5Data.csv,18.05.2021,C,5,100.3,M,18wks,Tm1b Hom,40.44921648,-0.02134554901,False,0.03380064512,34.70848899,167.738,22097.99151,0.022097992,14.001,0.17,7.693006677,7.613741876,1.066,213.31184,0.4525298045,0.01107063781,783.9,0.045,0.155,0.5180732831,-1.817337603,87,31.3864102,29.75350459,65.35521222,True,True,True,0.02420699109,0.03718594159,0.01900432599,True,True,True,0.13,0.09,0.18,True,True,True,True,True,True,results/plots/210518_Sample_C5_force_time.png,results/plots/210518_Sample_C5_force_extension.png
210518 MRC Sample C6Data.csv,18.05.2021,C,6,100.3,M,18wks,Tm1b Hom,13.39239544,-0.0002879638611,False,0.03235540353,56.05740162,149.766,17616.36673,0.017616367,14.001,0.06,3.405923594,11.2206271,1.571,155.2500938,0.2838269661,0.03264052568,787.76,0.045,0.457,0.4838890039,-4.647609208,104,11.79922413,1.218167447,24.42129873,True,False,True,0.04868385326,0.1352885676,0.03480926748,True,False,True,0.05,0.015,0.075,True,True,True,True,False,True,results/plots/210518_Sample_C6_force_time.png,results/plots/210518_Sample_C6_force_extension.png
210518 MRC Sample C7Data.csv,18.05.2021,C,7,100.3,M,18wks,Tm1b Hom,90.68645779,-0.0155661718,False,0.03356292658,57.71436085,176.427,24446.6852,0.024446685,14,0.08,3.272427325,12.27142857,1.718,116.9297294,0.2045267078,0.02521428571,786.43,0.045,0.353,0.3461229729,-2.18589514,110,10.77693435,17.46472329,51.92143417,True,True,True,0.02791977435,0.08065763484,0.05352634961,True,False,True,0.08,0.04,0.085,True,True,True,True,False,True,results/plots/210518_Sample_C7_force_time.png,results/plots/210518_Sample_C7_force_extension.png
210518 MRC Sample C8Data.csv,18.05.2021,C,8,100.3,M,18wks,Tm1b Hom,7.49687656e-12,-1.780982769e-16,False,0.09172667847,73.25753302,123.394,11958.53467,0.011958535,14.001,0.07,5.853559821,11.27776587,1.579,299.6085411,1.254334247,0.02649810728,786.66,0.05,0.371,0.7803165477,-6.529275431,156,6.724127575,1.11444146,23.287378,True,False,True,0.02964509927,0.09702310507,0.03872746153,True,False,True,0.085,0.015,0.07,True,True,True,True,False,True,results/plots/210518_Sample_C8_force_time.png,results/plots/210518_Sample_C8_force_extension.png
210518 MRC Sample C9Data.csv,18.05.2021,C,9,100.3,M,18wks,Tm1b Hom,7.32099789e-12,-1.58206781e-16,False,0.05878674859,63.92977276,153.0806667,18404.77749,0.018404777,14.001,0.04,2.1733488,4.24969645,0.595,218.4416114,0.2716686,0.02578387258,786.54,0.045,0.361,0.6935192026,-5.381027885,47,7.186464406,1.563489319,18.84738853,True,False,True,0.03131089942,0.0909746637,0.06589097872,True,False,True,0.09,0.02,0.05,True,True,True,True,False,True,results/plots/210518_Sample_C9_force_time.png,results/plots/210518_Sample_C9_force_extension.png
210518 MRC Sample D1Data.csv,18.05.2021,D,1,60.2,F,52wks,Tm1b Wt,12.16439782,-0.01696621765,False,0.06979116133,37.14193467,142.514,15951.62535,0.015951625,14.001,0.395,24.76236747,6.756660239,0.946,591.8103465,10.65722144,0.03121205628,787.51,0.21,0.437,0.95864009,-7.513695891,181,28.33395786,90.32879644,269.1965546,True,True,True,0.01533176379,0.02008378559,0.00895036572,True,True,True,0.205,0.145,0.405,True,True,True,True,True,True,results/plots/210518_Sample_D1_force_time.png,results/plots/210518_Sample_D1_force_extension.png
210518 MRC Sample D2Data.csv,18.05.2021,D,2,60.2,F,52wks,Tm1b Wt,32.05673951,-0.04839617227,False,0.06156169248,32.11125072,102.1503333,8195.386828,0.008195387,14,0.295,35.99585962,10.26428571,1.437,649.021417,10.37168837,0.03235714286,787.7,0.125,0.453,0.816169638,-8.553898109,179,12.14108759,54.96787471,201.3138095,True,True,True,0.03039227309,0.05604248509,0.02035641101,True,True,True,0.105,0.08,0.295,True,True,True,True,True,True,results/plots/210518_Sample_D2_force_time.png,results/plots/210518_Sample_D2_force_extension.png
210518 MRC Sample D3Data.csv,18.05.2021,D,3,60.2,F,52wks,Tm1b Wt,27.0716355,-0.01784206949,False,0.06963649814,38.50886901,115.746,10522.08641,0.010522086,14,0.205,19.48282879,8.407142857,1.177,498.6066049,11.4045827,0.05042857143,790.96,0.155,0.706,0.61198469,-14.40027503,92,8.795648416,21.76609317,107.9305501,True,True,True,0.02519010807,0.06132072674,0.02315142803,True,True,True,0.115,0.05,0.205,True,True,True,True,True,True,results/plots/210518_Sample_D3_force_time.png,results/plots/210518_Sample_D3_force_extension.png
210518 MRC Sample D6Data.csv,18.05.2021,D,6,60.2,F,52wks,Tm1b Wt,-14.25877593,0.009005755737,False,0.0402097696,28.46174616,135.2843333,14374.24003,0.01437424,14,0.46,32.00169192,9.792857143,1.371,587.1982346,6.956889547,0.03028571429,787.34,0.14,0.424,0.9238105184,-11.36829329,179,67.80466048,20.44401879,122.886741,True,True,True,0.01996475945,0.05110210439,0.007623246654,True,True,True,0.175,0.09,0.475,True,True,True,True,True,True,results/plots/210518_Sample_D6_force_time.png,results/plots/210518_Sample_D6_force_extension.png
210518 MRC Sample D7Data.csv,18.05.2021,D,7,60.2,F,52wks,Tm1b Wt,12.43285538,-0.01769214755,False,0.08563387841,38.0489924,116.721,10700.10109,0.010700101,14.001,0.265,24.76612137,5.935290336,0.831,766.761605,7.94385025,0.02442682666,786.29,0.125,0.342,0.9231319236,-10.33189138,181,18.56875148,63.5666617,174.5527948,True,True,True,0.02020222198,0.03402310329,0.01409732753,True,True,True,0.16,0.1,0.265,True,True,True,True,True,True,results/plots/210518_Sample_D7_force_time.png,results/plots/210518_Sample_D7_force_extension.png
210518 MRC Sample D8Data.csv,18.05.2021,D,8,60.2,F,52wks,Tm1b Wt,17.83880191,-0.04027869081,False,0.1339692881,36.08630231,113.577,10131.42812,0.010131428,14,0.32,31.58488616,6.421428571,0.899,768.4994762,11.84433231,0.02035714286,785.56,0.16,0.285,0.9300563311,-4.299417811,180,18.67440605,22.04495727,70.78491011,True,True,True,0.02236264627,0.02911753793,0.0119990567,True,True,True,0.235,0.16,0.33,True,True,True,True,True,True,results/plots/210518_Sample_D8_force_time.png,results/plots/210518_Sample_D8_force_extension.png
210518 MRC Sample D9Data.csv,18.05.2021,D,9,60.2,F,52wks,Tm1b Wt,1.99637295,-0.007265945816,False,0.1494101525,31.44754548,137.0853333,14759.5075,0.014759507,14.001,0.83,56.23494064,8.770802086,1.228,1143.946719,3.048882324,0.003928290836,782.61,0.175,0.055,0.9514320395,-1.131149345,99,39.9564787,50.53857801,145.0325787,True,True,True,0.01314304167,0.01489056472,0.01260690954,True,True,True,0.4,0.36,0.935,True,True,True,True,True,True,results/plots/210518_Sample_D9_force_time.png,results/plots/210518_Sample_D9_force_extension.png
210519 MRC Sample A1Data.csv,19.05.2021,A,1,103.2,M,18wks,Tm1b Wt,16.838408,-0.03567898468,False,0.0947750684,41.15210889,134.1183333,14127.52801,0.014127528,14,0.365,25.83608399,6.342857143,0.888,665.1167937,7.786217093,0.0185,785.22,0.137,0.259,0.937722514,-3.885631414,181,25.61829064,26.15572515,56.08108356,True,True,True,0.02843614539,0.02368620745,0.01134058011,True,True,True,0.195,0.195,0.38,True,True,True,True,True,True,results/plots/210519_Sample_A1_force_time.png,results/plots/210519_Sample_A1_force_extension.png
210519 MRC Sample A10Data.csv,19.05.2021,A,10,103.2,M,18wks,Tm1b Wt,-2.11389676,0.004738733623,False,0.0818273165,33.99972824,129.252,13120.92416,0.013120924,14.001,0.4,30.48565787,6.542389829,0.916,793.5718596,17.910324,0.02885508178,787.09,0.247,0.404,0.9177441928,-5.570707103,95,28.97798675,102.0616774,277.3331102,True,True,True,0.02515906603,0.02390741638,0.01023092904,True,True,True,0.2,0.195,0.4,True,True,True,True,True,True,results/plots/210519_Sample_A10_force_time.png,results/plots/210519_Sample_A10_force_extension.png
210519 MRC Sample A2Data.csv,19.05.2021,A,2,103.2,M,18wks,Tm1b Wt,9.80430823,-0.01982424697,False,0.1245580373,40.79840208,106.2203333,8861.458359,0.008861458,14,0.305,34.41871529,10.98571429,1.538,667.8506387,12.41330716,0.02664285714,786.69,0.132,0.373,0.9088718626,-4.237302883,180,8.016522661,15.91899345,47.29922668,True,True,True,0.03548724273,0.04512599727,0.01445536111,True,True,True,0.155,0.12,0.315,True,True,True,True,True,True,results/plots/210519_Sample_A2_force_time.png,results/plots/210519_Sample_A2_force_extension.png
210519 MRC Sample A3Data.csv,19.05.2021,A,3,103.2,M,18wks,Tm1b Wt,14.52431038,-0.04450262534,False,0.2024087246,42.86065256,135.4343333,14406.13333,0.014406133,14.001,0.435,30.195473,4.413970431,0.618,842.9797117,1.735372011,0.001857010214,782.24,0.117,0.026,0.9110805723,-0.3160772476,79,17.93031795,139.9145626,297.0979005,True,True,True,0.01427400541,0.01277290158,0.01068008131,True,True,True,0.32,0.3,0.515,True,True,True,True,True,True,results/plots/210519_Sample_A3_force_time.png,results/plots/210519_Sample_A3_force_extension.png
210519 MRC Sample A4Data.csv,19.05.2021,A,4,103.2,M,18wks,Tm1b Wt,8.533950881,-0.01232886455,False,0.08244427773,41.74741802,136.8266667,14703.86056,0.014703861,14.001,0.365,24.82341203,7.185201057,1.006,636.1974301,9.521308723,0.02635526034,786.59,0.147,0.369,0.9516999648,-7.312611063,182,12.27098251,37.51032319,63.35350002,True,True,True,0.02916768761,0.03352361117,0.01304758775,True,True,True,0.155,0.15,0.395,True,True,True,True,True,True,results/plots/210519_Sample_A4_force_time.png,results/plots/210519_Sample_A4_force_extension.png
210519 MRC Sample A5Data.csv,19.05.2021,A,5,103.2,M,18wks,Tm1b Wt,17.04409397,-0.0247210046,False,0.06987266407,44.19593438,145.479,16622.27625,0.016622276,14.001,0.39,23.46249094,7.213770445,1.01,602.1854942,7.520029146,0.02399828584,786.21,0.132,0.336,0.9594220993,-6.412637297,181,19.19481598,101.9321983,140.4915567,True,True,True,0.01910655749,0.01612854492,0.01950746036,True,True,True,0.175,0.17,0.395,True,True,True,True,True,True,results/plots/210519_Sample_A5_force_time.png,results/plots/210519_Sample_A5_force_extension.png
210519 MRC Sample A6Data.csv,19.05.2021,A,6,103.2,M,18wks,Tm1b Wt,4.915376964,-0.008243842956,False,0.03759757234,22.26955115,129.7963333,13231.67208,0.013231672,14.001,0.5,37.78811929,11.96343118,1.675,776.4199142,10.5806734,0.02514106135,786.42,0.132,0.352,0.9557935186,-8.204725063,181,18.05633256,22.49212044,78.36279671,True,True,True,0.0280599694,0.0278571716,0.01128545149,True,True,True,0.165,0.15,0.5,True,True,True,True,True,True,results/plots/210519_Sample_A6_force_time.png,results/plots/210519_Sample_A6_force_extension.png
210519 MRC Sample A7Data.csv,19.05.2021,A,7,103.2,M,18wks,Tm1b Wt,0.8372335684,-0.002405691044,False,0.1486214597,38.67893501,102.9386667,8322.368831,0.008322369,14,0.36,43.25691399,7.592857143,1.063,892.0665649,9.011857081,0.0145,784.52,0.127,0.203,0.9078415898,-3.720214458,180,46.09562168,59.86169612,250.3702426,True,True,True,0.0292368849,0.02729022685,0.0283591092,True,True,True,0.16,0.165,0.405,True,True,True,True,True,True,results/plots/210519_Sample_A7_force_time.png,results/plots/210519_Sample_A7_force_extension.png
210519 MRC Sample A8Data.csv,19.05.2021,A,8,103.2,M,18wks,Tm1b Wt,2.999560948,-0.006540429419,False,0.09462662415,47.04347921,108.0676667,9172.367159,0.009172367,14,0.45,49.06040066,8.171428571,1.144,894.7107693,22.89485364,0.03757142857,788.65,0.222,0.526,0.9215878815,-10.62210137,179,14.46863901,83.65322211,241.8539201,True,True,True,0.02020972649,0.02234021496,0.02459801183,True,True,True,0.14,0.12,0.455,True,True,True,True,True,True,results/plots/210519_Sample_A8_force_time.png,results/plots/210519_Sample_A8_force_extension.png
210519 MRC Sample A9Data.csv,19.05.2021,A,9,103.2,M,18wks,Tm1b Wt,7.929497033,-0.008256629251,False,0.05458133597,61.54387405,153.9313333,18609.89589,0.018609896,14.001,0.745,40.03246445,15.91314906,2.228,599.3637413,6.448182193,0.02535533176,786.46,0.132,0.355,0.9685054249,-8.452366433,180,16.47452891,80.37373858,513.3036671,True,True,True,0.02366454044,0.0329374069,0.01133163605,True,True,True,0.12,0.12,0.745,True,True,True,True,True,True,results/plots/210519_Sample_A9_force_time.png,results/plots/210519_Sample_A9_force_extension.png
210519 MRC Sample B1Data.csv,19.05.2021,B,1,65.1,M,18wks,Tm1b Het,5.391977158,-0.0129821246,False,0.05448193528,27.25278508,136.4996667,14633.66347,0.014633663,14.001,0.98,66.96887854,12.38482966,1.734,834.1592813,33.48443927,0.04949646454,790.74,0.502,0.693,0.970080986,-7.547393064,180,22.61771618,146.4612201,702.7508405,True,True,True,0.01492251615,0.01524362768,0.02201353889,True,True,True,0.225,0.22,0.98,True,True,True,True,True,True,results/plots/210519_Sample_B1_force_time.png,results/plots/210519_Sample_B1_force_extension.png
210519 MRC Sample B10Data.csv,19.05.2021,B,10,65.1,M,18wks,Tm1b Het,3.875587678,-0.00837601182,False,0.05327228454,27.253332,125.0656667,12284.74332,0.012284743,14.001,0.55,44.77098137,9.670737804,1.354,732.0454108,9.768214117,0.02071280623,785.62,0.132,0.29,0.9470068774,-5.204972491,181,18.78963373,110.4046507,380.5600764,True,True,True,0.01734020993,0.0196242433,0.01065758422,True,True,True,0.175,0.175,0.55,True,True,True,True,True,True,results/plots/210519_Sample_B10_force_time.png,results/plots/210519_Sample_B10_force_extension.png
210519 MRC Sample B2Data.csv,19.05.2021,B,2,65.1,M,18wks,Tm1b Het,14.5319098,-0.01175726991,False,0.02428608413,30.72118423,182.2483333,26086.57195,0.026086572,14,0.715,27.40873734,10.53571429,1.475,389.2104026,5.366745772,0.02742857143,786.79,0.142,0.384,0.9711810629,-5.243901447,181,32.42155575,27.18514265,167.8588488,True,True,True,0.03055346034,0.03438857834,0.03230780173,True,True,True,0.16,0.15,0.73,True,True,True,True,True,True,results/plots/210519_Sample_B2_force_time.png,results/plots/210519_Sample_B2_force_extension.png
210519 MRC Sample B3Data.csv,19.05.2021,B,3,65.1,M,18wks,Tm1b Het,7.891496785,-0.02137206679,False,0.07157826896,34.72587282,111.775,9812.490255,0.00981249,14,0.55,56.05101254,7.814285714,1.094,973.9824469,11.71975717,0.02135714286,785.74,0.127,0.299,0.9533772766,-8.673945567,180,20.33082433,109.8612302,319.9957721,True,True,True,0.01861588901,0.02317756244,0.02234311737,True,True,True,0.165,0.16,0.555,True,True,True,True,True,True,results/plots/210519_Sample_B3_force_time.png,results/plots/210519_Sample_B3_force_extension.png
210519 MRC Sample B4Data.csv,19.05.2021,B,4,65.1,M,18wks,Tm1b Het,3.000372503,-0.001036390744,False,0.0169114988,30.81621254,156.76,19300.13696,0.019300137,14.001,0.355,18.39365182,10.7492322,1.505,270.1256577,7.512900038,0.04728233698,790.4,0.157,0.662,0.8713991296,-5.770023096,180,35.83674517,28.32296277,143.921914,True,True,True,0.04498561501,0.04852235597,0.01359994034,True,True,True,0.085,0.055,0.36,True,True,True,True,True,True,results/plots/210519_Sample_B4_force_time.png,results/plots/210519_Sample_B4_force_extension.png
210519 MRC Sample B5Data.csv,19.05.2021,B,5,65.1,M,18wks,Tm1b Het,7.463853422e-12,-1.246410382e-14,False,0.03349756221,19.39295547,124.8823333,12248.75337,0.012248753,14,0.46,37.55484334,12.29285714,1.721,623.5073465,9.388710834,0.02285714286,786.01,0.127,0.32,0.9299590241,-4.640104971,180,17.44532294,49.60744035,256.598813,True,True,True,0.01970299115,0.02028192922,0.03255571115,True,True,True,0.165,0.15,0.47,True,True,True,True,True,True,results/plots/210519_Sample_B5_force_time.png,results/plots/210519_Sample_B5_force_extension.png
210519 MRC Sample B6Data.csv,19.05.2021,B,6,65.1,M,18wks,Tm1b Het,14.8418676,-0.02555496712,False,0.05925668928,27.07283532,154.9983333,18868.78508,0.018868785,14,0.41,21.72900905,7.457142857,1.044,468.928908,6.624697881,0.015,784.6,0.242,0.21,0.9236747419,-0.7596428228,181,15.38999744,71.98321614,96.26337527,True,True,True,0.01668568442,0.02113442728,0.03822836108,True,True,True,0.225,0.22,0.525,True,True,True,True,True,True,results/plots/210519_Sample_B6_force_time.png,results/plots/210519_Sample_B6_force_extension.png
210519 MRC Sample B7Data.csv,19.05.2021,B,7,65.1,M,18wks,Tm1b Het,6.262952647,-0.01802675667,False,0.1067185451,28.26498154,108.0326667,9166.426791,0.009166427,14,0.31,33.81906603,4.764285714,0.667,885.1659215,15.2731266,0.0195,785.4,0.232,0.273,0.8857980303,-2.658914037,182,80.42441235,34.15888024,126.7046777,True,True,True,0.0251792303,0.02166565482,0.02022821738,True,True,True,0.2,0.195,0.415,True,True,True,True,True,True,results/plots/210519_Sample_B7_force_time.png,results/plots/210519_Sample_B7_force_extension.png
210519 MRC Sample B8Data.csv,19.05.2021,B,8,65.1,M,18wks,Tm1b Het,5.8553574,-0.01251479588,False,0.05118970424,22.23443734,141.836,15800.20899,0.015800209,14.001,0.615,38.92353576,9.920719949,1.389,643.1090109,9.809996817,0.01821298479,785.17,0.237,0.255,0.9336708096,-2.061754729,181,16.1227306,81.72524013,144.5352555,True,True,True,0.01517377728,0.01801130899,0.02002356754,True,True,True,0.22,0.23,0.695,True,True,True,True,True,True,results/plots/210519_Sample_B8_force_time.png,results/plots/210519_Sample_B8_force_extension.png
210519 MRC Sample B9Data.csv,19.05.2021,B,9,65.1,M,18wks,Tm1b Het,0.7581592918,-0.000876251146,False,0.0450647379,47.24004661,122.459,11777.99319,0.011777993,14.001,0.72,61.13095839,13.93471895,1.951,773.1372732,10.18849306,0.0278551532,786.9,0.132,0.39,0.9452718702,-11.38233828,180,9.778082782,57.04830941,533.2318753,True,True,True,0.02886720198,0.02750436486,0.01684908371,True,True,True,0.095,0.09,0.72,True,True,True,True,True,True,results/plots/210519_Sample_B9_force_time.png,results/plots/210519_Sample_B9_force_extension.png
210519 MRC Sample C1Data.csv,19.05.2021,C,1,102.1,M,18wks,Tm1b Hom,18.81130128,-0.04697999739,False,0.04960307679,19.51492095,116.5983333,10677.62259,0.010677623,14.001,0.6,56.19228175,12.81337047,1.794,765.0703734,14.51633945,0.02649810728,786.67,0.212,0.371,0.9235494069,-4.948749695,181,24.0300888,111.351888,362.8132666,True,True,True,0.01912470058,0.02103944823,0.01738171537,True,True,True,0.18,0.2,0.645,True,True,True,True,True,True,results/plots/210519_Sample_C1_force_time.png,results/plots/210519_Sample_C1_force_extension.png
210519 MRC Sample C10Data.csv,19.05.2021,C,10,102.1,M,18wks,Tm1b Hom,37.48227409,-0.06464336272,False,0.06477519848,50.35264408,123.637,12005.68097,0.012005681,14,0.98,81.6280226,14.25,1.995,903.1240157,40.8140113,0.06985714286,794.45,0.502,0.978,0.9773626641,-21.92467801,181,14.08545132,37.08284443,325.6119175,True,True,True,0.02353440634,0.02709709431,0.03011161572,True,True,True,0.165,0.15,0.99,True,True,True,True,True,True,results/plots/210519_Sample_C10_force_time.png,results/plots/210519_Sample_C10_force_extension.png
210519 MRC Sample C2Data.csv,19.05.2021,C,2,102.1,M,18wks,Tm1b Hom,12.28427132,-0.01685432755,False,0.04755341646,41.78427918,136.8366667,14706.0099,0.01470601,14,0.795,54.05953076,11.63571429,1.629,702.2566272,19.03983473,0.04507142857,789.95,0.297,0.631,0.9420081252,-12.11119978,180,19.31839465,83.41881688,248.92912,True,True,True,0.01961535244,0.03185220478,0.02897265338,True,True,True,0.175,0.135,0.81,True,True,True,True,True,True,results/plots/210519_Sample_C2_force_time.png,results/plots/210519_Sample_C2_force_extension.png
210519 MRC Sample C4Data.csv,19.05.2021,C,4,102.1,M,18wks,Tm1b Hom,3.071895224,-0.004604427393,False,0.04341711541,26.61575351,120.7703333,11455.40402,0.011455404,14,0.575,50.19465049,10.04285714,1.406,722.8379326,12.22130621,0.029,787.12,0.132,0.406,0.9483341675,-8.755827136,181,15.95423184,13.5353133,113.870101,True,True,True,0.03493570465,0.03300535255,0.02846518974,True,True,True,0.145,0.13,0.59,True,True,True,True,True,True,results/plots/210519_Sample_C4_force_time.png,results/plots/210519_Sample_C4_force_extension.png
210519 MRC Sample C5Data.csv,19.05.2021,C,5,102.1,M,18wks,Tm1b Hom,12.92340485,-0.00977068985,False,0.02661981086,31.28568505,141.588,15745.00402,0.015745004,14,0.175,11.11463674,6.985714286,0.978,297.9886296,6.351220997,0.03221428571,787.69,0.157,0.451,0.7448168425,-3.340425338,74,12.3125786,13.3825356,61.82015336,True,True,True,0.06037637632,0.04798166332,0.02405697954,True,True,True,0.08,0.08,0.22,True,True,True,True,True,True,results/plots/210519_Sample_C5_force_time.png,results/plots/210519_Sample_C5_force_extension.png
210519 MRC Sample C6Data.csv,19.05.2021,C,6,102.1,M,18wks,Tm1b Hom,18.31227484,-0.02855250768,False,0.04878992876,31.94812746,126.4956667,12567.27672,0.012567277,14,0.7,55.70021254,12.53571429,1.755,704.3914862,26.25867163,0.05335714286,791.49,0.322,0.747,0.9514681888,-11.3176613,181,21.057107,25.2720657,99.92416877,True,True,True,0.03183690136,0.02830328976,0.02982659853,True,True,True,0.155,0.15,0.715,True,True,True,True,True,True,results/plots/210519_Sample_C6_force_time.png,results/plots/210519_Sample_C6_force_extension.png
210519 MRC Sample C7Data.csv,19.05.2021,C,7,102.1,M,18wks,Tm1b Hom,11.46747199,-0.01270785902,False,0.0413990228,42.33440239,153.7363333,18562.77577,0.018562776,14.001,1.01,54.40996541,12.95621741,1.814,657.925077,16.43073213,0.04313977573,789.65,0.307,0.604,0.9717031743,-11.83759153,181,17.3542881,22.0376573,206.6210617,True,True,True,0.02930684218,0.03460398346,0.02979777257,True,True,True,0.165,0.155,1.03,True,True,True,True,True,True,results/plots/210519_Sample_C7_force_time.png,results/plots/210519_Sample_C7_force_extension.png
210519 MRC Sample C8Data.csv,19.05.2021,C,8,102.1,M,18wks,Tm1b Hom,9.962378501,-0.01727037465,False,0.0421673811,27.79997021,137.0076667,14742.78804,0.014742788,14,0.95,64.43828671,13.19285714,1.847,773.6735814,21.36637928,0.04207142857,789.46,0.317,0.589,0.9651845015,-11.53858641,180,15.52422426,28.61189576,206.4800378,True,True,True,0.02478164429,0.02097542796,0.02852241381,True,True,True,0.195,0.19,0.97,True,True,True,True,True,True,results/plots/210519_Sample_C8_force_time.png,results/plots/210519_Sample_C8_force_extension.png
210519 MRC Sample D1Data.csv,19.05.2021,D,1,60.3,F,52wks,Tm1b Wt,56.32101034,-0.05320523522,False,0.04090795443,24.51527323,106.529,8913.034384,0.008913034,14.001,0.265,29.73173893,9.070780659,1.27,692.226782,5.048785857,0.02656953075,786.68,0.052,0.372,0.8569826366,-13.31855684,159,12.5483078,7.187855809,75.94817933,True,True,True,0.04274998846,0.06914997535,0.01425963971,True,True,True,0.12,0.07,0.27,True,True,True,True,True,True,results/plots/210519_Sample_D1_force_time.png,results/plots/210519_Sample_D1_force_extension.png
210519 MRC Sample D10Data.csv,19.05.2021,D,10,60.3,F,52wks,Tm1b Wt,6.194092165,-0.01241808716,False,0.1302618206,39.12030047,104.9636667,8653.023206,0.008653023,14.001,0.19,21.95764417,5.00678523,0.701,834.2145841,12.13448757,0.02499821441,786.42,0.122,0.35,0.816421901,-8.003519769,96,25.26669575,17.19105379,26.23087342,True,True,True,0.03431281571,0.04658261077,0.01901084309,True,True,True,0.16,0.12,0.2,True,True,True,True,True,True,results/plots/210519_Sample_D10_force_time.png,results/plots/210519_Sample_D10_force_extension.png
210519 MRC Sample D2Data.csv,19.05.2021,D,2,60.3,F,52wks,Tm1b Wt,10.78479728,-0.01747537679,False,0.1007511634,45.55576743,102.5406667,8258.138361,0.008258138,14.001,0.24,29.06224139,8.78508678,1.23,751.4300029,16.95297415,0.03771159203,788.68,0.157,0.528,0.742232536,-10.73185019,62,11.70109888,34.84348167,59.89186293,True,True,True,0.03448933979,0.04102393466,0.01696777656,True,True,True,0.115,0.09,0.245,True,True,True,True,True,True,results/plots/210519_Sample_D2_force_time.png,results/plots/210519_Sample_D2_force_extension.png
210519 MRC Sample D3Data.csv,19.05.2021,D,3,60.3,F,52wks,Tm1b Wt,50.85464271,-0.0262870254,False,0.01858471564,56.81461171,91.188,6530.783134,0.006530783,14,0.03,4.593629891,2.75,0.385,104.5568602,0.7656049818,0.009,783.53,0.017,0.126,0.2850119911,0.1776973194,139,8.475259715,13.87351007,14.33117039,True,True,True,0.07881916729,0.1460252347,0.0973660556,True,False,False,0.04,0.03,0.03,True,True,True,True,False,False,results/plots/210519_Sample_D3_force_time.png,results/plots/210519_Sample_D3_force_extension.png
210519 MRC Sample D4Data.csv,19.05.2021,D,4,60.3,F,52wks,Tm1b Wt,10.54889336,-0.02557907111,False,0.1282663992,34.11467211,115.1366667,10411.59307,0.010411593,14.001,0.365,35.05707532,6.306692379,0.883,853.6695189,16.32795289,0.0262124134,786.61,0.222,0.367,0.9126154333,-5.856614079,181,45.73671121,42.88125418,250.8173582,True,True,True,0.01762034877,0.02493002314,0.01286283409,True,True,True,0.22,0.2,0.405,True,True,True,True,True,True,results/plots/210519_Sample_D4_force_time.png,results/plots/210519_Sample_D4_force_extension.png
210519 MRC Sample D5Data.csv,19.05.2021,D,5,60.3,F,52wks,Tm1b Wt,9.084009255,-0.01065197016,False,0.08571791705,45.09878178,96.61666667,7331.519286,0.007331519,14.001,0.135,18.41364661,6.742375545,0.944,509.2353275,4.773908381,0.01714163274,785.01,0.047,0.24,0.8093687804,-4.457591488,161,8.899875949,35.73700943,86.32837809,True,True,True,0.04496159668,0.07065122341,0.02292876513,True,True,True,0.08,0.06,0.145,True,True,True,True,True,True,results/plots/210519_Sample_D5_force_time.png,results/plots/210519_Sample_D5_force_extension.png
210519 MRC Sample D6Data.csv,19.05.2021,D,6,60.3,F,52wks,Tm1b Wt,11.09233757,-0.01506675397,False,0.1219619757,48.78672461,137.3183333,14809.72276,0.014809723,14,0.42,28.35974717,8.1,1.134,603.0313098,8.102784907,0.02521428571,786.43,0.132,0.353,0.954536688,-6.930454901,180,37.66442497,83.62101283,284.1522741,True,True,True,0.02169607103,0.03115570464,0.00811675837,True,True,True,0.195,0.12,0.435,True,True,True,True,True,True,results/plots/210519_Sample_D6_force_time.png,results/plots/210519_Sample_D6_force_extension.png
210519 MRC Sample D7Data.csv,19.05.2021,D,7,60.3,F,52wks,Tm1b Wt,17.55357036,-0.05378809585,False,0.1579879191,35.4113616,117.319,10810.02221,0.010810022,14,0.36,33.30242991,5.135714286,0.719,954.301662,3.237736241,0.003357142857,782.51,0.127,0.047,0.9107353632,-0.571601026,106,21.25704913,77.08973383,246.8556048,True,True,True,0.01473318693,0.01935218538,0.01702071932,True,True,True,0.275,0.215,0.475,True,True,True,True,True,True,results/plots/210519_Sample_D7_force_time.png,results/plots/210519_Sample_D7_force_extension.png
210519 MRC Sample D8Data.csv,19.05.2021,D,8,60.3,F,52wks,Tm1b Wt,7.454026935,-0.006249420096,False,0.08344544763,49.52402576,115.709,10515.36039,0.01051536,14,0.19,18.06880601,6.542857143,0.916,409.2074689,9.985392797,0.038,788.72,0.117,0.532,0.7617010108,-5.896910147,118,40.63104348,31.8310756,125.2171843,True,True,True,0.02926793214,0.06330818088,0.02008975739,True,True,True,0.11,0.07,0.22,True,True,True,True,True,True,results/plots/210519_Sample_D8_force_time.png,results/plots/210519_Sample_D8_force_extension.png
210519 MRC Sample D9Data.csv,19.05.2021,D,9,60.3,F,52wks,Tm1b Wt,47.90782365,-0.01317073693,False,0.1005422352,79.17142275,107.6736667,9105.606678,0.009105607,14,0.16,17.57159078,9.978571429,1.397,414.7860445,2.745561059,0.02978571429,787.26,0.037,0.417,0.7604615091,-9.644459208,141,4.598632824,7.545951318,110.8928049,True,True,True,0.04287318045,0.1974135659,0.02236295227,True,False,True,0.065,0.02,0.16,True,True,True,True,False,True,results/plots/210519_Sample_D9_force_time.png,results/plots/210519_Sample_D9_force_extension.png
210519 MRC Sample E1Data.csv,19.05.2021,E,1,62.1,F,52wks,Tm1b Wt,1.76039031,-0.004929503448,False,0.06407097725,24.98418549,156.2313333,19170.17862,0.019170179,14,1.06,55.29421504,10.28571429,1.44,831.119374,20.60491976,0.03078571429,787.43,0.452,0.431,0.9795185036,-4.686261408,179,104.5503372,120.6572519,263.6804596,True,True,True,0.01071495623,0.009172050077,0.03061538771,True,True,True,0.36,0.385,1.105,True,True,True,True,True,True,results/plots/210519_Sample_E1_force_time.png,results/plots/210519_Sample_E1_force_extension.png
210519 MRC Sample E10Data.csv,19.05.2021,E,10,62.1,F,52wks,Tm1b Wt,1.827654936,-0.004352442732,False,0.09451415136,41.73176153,118.9506667,11112.80369,0.011112804,14,0.475,42.7434876,7.992857143,1.119,802.4051782,10.79835476,0.01964285714,785.43,0.132,0.275,0.9459731354,-4.879890236,179,19.49793608,111.4969104,327.3787173,True,True,True,0.01861209074,0.01889431032,0.0094863307,True,True,True,0.165,0.165,0.5,True,True,True,True,True,True,results/plots/210519_Sample_E10_force_time.png,results/plots/210519_Sample_E10_force_extension.png
210519 MRC Sample E2Data.csv,19.05.2021,E,2,62.1,F,52wks,Tm1b Wt,10.35531675,-0.03175511045,False,0.1349245662,34.18261093,128.6486667,12998.71616,0.012998716,14,0.54,41.54256467,6.228571429,0.872,886.0155807,15.00148168,0.02007142857,785.51,0.307,0.281,0.9739608367,-2.345550646,180,24.16305313,96.37340166,88.44254613,True,True,True,0.01420191255,0.01956045275,0.03028552835,True,True,True,0.285,0.265,0.64,True,True,True,True,True,True,results/plots/210519_Sample_E2_force_time.png,results/plots/210519_Sample_E2_force_extension.png
210519 MRC Sample E3Data.csv,19.05.2021,E,3,62.1,F,52wks,Tm1b Wt,8.476641295,-0.01062540705,False,0.05909500795,46.93103622,169.1063333,22459.99355,0.022459994,14,0.59,26.26892955,8.542857143,1.196,468.7003025,5.342833128,0.02078571429,785.64,0.132,0.291,0.9707083416,-3.980260766,181,16.36204901,35.07530126,100.443182,True,True,True,0.02407577734,0.02044037584,0.02164157175,True,True,True,0.195,0.195,0.59,True,True,True,True,True,True,results/plots/210519_Sample_E3_force_time.png,results/plots/210519_Sample_E3_force_extension.png
210519 MRC Sample E4Data.csv,19.05.2021,E,4,62.1,F,52wks,Tm1b Wt,9.990906537,-0.01287197583,False,0.0784427289,52.07775206,135.9193333,14509.49685,0.014509497,14,0.19,13.09487159,3.9,0.546,521.5985462,7.581241445,0.02464285714,786.34,0.122,0.345,0.8091851281,-5.012419602,75,13.31607151,19.26066313,36.10872107,True,True,True,0.04204703894,0.03826021676,0.0278641772,True,True,True,0.12,0.12,0.19,True,True,True,True,True,True,results/plots/210519_Sample_E4_force_time.png,results/plots/210519_Sample_E4_force_extension.png
210519 MRC Sample E6Data.csv,19.05.2021,E,6,62.1,F,52wks,Tm1b Wt,18.47900681,-0.02291768349,False,0.02563204468,36.68034569,158.9203333,19835.75867,0.019835759,14,0.72,36.29808166,8.828571429,1.236,606.070114,15.12420069,0.0385,788.82,0.312,0.539,0.9754975006,-8.119000344,180,40.12710549,102.843846,497.5521302,True,True,True,0.01962655154,0.02383054151,0.009738475042,True,True,True,0.155,0.155,0.72,True,True,True,True,True,True,results/plots/210519_Sample_E6_force_time.png,results/plots/210519_Sample_E6_force_extension.png
210519 MRC Sample E7Data.csv,19.05.2021,E,7,62.1,F,52wks,Tm1b Wt,10.40622649,-0.01536280676,False,0.02494938702,21.81123112,198.9473333,31086.09184,0.031086092,14,1.29,41.49765754,11.32857143,1.586,593.7735474,14.63677068,0.03564285714,788.3,0.457,0.499,0.9849952411,-6.341700578,181,47.87149978,118.2578189,278.6088648,True,True,True,0.01393340531,0.01614287511,0.02356822177,True,True,True,0.315,0.315,1.3,True,True,True,True,True,True,results/plots/210519_Sample_E7_force_time.png,results/plots/210519_Sample_E7_force_extension.png
210519 MRC Sample E8Data.csv,19.05.2021,E,8,62.1,F,52wks,Tm1b Wt,6.743860367,-0.01095043334,False,0.02951858532,21.08214779,102.3673333,8230.24306,0.008230243,14,0.52,63.18160958,11.52142857,1.613,881.6630259,13.97285597,0.02978571429,787.26,0.127,0.417,0.9197850374,-12.35558787,180,37.52443804,22.60860804,211.9803668,True,True,True,0.03299258374,0.03350589555,0.0124007186,True,True,True,0.105,0.095,0.53,True,True,True,True,True,True,results/plots/210519_Sample_E8_force_time.png,results/plots/210519_Sample_E8_force_extension.png
210520 MRC Sample A1Data.csv,20.05.2021,A,1,84.2,M,18wks,oim Wt,8.239231763,-0.01512824569,False,0.1035725938,48.95839138,157.533,19490.94826,0.019490948,14.001,0.79,40.53163551,8.749375045,1.225,800.5868312,14.16041949,0.0278551532,786.9,0.267,0.39,0.9887983647,-7.994454251,180,38.44427021,150.9058541,562.1015562,True,True,True,0.0126219197,0.0161942411,0.01797614395,True,True,True,0.252,0.247,0.805,True,True,True,True,True,True,results/plots/210520_Sample_A1_force_time.png,results/plots/210520_Sample_A1_force_extension.png
210520 MRC Sample A2Data.csv,20.05.2021,A,2,84.2,M,18wks,oim Wt,16.28886386,-0.03734858963,False,0.09965532503,29.39830905,135.7036667,14463.48822,0.014463488,14,0.489,33.80927201,7.121428571,0.997,743.5382069,2.350746929,0.004357142857,782.68,0.084,0.061,0.9271324335,-0.8542260792,111,84.04204684,83.22132575,78.66110981,True,True,True,0.0152584734,0.02231667834,0.02371931909,True,True,True,0.277,0.237,0.558,True,True,True,True,True,True,results/plots/210520_Sample_A2_force_time.png,results/plots/210520_Sample_A2_force_extension.png
210520 MRC Sample A3Data.csv,20.05.2021,A,3,84.2,M,18wks,oim Wt,19.51710165,-0.02419398163,False,0.05920887593,44.20632329,189.741,28275.6275,0.028275627,14,0.612,21.64408238,8.278571429,1.159,409.5173476,10.11471823,0.03128571429,787.51,0.277,0.438,0.9783536984,-2.507449098,180,45.16994406,144.3943432,416.1378907,True,True,True,0.01592747911,0.01498965264,0.01593662917,True,True,True,0.237,0.222,0.627,True,True,True,True,True,True,results/plots/210520_Sample_A3_force_time.png,results/plots/210520_Sample_A3_force_extension.png
210520 MRC Sample A5Data.csv,20.05.2021,A,5,84.2,M,18wks,oim Wt,13.45064772,-0.02968090409,False,0.04909476466,24.27262644,134.622,14233.83601,0.014233836,15.722,0.701,49.2488462,10.60297672,1.667,794.4603832,17.35301713,0.03224780562,787.7,0.233,0.507,0.9624246844,-7.621538096,179,55.34372123,44.06422307,149.3956765,True,True,True,0.01805978987,0.02018807051,0.01611169776,True,True,True,0.232,0.217,0.726,True,True,True,True,True,True,results/plots/210520_Sample_A5_force_time.png,results/plots/210520_Sample_A5_force_extension.png
210520 MRC Sample A6Data.csv,20.05.2021,A,6,84.2,M,18wks,oim Wt,10.5282694,-0.02858537867,False,0.1075900165,35.3766979,144.237,16339.66857,0.016339669,14.001,0.829,50.73542187,10.41354189,1.458,885.015916,16.89140704,0.02556960217,786.5,0.267,0.358,0.9691155856,-5.681248306,181,78.93107911,90.58921122,259.9378783,True,True,True,0.01237502041,0.0148438627,0.01710803733,True,True,True,0.306,0.311,0.864,True,True,True,True,True,True,results/plots/210520_Sample_A6_force_time.png,results/plots/210520_Sample_A6_force_extension.png
210520 MRC Sample A7Data.csv,20.05.2021,A,7,84.2,M,18wks,oim Wt,-0.3441405372,0.0005306665714,False,0.1319096302,43.45760501,134.007,14104.08287,0.014104083,14.001,0.237,16.80364473,3.856867367,0.54,542.7766109,5.601214911,0.01371330619,784.37,0.109,0.192,0.9325743445,-1.624561838,180,23.38040152,35.47028171,120.1924055,True,True,True,0.02090280087,0.02645800016,0.02376199861,True,True,True,0.222,0.168,0.306,True,True,True,True,True,True,results/plots/210520_Sample_A7_force_time.png,results/plots/210520_Sample_A7_force_extension.png
210520 MRC Sample A8Data.csv,20.05.2021,A,8,84.2,M,18wks,oim Wt,20.70834732,-0.05481778835,False,0.09722901112,29.46086852,94.89666667,7072.806828,0.007072807,14.001,0.355,50.19223626,10.04928219,1.407,912.82753,16.68361656,0.02656953075,786.68,0.104,0.372,0.8834934211,-7.827146605,181,13.15949032,24.43130314,75.86518559,True,True,True,0.02721787943,0.02578947238,0.02717081607,True,True,True,0.158,0.143,0.375,True,True,True,True,True,True,results/plots/210520_Sample_A8_force_time.png,results/plots/210520_Sample_A8_force_extension.png
210520 MRC Sample A9Data.csv,20.05.2021,A,9,84.2,M,18wks,oim Wt,19.73946098,-0.05613228127,False,0.1270591958,32.96851042,100.6706667,7959.68298,0.007959683,14.001,0.267,33.54404943,8.627955146,1.208,772.151784,11.80951553,0.02056995929,785.59,0.104,0.288,0.8945595749,-4.154350063,181,14.58668041,19.80070224,42.42182307,True,True,True,0.03191632897,0.02921796818,0.02792114943,True,True,True,0.158,0.153,0.316,True,True,True,True,True,True,results/plots/210520_Sample_A9_force_time.png,results/plots/210520_Sample_A9_force_extension.png
210520 MRC Sample B1Data.csv,20.05.2021,B,1,54.4,M,18wks,oim Het,5.608621705,-0.01326615384,False,0.07399305508,20.15472121,72.52366667,4130.944761,0.004130945,14,0.291,70.4439299,10.62857143,1.488,1190.952542,39.45828376,0.047,790.35,0.144,0.658,0.8627764131,-20.42500295,179,7.489423197,8.625493335,78.87995614,True,True,True,0.04931332933,0.04963081757,0.02284397201,True,True,True,0.099,0.099,0.316,True,True,True,True,True,True,results/plots/210520_Sample_B1_force_time.png,results/plots/210520_Sample_B1_force_extension.png
210520 MRC Sample B10Data.csv,20.05.2021,B,10,54.4,M,18wks,oim Het,100,0.009346629929,True,0.03620599188,20.52028052,76.65933333,4615.512777,0.004615513,14,0.019,4.116552158,6.457142857,0.904,3.312113347e-14,0.8666425596,0.03114285714,787.48,-0.005,0.436,0.6956521739,0.8666425596,46,1.787857372,0.6663579048,3.933257529,False,False,True,0.07372003888,0.1329366075,0.07148527099,True,False,True,0.054,0.03,0.044,True,True,True,True,False,True,results/plots/210520_Sample_B10_force_time.png,results/plots/210520_Sample_B10_force_extension.png
210520 MRC Sample B2Data.csv,20.05.2021,B,2,54.4,M,18wks,oim Het,10.82785452,-0.02054416579,False,0.03249683085,15.68873443,94.663,7038.018577,0.007038019,14.001,0.336,47.74070658,11.14920363,1.561,747.0404889,18.32902128,0.03692593386,788.54,0.124,0.517,0.8933059706,-9.597731647,181,16.28964327,26.92124596,235.0405632,True,True,True,0.03070610362,0.03869154703,0.03010072023,True,True,True,0.108,0.099,0.345,True,True,True,True,True,True,results/plots/210520_Sample_B2_force_time.png,results/plots/210520_Sample_B2_force_extension.png
210520 MRC Sample B3Data.csv,20.05.2021,B,3,54.4,M,18wks,oim Het,29.28266886,-0.1419425747,False,0.09835126609,19.58631977,66.33533333,3456.047581,0.003456048,14.001,0.272,78.70261061,8.942218413,1.252,1416.059611,40.21934881,0.0332833369,787.89,0.134,0.466,0.8969627378,-9.128364528,181,13.08811099,15.28580482,43.67707458,True,True,True,0.04611756304,0.04348966081,0.01483225275,True,True,True,0.118,0.118,0.296,True,True,True,True,True,True,results/plots/210520_Sample_B3_force_time.png,results/plots/210520_Sample_B3_force_extension.png
210520 MRC Sample B4Data.csv,20.05.2021,B,4,54.4,M,18wks,oim Het,22.01266453,-0.07284563778,False,0.08503927102,22.08006565,86.31333333,5851.20965,0.00585121,14.001,0.434,74.17269249,11.17063067,1.564,1102.505698,20.16676892,0.02606956646,786.59,0.104,0.365,0.8939338705,-9.316270137,180,19.91955771,15.22382153,83.84307388,True,True,True,0.03377335222,0.03349828178,0.02368454229,True,True,True,0.153,0.153,0.449,True,True,True,True,True,True,results/plots/210520_Sample_B4_force_time.png,results/plots/210520_Sample_B4_force_extension.png
210520 MRC Sample B5Data.csv,20.05.2021,B,5,54.4,M,18wks,oim Het,8.517676827,-0.01349578208,False,0.04493280072,21.1470277,108.485,9243.347235,0.009243347,14,0.38,41.11064964,10.56428571,1.479,655.1809653,13.84779777,0.03314285714,787.85,0.109,0.464,0.8925613236,-6.579850225,179,15.6360699,24.54198608,86.70344421,True,True,True,0.03416933525,0.03168879037,0.01364541213,True,True,True,0.128,0.123,0.395,True,True,True,True,True,True,results/plots/210520_Sample_B5_force_time.png,results/plots/210520_Sample_B5_force_extension.png
210520 MRC Sample B6Data.csv,20.05.2021,B,6,54.4,M,18wks,oim Het,7.141113528,-0.01590461581,False,0.09173415428,33.18808321,94.24333333,6975.754024,0.006975754,14.001,0.276,39.56561542,6.685236769,0.936,901.7382481,15.48219734,0.02835511749,786.99,0.099,0.397,0.8658307546,-9.576390135,181,10.32755327,15.77798081,142.7284268,True,True,True,0.03037387712,0.0297789041,0.01710281678,True,True,True,0.133,0.108,0.281,True,True,True,True,True,True,results/plots/210520_Sample_B6_force_time.png,results/plots/210520_Sample_B6_force_extension.png
210520 MRC Sample B7Data.csv,20.05.2021,B,7,54.4,M,18wks,oim Het,15.46473582,-0.02400386889,False,0.07248715884,24.18443905,87.09833333,5958.124455,0.005958124,14.001,0.207,34.74247934,9.199342904,1.288,760.4686129,4.028113547,0.01914148989,785.3,0.005,0.268,0.8391548008,-8.877244124,160,18.22026831,13.90356723,63.12908592,True,True,True,0.03708456195,0.04256085919,0.02101459613,True,True,True,0.114,0.084,0.212,True,True,True,True,True,True,results/plots/210520_Sample_B7_force_time.png,results/plots/210520_Sample_B7_force_extension.png
210520 MRC Sample B8Data.csv,20.05.2021,B,8,54.4,M,18wks,oim Het,25.67113697,-0.07966193238,False,0.08571273348,27.63925327,85.519,5744.008966,0.005744009,14,0.375,65.28541303,11.72142857,1.641,900.7183394,20.5431433,0.03035714286,787.35,0.109,0.425,0.8503405948,-5.197771291,180,9.427952762,73.92468802,122.9826577,True,True,True,0.03181573348,0.03324733842,0.01906300827,True,True,True,0.118,0.118,0.405,True,True,True,True,True,True,results/plots/210520_Sample_B8_force_time.png,results/plots/210520_Sample_B8_force_extension.png
210520 MRC Sample B9Data.csv,20.05.2021,B,9,54.4,M,18wks,oim Het,5.370334819,-0.004280387162,False,0.02936693192,31.46237097,115.4846667,10474.62616,0.010474626,14,0.197,18.80735408,7.607142857,1.065,442.6039317,6.587347367,0.02764285714,786.86,0.06,0.387,0.8606765742,-6.161941296,180,11.46915306,35.36401148,104.7540666,True,True,True,0.03916280656,0.06681918846,0.01883485287,True,True,True,0.084,0.064,0.207,True,True,True,True,True,True,results/plots/210520_Sample_B9_force_time.png,results/plots/210520_Sample_B9_force_extension.png
210520 MRC Sample C1Data.csv,20.05.2021,C,1,99.3,M,18wks,oim Hom,49.52285173,-0.01551723914,False,0.004407016763,2.508266818,74.589,4369.577543,0.004369578,14,0.019,4.348245986,1.457142857,0.204,1.837978522e-13,1.14427526,0.001285714286,782.14,-0.009,0.018,,1.14427526,74,2.214681759,3.512564575,2.277019822,False,True,False,0.07439569582,0.08222651385,0.07712842018,True,False,True,0.059,0.049,0.039,True,True,True,True,False,False,results/plots/210520_Sample_C1_force_time.png,results/plots/210520_Sample_C1_force_extension.png
210520 MRC Sample C2Data.csv,20.05.2021,C,2,99.3,M,18wks,oim Hom,26.37026696,-0.01636719065,False,0.03686864774,9.330040095,56.50533333,2507.660642,0.002507661,14.001,0.034,13.55845148,5.606742376,0.785,286.4943448,5.981669771,0.02256981644,785.96,-0.009,0.316,0.3099038608,-1.231046843,135,2.811935827,3.129359901,7.14046661,False,True,True,0.07494177776,0.07965094837,0.1028567007,True,True,False,0.059,0.049,0.044,True,True,True,True,True,False,results/plots/210520_Sample_C2_force_time.png,results/plots/210520_Sample_C2_force_extension.png
210520 MRC Sample C3Data.csv,20.05.2021,C,3,99.3,M,18wks,oim Hom,100,0.01852590925,True,0.05389797436,18.69441851,61.137,2935.608452,0.002935608,14.001,0.019,6.472253789,4.042568388,0.566,8.697357541e-14,1.703224681,0.03078351546,787.44,-0.009,0.431,,1.703224681,77,1.599887285,0.9998100018,3.23953893,False,False,True,0.08553100716,0.1356296769,0.09267517185,False,False,False,0.054,0.035,0.044,True,True,True,False,False,False,results/plots/210520_Sample_C3_force_time.png,results/plots/210520_Sample_C3_force_extension.png
210520 MRC Sample C5Data.csv,20.05.2021,C,5,99.3,M,18wks,oim Hom,100,-0.01681854081,True,-0.01123107599,-9.817217529,76.76933333,4628.768062,0.004628768,14,0.024,5.184964984,5.907142857,0.827,93.07916335,2.160402077,0.05071428571,791.02,-0.009,0.71,0.2348732526,-3.07059657,121,1.736490457,1.536100145,3.615605442,False,False,True,0.1176685084,0.1303693051,0.08623342126,False,False,False,0.039,0.035,0.049,True,True,True,False,False,False,results/plots/210520_Sample_C5_force_time.png,results/plots/210520_Sample_C5_force_extension.png
210520 MRC Sample C6Data.csv,20.05.2021,C,6,99.3,M,18wks,oim Hom,100,0.003268072328,True,0.0006150480398,0.7919317236,83.25066667,5443.338239,0.005443338,14,0.019,3.490505275,7.314285714,1.024,4.468884969e-14,0.7348432157,0.002,782.27,-0.005,0.028,0.6409090909,0.7348432157,55,1.786708377,2.33879561,6.903148478,False,False,True,0.04586973376,0.06612392174,0.1720265979,True,True,False,0.054,0.034,0.024,True,True,True,True,True,False,results/plots/210520_Sample_C6_force_time.png,results/plots/210520_Sample_C6_force_extension.png
210520 MRC Sample C8Data.csv,20.05.2021,C,8,99.3,M,18wks,oim Hom,100,0.002928244483,True,0.1042053062,31.37734305,61.56533333,2976.887015,0.002976887,14,0.019,6.382506289,6.007142857,0.841,5.560876503e-12,1.679606918,0,781.43,-0.009,0,,1.679606918,4,1.494889293,2.672765808,3.835796875,False,False,True,0.0628509747,0.1256249695,0.07551150927,True,False,True,0.079,0.04,0.049,True,True,True,True,False,True,results/plots/210520_Sample_C8_force_time.png,results/plots/210520_Sample_C8_force_extension.png
210520 MRC Sample C9Data.csv,20.05.2021,C,9,99.3,M,18wks,oim Hom,54.39023991,-0.007233279654,False,0.00203298502,1.326456185,61.90533333,3009.858051,0.003009858,14.001,0.014,4.651382225,1.978430112,0.277,2.761638444e-13,1.32896635,0.000571387758,781.96,-0.005,0.008,-2.26,1.32896635,50,2.473122165,6.175504385,4.468132971,False,True,True,0.06525233878,0.07842851908,0.1643177683,True,True,False,0.044,0.034,0.019,True,True,True,True,True,False,results/plots/210520_Sample_C9_force_time.png,results/plots/210520_Sample_C9_force_extension.png
210520 MRC Sample D1Data.csv,20.05.2021,D,1,140.1,M,18wks,oim Hom,100,-0.01251444113,True,-0.006363374308,-3.711969419,62.97,3114.277212,0.003114277,10.001,0,0,0,0,,,,,,,,,0,1.885615899,1.464937109,0.5600898865,False,False,False,0.1229980678,0.1478986971,0.1160657669,False,False,False,0.03,0.025,0.035,True,True,True,False,False,False,results/plots/210520_Sample_D1_force_time.png,results/plots/210520_Sample_D1_force_extension.png
210520 MRC Sample D2Data.csv,20.05.2021,D,2,140.1,M,18wks,oim Hom,100,-0.02424404419,True,0.0009065208726,0.6799456682,74.12433333,4315.304857,0.004315305,10.001,0.01,2.317333306,4.429557044,0.443,,,,,,,,,0,1.431105526,2.619734944,1.069209676,False,False,False,0.1253175661,0.1222258526,0.1432006139,False,False,False,0.035,0.035,0.03,True,True,True,False,False,False,results/plots/210520_Sample_D2_force_time.png,results/plots/210520_Sample_D2_force_extension.png
210520 MRC Sample D3Data.csv,20.05.2021,D,3,140.1,M,18wks,oim Hom,5.828726558,-0.001099989,False,0.02866938751,15.02493335,69.70866667,3816.483889,0.003816484,10.001,0.034,8.908723317,7.379262074,0.738,248.0426089,2.62021274,0.000199980002,781.93,-0.024,0.002,0.1881436165,2.327654457,104,1.061043747,2.315507261,2.491718898,False,False,False,0.1100166561,0.1369588137,0.1074302113,False,False,False,0.049,0.04,0.039,True,True,True,False,False,False,results/plots/210520_Sample_D3_force_time.png,results/plots/210520_Sample_D3_force_extension.png
210520 MRC Sample D4Data.csv,20.05.2021,D,4,140.1,M,18wks,oim Hom,100,-0.005463885002,True,0.008415045526,4.126177061,64.02166667,3219.169417,0.003219169,10,0.02,6.212783485,0.36,0.036,2.216812071e-13,1.553195871,0,781.43,-0.024,0,,1.553195871,33,0.8129579032,1.427790788,2.448933493,False,False,False,0.06859451376,0.1245535546,0.1424394037,True,False,False,0.079,0.044,0.035,True,True,True,True,False,False,results/plots/210520_Sample_D4_force_time.png,results/plots/210520_Sample_D4_force_extension.png
210520 MRC Sample D5Data.csv,20.05.2021,D,5,140.1,M,18wks,oim Hom,-4.821729959,0.002734947653,False,0.01743444862,6.674224555,67.355,3563.112726,0.003563113,10.001,0.019,5.332415784,38.10618938,3.811,7.699074382e-14,1.122613849,0.1059894011,800.94,-0.005,1.06,-0.06666666667,1.122613849,15,1.39973797,2.844608146,2.877676159,False,False,False,0.06031028352,0.08229732994,0.08970448124,True,False,False,0.074,0.054,0.039,True,True,True,True,False,False,results/plots/210520_Sample_D5_force_time.png,results/plots/210520_Sample_D5_force_extension.png
210520 MRC Sample D6Data.csv,20.05.2021,D,6,140.1,M,18wks,oim Hom,36.75261598,-0.01990930227,False,0.04680442999,21.18245688,76.46133333,4591.70116,0.004591701,10,0.029,6.315742249,3.21,0.321,75.13743816,1.088921077,0.0021,782.27,-0.019,0.021,0.1209603726,1.33309347,64,0.8570105029,3.127097557,3.638218812,False,True,True,0.06116217216,0.09540699266,0.07099250126,True,False,True,0.079,0.054,0.044,True,True,True,True,False,True,results/plots/210520_Sample_D6_force_time.png,results/plots/210520_Sample_D6_force_extension.png
210520 MRC Sample D7Data.csv,20.05.2021,D,7,140.1,M,18wks,oim Hom,-4.266728104e+15,0.0005521461709,False,-0.010227617,-13.55578889,53.33533333,2234.188997,0.002234189,10.001,0.01,4.47589707,0.5699430057,0.057,,,,,,,,,0,2.524561497,5.60005695,3.493398946,False,True,True,0.06142615799,0.05986893526,0.1588721078,True,True,False,0.029,0.024,0.019,True,True,True,True,True,False,results/plots/210520_Sample_D7_force_time.png,results/plots/210520_Sample_D7_force_extension.png
210520 MRC Sample D8Data.csv,20.05.2021,D,8,140.1,M,18wks,oim Hom,11.73891484,-0.0003878901788,False,-0.0003297946975,-0.5716386925,63.21433333,3138.491853,0.003138492,10,0.014,4.460741018,3.24,0.324,1.596320466e-13,1.274497434,0.0046,782.75,-0.005,0.046,-0.488372093,1.274497434,86,1.72225425,4.445645003,2.336645963,False,True,False,0.05774981378,0.04886591501,0.118986879,True,True,False,0.034,0.039,0.024,True,True,True,True,True,False,results/plots/210520_Sample_D8_force_time.png,results/plots/210520_Sample_D8_force_extension.png
210520 MRC Sample E1Data.csv,20.05.2021,E,1,62.2,F,52wks,Tm1b Wt,11.14286541,-0.02059792695,False,0.09444930562,36.63351765,182.4693333,26149.87709,0.026149877,14,0.622,23.78596274,6.557142857,0.918,546.6668875,13.76679516,0.02992857143,787.29,0.499,0.419,0.9506370523,-2.689451045,118,25.59267553,46.24645625,87.95202438,True,True,True,0.01328407619,0.01493718683,0.01900172723,True,True,True,0.356,0.326,0.77,True,True,True,True,True,True,results/plots/210520_Sample_E1_force_time.png,results/plots/210520_Sample_E1_force_extension.png
210520 MRC Sample E10Data.csv,20.05.2021,E,10,62.2,F,52wks,Tm1b Wt,10.01621689,-0.0376017047,False,0.1513993044,32.6174283,125.698,12409.28093,0.012409281,14.001,0.657,52.94424391,6.656667381,0.932,1077.540486,31.42808999,0.03271194915,787.77,0.42,0.458,0.9154944006,-4.045087294,91,20.52886118,37.82831334,94.3665416,True,True,True,0.01439584533,0.01539238407,0.0160288464,True,True,True,0.321,0.311,0.726,True,True,True,True,True,True,results/plots/210520_Sample_E10_force_time.png,results/plots/210520_Sample_E10_force_extension.png
210520 MRC Sample E2Data.csv,20.05.2021,E,2,62.2,F,52wks,Tm1b Wt,3.227544933,-0.007455278844,False,0.09536344392,33.73142729,174.5453333,23927.99808,0.023927998,14.001,0.86,35.94115981,6.306692379,0.883,768.3631117,17.13473898,0.02799800014,786.95,0.44,0.392,0.9885116442,-4.142915712,180,116.9111541,230.5632006,634.2397078,True,True,True,0.01136107026,0.01103635375,0.02091788698,True,True,True,0.396,0.385,0.934,True,True,True,True,True,True,results/plots/210520_Sample_E2_force_time.png,results/plots/210520_Sample_E2_force_extension.png
210520 MRC Sample E3Data.csv,20.05.2021,E,3,62.2,F,52wks,Tm1b Wt,7.302807974,-0.009317895019,False,0.0937400919,39.46298126,141.272,15674.80217,0.015674802,14,0.371,23.66856053,7.064285714,0.989,628.908806,7.591802436,0.02535714286,786.47,0.114,0.355,0.9651503086,-7.893636761,181,100.1375342,38.44045325,124.4329964,True,True,True,0.01461480893,0.02226624212,0.01195029232,True,True,True,0.217,0.163,0.405,True,True,True,True,True,True,results/plots/210520_Sample_E3_force_time.png,results/plots/210520_Sample_E3_force_extension.png
210520 MRC Sample E4Data.csv,20.05.2021,E,4,62.2,F,52wks,Tm1b Wt,10.90820413,-0.01933544194,False,0.09321560652,44.71592235,157.726,19538.7358,0.019538736,14,0.686,35.10974303,8.007142857,1.121,711.2889717,14.12578582,0.02928571429,787.16,0.267,0.41,0.9812735414,-6.528265054,179,38.75972495,144.542524,467.2862356,True,True,True,0.0136010629,0.01556360986,0.01899969943,True,True,True,0.261,0.222,0.686,True,True,True,True,True,True,results/plots/210520_Sample_E4_force_time.png,results/plots/210520_Sample_E4_force_extension.png
210520 MRC Sample E5Data.csv,20.05.2021,E,5,62.2,F,52wks,Tm1b Wt,12.91116033,-0.03646635374,False,0.1596409682,39.77749901,154.01,18628.92195,0.018628922,14.001,0.528,28.34302489,4.813941861,0.674,764.1944088,10.30655451,0.01621312763,784.82,0.262,0.227,0.9780923533,-1.754580724,181,70.21604685,138.9707999,245.7813821,True,True,True,0.01067117941,0.01112830569,0.006136302206,True,True,True,0.4,0.336,0.627,True,True,True,True,True,True,results/plots/210520_Sample_E5_force_time.png,results/plots/210520_Sample_E5_force_extension.png
210520 MRC Sample E6Data.csv,20.05.2021,E,6,62.2,F,52wks,Tm1b Wt,10.528907,-0.02043205541,False,0.07493486904,33.35483744,168.2993333,22246.14033,0.02224614,14,0.588,26.43155172,7.271428571,1.018,538.7426268,12.67635644,0.02714285714,786.78,0.277,0.38,0.9673379425,-1.733574504,180,22.91792089,38.29464222,83.65385117,True,True,True,0.01656316496,0.01964263383,0.007685840156,True,True,True,0.286,0.276,0.617,True,True,True,True,True,True,results/plots/210520_Sample_E6_force_time.png,results/plots/210520_Sample_E6_force_extension.png
210520 MRC Sample E7Data.csv,20.05.2021,E,7,62.2,F,52wks,Tm1b Wt,19.45190454,-0.02329280954,False,0.07937939217,45.87761894,161.125,20389.93034,0.02038993,14,0.217,10.64250834,4.414285714,0.618,349.0272942,5.787170432,0.02214285714,785.89,0.109,0.31,0.8522619346,-1.989381088,118,16.09150139,101.5417658,143.2002085,True,True,True,0.02097282294,0.01704537279,0.01705457093,True,True,True,0.192,0.153,0.247,True,True,True,True,True,True,results/plots/210520_Sample_E7_force_time.png,results/plots/210520_Sample_E7_force_extension.png
210520 MRC Sample E8Data.csv,20.05.2021,E,8,62.2,F,52wks,Tm1b Wt,8.230529545,-0.01343464135,False,0.01628184101,15.0616321,145.5563333,16639.95299,0.016639953,14.001,0.874,52.52418682,11.26348118,1.577,838.2470875,30.829414,0.05363902578,791.54,0.499,0.751,0.964393591,-14.29153704,111,28.68625441,49.36419583,269.3703146,True,True,True,0.01983666264,0.02090799928,0.02202918137,True,True,True,0.193,0.193,0.899,True,True,True,True,True,True,results/plots/210520_Sample_E8_force_time.png,results/plots/210520_Sample_E8_force_extension.png
210520 MRC Sample E9Data.csv,20.05.2021,E,9,62.2,F,52wks,Tm1b Wt,14.69875027,-0.001478350147,False,-0.002820029882,-4.196511705,119.604,11235.21247,0.011235212,14.001,0.355,31.59708958,11.64916792,1.631,511.2363829,10.05766513,0.0517105921,791.19,0.104,0.724,0.8732438135,-16.14838281,181,2.360707902,2.821005261,116.4832129,False,False,True,0.06564937674,0.0642616967,0.02213458486,True,True,True,0.064,0.059,0.39,True,True,True,True,True,True,results/plots/210520_Sample_E9_force_time.png,results/plots/210520_Sample_E9_force_extension.png
210521 MRC Sample A1Data.csv,21.05.2021,A,1,89.1,M,18wks,oim Wt,5.939060227,-0.009823365632,False,0.1084129454,42.58723047,143.529,16179.65286,0.016179653,14,0.549,33.93150644,16.32857143,2.286,537.9592961,11.61953226,0.02664285714,786.7,0.221,0.373,0.9378932042,-2.634502811,179,20.73755534,111.1798246,396.7889691,True,True,True,0.01494403841,0.01820859512,0.02429218178,True,True,True,0.238,0.178,0.588,True,True,True,True,True,True,results/plots/210521_Sample_A1_force_time.png,results/plots/210521_Sample_A1_force_extension.png
210521 MRC Sample A10Data.csv,21.05.2021,A,10,89.1,M,18wks,oim Wt,37.55193427,-0.031181227,False,0.06817070072,47.4842184,143.6496667,16206.86919,0.016206869,14.001,0.212,13.0808733,6.370973502,0.892,414.7732503,5.491498697,0.02506963788,786.41,0.162,0.351,0.8980706783,-5.210074583,181,14.52064647,34.18529718,84.05753944,True,True,True,0.02629139664,0.04673009946,0.01572141204,True,True,True,0.134,0.094,0.227,True,True,True,True,True,True,results/plots/210521_Sample_A10_force_time.png,results/plots/210521_Sample_A10_force_extension.png
210521 MRC Sample A2Data.csv,21.05.2021,A,2,89.1,M,18wks,oim Wt,18.27948326,-0.03932971562,False,0.1426112476,50.27656373,123.6276667,12003.86843,0.012003868,14,0.396,32.98936643,9.792857143,1.371,748.4544676,19.41041004,0.03314285714,787.86,0.266,0.464,0.857401435,-5.704145513,105,14.00870569,108.6356954,273.4520922,True,True,True,0.0151188111,0.02500078409,0.01127041053,True,True,True,0.198,0.159,0.406,True,True,True,True,True,True,results/plots/210521_Sample_A2_force_time.png,results/plots/210521_Sample_A2_force_extension.png
210521 MRC Sample A4Data.csv,21.05.2021,A,4,89.1,M,18wks,oim Wt,15.42707513,-0.02085656749,False,0.09759666382,48.71104962,110.1566667,9530.407117,0.009530407,14,0.238,24.97270054,11.60714286,1.625,488.5863197,5.771002225,0.02007142857,785.51,0.088,0.281,0.8742574075,-4.275343725,179,22.22835139,53.80544274,165.0482773,True,True,True,0.02568787599,0.04273411812,0.01808679037,True,True,True,0.104,0.084,0.238,True,True,True,True,True,True,results/plots/210521_Sample_A4_force_time.png,results/plots/210521_Sample_A4_force_extension.png
210521 MRC Sample A5Data.csv,21.05.2021,A,5,89.1,M,18wks,oim Wt,4.914478536,-0.009533583769,False,0.1162677775,40.8988106,93.10266667,6807.914957,0.006807915,14.001,0.168,24.67715887,6.885222484,0.964,650.8382433,10.28214953,0.0146418113,784.53,0.103,0.205,0.8245085896,-1.171235143,181,35.56125294,58.13495069,111.8310413,True,True,True,0.02892603503,0.03575349021,0.01403739094,True,True,True,0.104,0.094,0.168,True,True,True,True,True,True,results/plots/210521_Sample_A5_force_time.png,results/plots/210521_Sample_A5_force_extension.png
210521 MRC Sample A6Data.csv,21.05.2021,A,6,89.1,M,18wks,oim Wt,13.32170924,-0.02024166512,False,0.08225784408,36.54224633,120.097,11328.02501,0.011328025,14.001,0.509,44.93281044,17.16305978,2.403,796.8988813,7.415237872,0.02399828584,786.21,0.152,0.336,0.966647199,-11.58584734,181,24.48242572,14.62248583,77.61554878,True,True,True,0.03008032719,0.03627179088,0.02619366047,True,True,True,0.183,0.134,0.529,True,True,True,True,True,True,results/plots/210521_Sample_A6_force_time.png,results/plots/210521_Sample_A6_force_extension.png
210521 MRC Sample A7Data.csv,21.05.2021,A,7,89.1,M,18wks,oim Wt,-0.6162045429,0.001329078036,False,0.2173866027,40.60033814,126.9753333,12662.76667,0.012662767,14.001,0.426,33.64193624,10.86350975,1.521,663.2055389,7.423338043,0.01257053068,784.17,0.221,0.176,0.9412952583,-0.6732972476,182,82.56506117,22.87553119,55.29008931,True,True,True,0.01410135524,0.02857607362,0.01573402202,True,True,True,0.317,0.198,0.465,True,True,True,True,True,True,results/plots/210521_Sample_A7_force_time.png,results/plots/210521_Sample_A7_force_extension.png
210521 MRC Sample A8Data.csv,21.05.2021,A,8,89.1,M,18wks,oim Wt,3.712994765,-0.006834393954,False,0.1096139335,40.45801234,123.5936667,11997.26674,0.011997267,14.001,0.331,27.58961687,5.213913292,0.73,945.0396698,16.08699715,0.02956931648,787.21,0.251,0.414,0.9430562333,-11.99762319,97,28.34114238,21.28177366,61.06395857,True,True,True,0.02079968178,0.02788415041,0.01451459456,True,True,True,0.218,0.153,0.341,True,True,True,True,True,True,results/plots/210521_Sample_A8_force_time.png,results/plots/210521_Sample_A8_force_extension.png
210521 MRC Sample A9Data.csv,21.05.2021,A,9,89.1,M,18wks,oim Wt,20.08966929,-0.0100681577,False,0.09234706922,61.28816747,148.588,17340.3299,0.01734033,14,0.119,6.862614495,4.057142857,0.568,180.2972669,0.5766902937,0.007714285714,783.28,0.083,0.108,0.3251492715,-0.4916034257,88,31.74950278,14.61807778,30.51322356,True,True,True,0.02487732921,0.04276643277,0.03107096435,True,True,True,0.153,0.074,0.134,True,True,True,True,True,True,results/plots/210521_Sample_A9_force_time.png,results/plots/210521_Sample_A9_force_extension.png
210521 MRC Sample B1Data.csv,21.05.2021,B,1,56.4,M,18wks,oim Het,21.65872237,-0.01773391804,False,0.05165559253,34.16009768,116.6503333,10687.14863,0.010687149,14,0.129,12.07057186,4.078571429,0.571,399.8475316,2.807109735,0.01685714286,784.93,0.093,0.236,0.7928136532,-4.546122956,170,14.28191487,9.205142937,20.32225367,True,True,True,0.04936775571,0.06173912968,0.03750410242,True,True,True,0.109,0.084,0.149,True,True,True,True,True,True,results/plots/210521_Sample_B1_force_time.png,results/plots/210521_Sample_B1_force_extension.png
210521 MRC Sample B10Data.csv,21.05.2021,B,10,56.4,M,18wks,oim Het,52.67698254,-0.02212854723,False,0.06905574753,48.79245407,110.1376667,9527.11976,0.00952712,14,0.049,5.143212219,3.25,0.455,286.3304906,2.624087867,0.02635714286,786.64,0.088,0.369,0.7048681303,-5.30059531,92,2.068895277,4.929232603,7.63988694,False,True,True,0.07490270108,0.07070245653,0.06955239611,True,True,True,0.064,0.059,0.064,True,True,True,True,True,True,results/plots/210521_Sample_B10_force_time.png,results/plots/210521_Sample_B10_force_extension.png
210521 MRC Sample B2Data.csv,21.05.2021,B,2,56.4,M,18wks,oim Het,0.7605884212,-0.0007371572464,False,0.04187118844,27.53921252,97.02166667,7393.112979,0.007393113,14.001,0.079,10.68562052,4.878222984,0.683,608.3622206,0.6763050964,0.01135633169,783.94,0.078,0.159,0.5360224977,-6.267527366,84,5.627134535,19.44720973,13.7897471,True,True,True,0.05997700054,0.06068155052,0.04633244765,True,True,True,0.059,0.064,0.104,True,True,True,True,True,True,results/plots/210521_Sample_B2_force_time.png,results/plots/210521_Sample_B2_force_extension.png
210521 MRC Sample B3Data.csv,21.05.2021,B,3,56.4,M,18wks,oim Het,29.71630235,-0.01720372673,False,0.05332591427,42.43619366,132.1156667,13708.77103,0.013708771,14,0.361,26.33350575,9.892857143,1.385,469.4743076,5.762733946,0.02978571429,787.25,0.147,0.417,0.8797536404,-8.812918514,180,8.447370723,15.48207796,137.2474662,True,True,True,0.03282130902,0.04633735217,0.009736057295,True,True,True,0.104,0.074,0.371,True,True,True,True,True,True,results/plots/210521_Sample_B3_force_time.png,results/plots/210521_Sample_B3_force_extension.png
210521 MRC Sample B4Data.csv,21.05.2021,B,4,56.4,M,18wks,oim Het,21.51281413,-0.01950243979,False,0.05440034345,33.88000087,110.8296667,9647.214518,0.009647215,14,0.148,15.34121506,8.378571429,1.173,511.8484312,8.707176112,0.04485714286,789.96,0.142,0.628,0.5432793096,-14.55592896,91,3.283279266,8.947365302,25.28948548,True,True,True,0.05038642276,0.07069667428,0.032773114,True,True,True,0.089,0.069,0.158,True,True,True,True,True,True,results/plots/210521_Sample_B4_force_time.png,results/plots/210521_Sample_B4_force_extension.png
210521 MRC Sample B5Data.csv,21.05.2021,B,5,56.4,M,18wks,oim Het,18.33066048,-0.01868385196,False,0.07669533991,39.99695042,114.9913333,10385.3252,0.010385325,14.001,0.292,28.11659722,10.04213985,1.406,685.5577849,10.01413052,0.03021212771,787.33,0.167,0.423,0.8745184906,-11.54147105,180,8.409456064,10.19669605,44.05707993,True,True,True,0.0425703671,0.05679843136,0.0166950998,True,True,True,0.124,0.094,0.312,True,True,True,True,True,True,results/plots/210521_Sample_B5_force_time.png,results/plots/210521_Sample_B5_force_extension.png
210521 MRC Sample B6Data.csv,21.05.2021,B,6,56.4,M,18wks,oim Het,-3.878593596,0.01224840471,False,0.1132185495,24.31842761,105.024,8662.973611,0.008662974,14.001,0.347,40.05552827,7.020927077,0.983,969.8245161,13.15945309,0.0146418113,784.53,0.231,0.205,0.9475995991,-0.9975466931,181,33.12754492,24.41294459,48.16864616,True,True,True,0.02166516762,0.02940548617,0.01371376194,True,True,True,0.218,0.193,0.426,True,True,True,True,True,True,results/plots/210521_Sample_B6_force_time.png,results/plots/210521_Sample_B6_force_extension.png
210521 MRC Sample B7Data.csv,21.05.2021,B,7,56.4,M,18wks,oim Het,14.61263942,-0.03649238173,False,0.1118873376,34.9727781,141.4856667,15722.25271,0.015722253,14.001,0.455,28.93987268,6.306692379,0.883,771.3893477,16.72788245,0.02664095422,786.69,0.375,0.373,0.8842984988,-3.729218684,98,23.5104391,35.92525657,67.38811339,True,True,True,0.0196299165,0.01712670195,0.0105163557,True,True,True,0.282,0.253,0.494,True,True,True,True,True,True,results/plots/210521_Sample_B7_force_time.png,results/plots/210521_Sample_B7_force_extension.png
210521 MRC Sample B8Data.csv,21.05.2021,B,8,56.4,M,18wks,oim Het,12.91669119,-0.008572707945,False,0.06387712659,46.58741823,123.8283333,12042.86828,0.012042868,14,0.213,17.68681679,8.714285714,1.22,360.7138882,7.390266172,0.04164285714,789.39,0.142,0.583,0.7752106169,-7.928632788,179,4.078922415,7.239764387,32.2328696,True,True,True,0.05596158532,0.08183584965,0.0237268673,True,False,True,0.094,0.064,0.218,True,True,True,True,False,True,results/plots/210521_Sample_B8_force_time.png,results/plots/210521_Sample_B8_force_extension.png
210521 MRC Sample B9Data.csv,21.05.2021,B,9,56.4,M,18wks,oim Het,17.31571613,-0.03101206583,False,0.04360287222,28.48158114,149.324,17512.53884,0.017512539,14,0.811,46.3096756,12.83571429,1.797,621.9319094,9.02210696,0.02321428571,786.07,0.231,0.325,0.9651704272,-5.037999543,181,26.09893433,129.0118084,555.8859832,True,True,True,0.01514122433,0.01482308922,0.02019813041,True,True,True,0.203,0.203,0.821,True,True,True,True,True,True,results/plots/210521_Sample_B9_force_time.png,results/plots/210521_Sample_B9_force_extension.png
210521 MRC Sample C1Data.csv,21.05.2021,C,1,59.2,M,18wks,oim Het,23.7658693,-0.02020357152,False,0.03965047755,28.93329207,114.044,10214.91517,0.010214915,14,0.163,15.95705887,5.928571429,0.83,500.3773198,6.265348268,0.03178571429,787.62,0.132,0.445,0.8206623001,-9.086314983,168,35.22964471,9.226150018,26.56223784,True,True,True,0.05837886555,0.06420046861,0.02506503781,True,True,True,0.089,0.079,0.183,True,True,True,True,True,True,results/plots/210521_Sample_C1_force_time.png,results/plots/210521_Sample_C1_force_extension.png
210521 MRC Sample C10Data.csv,21.05.2021,C,10,59.2,M,18wks,oim Het,30.79012363,-0.06904423308,False,0.1217853709,29.40424672,110.6166667,9610.168803,0.009610169,14,0.158,16.44091795,3.35,0.469,622.7265358,6.13933012,0.015,784.6,0.162,0.21,0.8603051104,-4.011808579,181,19.0666035,23.7670221,45.88722837,True,True,True,0.01786237228,0.0225946265,0.0241147865,True,True,True,0.227,0.153,0.223,True,True,True,True,True,True,results/plots/210521_Sample_C10_force_time.png,results/plots/210521_Sample_C10_force_extension.png
210521 MRC Sample C2Data.csv,21.05.2021,C,2,59.2,M,18wks,oim Het,71.73850368,-0.02794828956,False,0.04546081918,39.84788707,145.1426667,16545.50692,0.016545507,14,0.237,14.32413041,12.21428571,1.71,270.7299689,3.868119605,0.05392857143,791.55,0.132,0.755,0.8274640801,-10.39474992,180,8.863163845,6.478271545,34.5375537,True,True,True,0.0407979819,0.07126568703,0.01719366662,True,True,True,0.129,0.064,0.257,True,True,True,True,True,True,results/plots/210521_Sample_C2_force_time.png,results/plots/210521_Sample_C2_force_extension.png
210521 MRC Sample C3Data.csv,21.05.2021,C,3,59.2,M,18wks,oim Het,33.79417824,-0.00479616277,False,0.03289057871,43.57256869,142.5246667,15954.01329,0.015954013,14.001,0.208,13.03747214,13.06335262,1.829,264.2547239,4.324930662,0.06613813299,793.79,0.137,0.926,0.7690241584,-13.24537709,180,7.268720009,2.104956792,32.889754,True,False,True,0.07904931367,0.1682478091,0.02118735868,True,False,True,0.069,0.03,0.228,True,True,True,True,False,True,results/plots/210521_Sample_C3_force_time.png,results/plots/210521_Sample_C3_force_extension.png
210521 MRC Sample C4Data.csv,21.05.2021,C,4,59.2,M,18wks,oim Het,28.6893184,-0.004047655492,False,0.06224242564,58.75502052,121.7633333,11644.55612,0.011644556,14.001,0.059,5.066745353,10.79922863,1.512,215.1018234,1.288155598,0.04056853082,789.19,0.083,0.568,0.6407966448,-7.332396433,158,24.75003578,1.613353511,10.04915279,True,False,True,0.07882261353,0.1866645603,0.04963219468,True,False,True,0.064,0.025,0.079,True,True,True,True,False,True,results/plots/210521_Sample_C4_force_time.png,results/plots/210521_Sample_C4_force_extension.png
210521 MRC Sample C5Data.csv,21.05.2021,C,5,59.2,M,18wks,oim Het,44.17743602,-0.01263946139,False,0.03771637689,26.42207789,91.46766667,6570.903394,0.006570903,14.001,0.079,12.02270069,11.41347047,1.598,421.5603219,3.043721692,0.05363902578,791.54,0.078,0.751,0.830289882,-18.88534488,172,2.102939972,1.137772843,9.995347359,False,False,True,0.110875324,0.1719053558,0.05267138701,False,False,True,0.05,0.035,0.104,True,True,True,False,False,True,results/plots/210521_Sample_C5_force_time.png,results/plots/210521_Sample_C5_force_extension.png
210521 MRC Sample C6Data.csv,21.05.2021,C,6,59.2,M,18wks,oim Het,1.378906365,-0.0001897668343,False,0.01172113345,20.54779871,97.39333333,7449.863945,0.007449864,14.001,0.005,0.6711531915,0,0,,,,,,,,,0,0.3870889684,1.712607787,1.173566227,False,False,False,0.1836925183,0.1585590427,0.1678532244,False,False,False,0.025,0.025,0.02,True,True,True,False,False,False,results/plots/210521_Sample_C6_force_time.png,results/plots/210521_Sample_C6_force_extension.png
210521 MRC Sample C7Data.csv,21.05.2021,C,7,59.2,M,18wks,oim Het,1.596828329,-0.002449336903,False,0.05531905882,28.17922865,110.7536667,9633.988151,0.009633988,14,0.188,19.51424478,4.507142857,0.631,597.1058141,4.670962845,0.01764285714,785.06,0.152,0.247,0.8638026863,-5.811900205,174,14.96921543,14.6915819,26.42046406,True,True,True,0.04261414066,0.04322905781,0.02177750417,True,True,True,0.123,0.114,0.222,True,True,True,True,True,True,results/plots/210521_Sample_C7_force_time.png,results/plots/210521_Sample_C7_force_extension.png
210521 MRC Sample C8Data.csv,21.05.2021,C,8,59.2,M,18wks,oim Het,24.02548625,-0.003194017427,False,0.0441009576,53.93723223,124.271,12129.12488,0.012129125,14,0.064,5.276555399,10.34285714,1.448,243.997702,1.648923562,0.03578571429,788.33,0.088,0.501,0.7882812583,-7.396746229,176,9.300499315,2.663344962,15.67303281,True,False,True,0.0624857021,0.1431863779,0.05108506519,True,False,True,0.059,0.025,0.079,True,True,True,True,False,True,results/plots/210521_Sample_C8_force_time.png,results/plots/210521_Sample_C8_force_extension.png
210521 MRC Sample C9Data.csv,21.05.2021,C,9,59.2,M,18wks,oim Het,-7.251359073,0.004407753677,False,0.04264570841,34.66496058,120.7766667,11456.60554,0.011456606,14,0.094,8.204873241,3.992857143,0.559,292.8282333,1.745717711,0.01342857143,784.32,0.073,0.188,0.7860540865,-1.287810726,164,3.632782963,11.61365822,16.8453993,True,True,True,0.04663204739,0.05580968831,0.04605322498,True,True,True,0.084,0.064,0.094,True,True,True,True,True,True,results/plots/210521_Sample_C9_force_time.png,results/plots/210521_Sample_C9_force_extension.png
210521 MRC Sample D1Data.csv,21.05.2021,D,1,142.4,M,18wks,oim Hom,100,-0.01626504219,True,0.04197885412,37.53534898,90.26433333,6399.149245,0.006399149,14,0.01,1.562707791,3.314285714,0.464,,,,,,,,,0,1.777699467,0.4040785624,1.669017338,False,False,False,0.1853248389,0.2275673494,0.1498816313,False,False,False,0.03,0.025,0.025,True,True,True,False,False,False,results/plots/210521_Sample_D1_force_time.png,results/plots/210521_Sample_D1_force_extension.png
210521 MRC Sample D3Data.csv,21.05.2021,D,3,142.4,M,18wks,oim Hom,27.93995617,-0.006937021938,False,0.04294018969,39.02471399,83.947,5534.778462,0.005534778,14,0.01,1.8067572,7.207142857,1.009,,,,,,,,,0,1.74897988,1.552050451,2.069828491,False,False,False,0.1625058002,0.1795013745,0.08153369462,False,False,False,0.03,0.025,0.03,True,True,True,False,False,False,results/plots/210521_Sample_D3_force_time.png,results/plots/210521_Sample_D3_force_extension.png
210521 MRC Sample D4Data.csv,21.05.2021,D,4,142.4,M,18wks,oim Hom,95.03903218,-0.006980581079,False,-0.0002482071862,-0.3846104169,89.19366667,6248.24308,0.006248243,14,0.01,1.600449918,0,0,,,,,,,,,0,1.048611997,1.576914916,0.7405196187,False,False,False,0.1711711556,0.1704404537,0.2082056806,False,False,False,0.025,0.025,0.02,True,True,True,False,False,False,results/plots/210521_Sample_D4_force_time.png,results/plots/210521_Sample_D4_force_extension.png
210521 MRC Sample D5Data.csv,21.05.2021,D,5,142.4,M,18wks,oim Hom,100,-0.002839166028,True,0.001666117998,1.232252201,63.16466667,3133.562048,0.003133562,14,0.01,3.191256468,0,0,,,,,,,,,0,0.5987510978,0.7607462779,0.4224865334,False,False,False,0.1601593863,0.2070594605,0.2083571794,False,False,False,0.02,0.015,0.015,True,True,True,False,False,False,results/plots/210521_Sample_D5_force_time.png,results/plots/210521_Sample_D5_force_extension.png
210521 MRC Sample D6Data.csv,21.05.2021,D,6,142.4,M,18wks,oim Hom,39.7167472,-0.004637728033,False,0.05961328106,40.38098404,71.142,3975.044747,0.003975045,14,0.03,7.547084373,11.65,1.631,117.8176245,2.515694791,0.07085714286,794.63,0.078,0.992,0.2913315744,-6.570589953,150,14.6191306,1.062213983,6.312752018,True,False,True,0.05083710184,0.1352505455,0.06594559677,True,False,True,0.049,0.015,0.035,True,True,True,True,False,True,results/plots/210521_Sample_D6_force_time.png,results/plots/210521_Sample_D6_force_extension.png
210521 MRC Sample D7Data.csv,21.05.2021,D,7,142.4,M,18wks,oim Hom,100,-0.005129717204,False,0.05727177153,51.45148194,103.586,8427.368943,0.008427369,14,0.074,8.780913711,14.81428571,2.074,555.56937,0.5933049805,0.0245,786.3,0.078,0.343,0.661738294,-13.17346297,87,12.71654606,2.450185483,44.71077617,True,False,True,0.05202953888,0.07812837787,0.03108428947,True,True,True,0.049,0.015,0.084,True,True,True,True,True,True,results/plots/210521_Sample_D7_force_time.png,results/plots/210521_Sample_D7_force_extension.png
210521 MRC Sample D8Data.csv,21.05.2021,D,8,142.4,M,18wks,oim Hom,,0,False,0.08190473991,60.00746645,96.236,7273.861179,0.007273861,14.001,0.034,4.67427134,3.535461753,0.495,207.2209762,0.687392844,0.02806942361,786.94,0.078,0.393,0.4115051543,-5.055024928,73,0.5237834175,0.5147833463,15.14663518,False,False,True,0.04363881082,0.14038558,0.1317447794,True,False,False,0.054,0.01,0.039,True,False,True,True,False,False,results/plots/210521_Sample_D8_force_time.png,results/plots/210521_Sample_D8_force_extension.png
210521 MRC Sample E1Data.csv,21.05.2021,E,1,142.5,M,18wks,oim Hom,,0,False,-2.864012009e-05,-0.09079449919,70.46066667,3899.270619,0.003899271,10,0.034,8.719578608,13.43,1.343,145.6316017,1.282290972,0.103,800.4,0.078,1.03,0.1801157899,-13.18643164,139,1.694962714,0.9971959662,19.59557479,False,False,True,0.03044834413,0.03669662985,0.1200064856,True,True,False,0.015,0.01,0.039,True,False,True,True,False,False,results/plots/210521_Sample_E1_force_time.png,results/plots/210521_Sample_E1_force_extension.png
210521 MRC Sample E10Data.csv,21.05.2021,E,10,142.5,M,18wks,oim Hom,13.0199359,-0.006197576208,False,0.05707489693,67.72655607,91.28133333,6544.158834,0.006544159,10,0.044,6.723553019,90.74,9.074,219.4286821,2.292120347,0.0265,786.66,0.088,0.265,0.4831716892,-3.499613755,112,3.194456351,12.74811883,25.04948719,True,True,True,0.08138769232,0.1008937962,0.1192840963,False,False,False,0.039,0.039,0.044,True,True,True,False,False,False,results/plots/210521_Sample_E10_force_time.png,results/plots/210521_Sample_E10_force_extension.png
210521 MRC Sample E2Data.csv,21.05.2021,E,2,142.5,M,18wks,oim Hom,100,-0.02912457618,True,0.003990753978,4.309710295,92.02833333,6651.705227,0.006651705,10.001,0.024,3.608097473,7.03929607,0.704,80.72298088,1.353036552,0.06779322068,794.08,0.107,0.678,0.09794919163,-4.328618371,41,0.4269408955,2.198747615,3.93316793,False,False,True,0.1590652686,0.1641520078,0.1286242339,False,False,False,0.039,0.034,0.044,True,True,True,False,False,False,results/plots/210521_Sample_E2_force_time.png,results/plots/210521_Sample_E2_force_extension.png
210521 MRC Sample E4Data.csv,21.05.2021,E,4,142.5,M,18wks,oim Hom,66.14755206,-0.03824840816,False,0.08853781303,54.0148263,82.13033333,5297.818216,0.005297818,10,0.034,6.41773651,3.24,0.324,157.7686476,2.831354342,0.0289,787.09,0.088,0.289,0.1935499343,-2.582331061,105,0.4165348571,17.77007773,19.59948995,False,True,True,0.06257563908,0.075820774,0.1314983734,True,True,False,0.044,0.039,0.034,True,True,True,True,True,False,results/plots/210521_Sample_E4_force_time.png,results/plots/210521_Sample_E4_force_extension.png
210521 MRC Sample E5Data.csv,21.05.2021,E,5,142.5,M,18wks,oim Hom,13.9141877,-0.001680163305,False,0.001768014542,1.660395835,78.25333333,4809.451766,0.004809452,10.001,0.014,2.910934551,0,0,,,,,,,,,0,1.046727408,0.7226866733,1.420864278,False,False,False,0.2022872537,0.2057390888,0.2424096624,False,False,False,0.029,0.029,0.024,True,True,True,False,False,False,results/plots/210521_Sample_E5_force_time.png,results/plots/210521_Sample_E5_force_extension.png
210521 MRC Sample E6Data.csv,21.05.2021,E,6,142.5,M,18wks,oim Hom,100,-0.0009965731397,True,0.01932427743,25.41466628,88.943,6213.172754,0.006213173,10.001,0.01,1.609483592,9.189081092,0.919,,,,,,,,,0,9.578878472,0.66521439,3.295294675,True,False,True,0.04984804583,0.1195581181,0.1068283987,True,False,False,0.04,0.015,0.015,True,True,True,True,False,False,results/plots/210521_Sample_E6_force_time.png,results/plots/210521_Sample_E6_force_extension.png
210521 MRC Sample E7Data.csv,21.05.2021,E,7,142.5,M,18wks,oim Hom,,0,False,0.00210572746,6.459887084,74.82666667,4397.467914,0.004397468,10.001,0.01,2.274035877,7.809219078,0.781,,,,,,,,,0,3.804640042,1.343566774,2.400690965,True,False,False,0.0322902888,0.04678380247,0.1095535015,True,True,False,0.02,0.01,0.015,True,False,True,True,False,False,results/plots/210521_Sample_E7_force_time.png,results/plots/210521_Sample_E7_force_extension.png
210522 MRC Sample A1Data.csv,22.05.2021,A,1,91.1,M,18wks,oim Wt,10.83630342,-0.02413015702,False,0.1228170964,45.31872159,106.0853333,8838.947854,0.008838948,14.001,0.391,44.23603352,14.72037712,2.061,793.3168006,7.240680678,0.01664166845,784.89,0.052,0.233,0.9123707457,-5.341051207,180,46.691614,82.04795698,265.9531329,True,True,True,0.01973732106,0.03052574364,0.0107573393,True,True,True,0.153,0.129,0.401,True,True,True,True,True,True,results/plots/210522_Sample_A1_force_time.png,results/plots/210522_Sample_A1_force_extension.png
210522 MRC Sample A10Data.csv,22.05.2021,A,10,91.1,M,18wks,oim Wt,18.86821984,-0.03985981564,False,0.1500841457,40.99952235,131.31,13542.0834,0.013542083,14,0.525,38.76803886,12.5,1.75,707.7456187,14.99030836,0.02628571429,786.64,0.22,0.368,0.9689315649,-3.804224118,181,33.68504428,24.90656761,81.2884773,True,True,True,0.01796586702,0.02458089345,0.01447698929,True,True,True,0.272,0.208,0.564,True,True,True,True,True,True,results/plots/210522_Sample_A10_force_time.png,results/plots/210522_Sample_A10_force_extension.png
210522 MRC Sample A2Data.csv,22.05.2021,A,2,91.1,M,18wks,oim Wt,78.23373319,-0.003230427336,False,0.007995160576,11.03338331,108.975,9327.03565,0.009327036,14.001,0,0,0,0,,,,,,,,,0,2.497648355,1.400024788,0.3645331394,False,False,False,0.1128039704,0.1295072346,0.1876291541,False,False,False,0.04,0.02,0.015,True,True,True,False,False,False,results/plots/210522_Sample_A2_force_time.png,results/plots/210522_Sample_A2_force_extension.png
210522 MRC Sample A3Data.csv,22.05.2021,A,3,91.1,M,18wks,oim Wt,23.8499623,-0.04099297495,False,0.1814418822,44.56251983,126.5766667,12583.37649,0.012583376,14,0.441,35.04623878,16.33571429,2.287,541.9060671,9.854271223,0.02064285714,785.61,0.161,0.289,0.9079501234,-2.289526439,180,28.06243606,21.31199593,55.76723906,True,True,True,0.01744541917,0.03402104941,0.02444978233,True,True,True,0.258,0.159,0.505,True,True,True,True,True,True,results/plots/210522_Sample_A3_force_time.png,results/plots/210522_Sample_A3_force_extension.png
210522 MRC Sample A4Data.csv,22.05.2021,A,4,91.1,M,18wks,oim Wt,25.06467069,-0.03276294093,False,0.09913937679,42.2155947,146.8876667,16945.74027,0.01694574,14,0.431,25.43412091,15.55,2.177,429.8089219,8.202651522,0.025,786.39,0.161,0.35,0.8829258543,-2.777450926,181,15.64429981,22.98174938,60.40036767,True,True,True,0.02118308279,0.03211412684,0.01013609957,True,True,True,0.217,0.163,0.465,True,True,True,True,True,True,results/plots/210522_Sample_A4_force_time.png,results/plots/210522_Sample_A4_force_extension.png
210522 MRC Sample A5Data.csv,22.05.2021,A,5,91.1,M,18wks,oim Wt,5.321152798,-0.01165540043,False,0.1454342461,43.23573795,102.958,8325.495236,0.008325495,16.941,0.257,30.86903541,6.115341479,1.036,851.6914619,7.687230609,0.01422584263,784.51,0.052,0.241,0.9203988552,-3.855711873,179,15.95440069,59.27674855,96.14374151,True,True,True,0.02625148169,0.02773877129,0.01389531387,True,True,True,0.153,0.134,0.272,True,True,True,True,True,True,results/plots/210522_Sample_A5_force_time.png,results/plots/210522_Sample_A5_force_extension.png
210522 MRC Sample A6Data.csv,22.05.2021,A,6,91.1,M,18wks,oim Wt,29.10584173,-0.05064705132,False,0.1219395842,50.55467709,116.3066667,10624.27002,0.01062427,14,0.203,19.10719513,6.064285714,0.849,614.7092267,6.965184431,0.01935714286,785.37,0.062,0.271,0.8999383196,-4.947414836,182,32.90673329,74.46983675,141.1458863,True,True,True,0.0232918596,0.02265398662,0.01712375164,True,True,True,0.143,0.124,0.223,True,True,True,True,True,True,results/plots/210522_Sample_A6_force_time.png,results/plots/210522_Sample_A6_force_extension.png
210522 MRC Sample A7Data.csv,22.05.2021,A,7,91.1,M,18wks,oim Wt,10.84367309,-0.01378546577,False,0.1292308093,42.83654671,122.3843333,11763.63482,0.011763635,14,0.159,13.51623031,4.228571429,0.592,444.7284577,3.825348202,0.01192857143,784.04,0.072,0.167,0.8824758876,-1.035517755,181,10.14654133,62.42361786,107.9402179,True,True,True,0.02383347729,0.02619696709,0.01666238311,True,True,True,0.169,0.109,0.208,True,True,True,True,True,True,results/plots/210522_Sample_A7_force_time.png,results/plots/210522_Sample_A7_force_extension.png
210522 MRC Sample A8Data.csv,22.05.2021,A,8,91.1,M,18wks,oim Wt,4.898901742,-0.008349637442,False,0.1178042793,46.86106882,116.763,10707.80296,0.010707803,14,0.317,29.60457902,10.5,1.47,631.1343501,5.510000511,0.01471428571,784.55,0.052,0.206,0.8938622648,-3.464805541,179,63.37548337,33.51243321,88.40425688,True,True,True,0.02755992842,0.02981500113,0.01074231783,True,True,True,0.148,0.133,0.332,True,True,True,True,True,True,results/plots/210522_Sample_A8_force_time.png,results/plots/210522_Sample_A8_force_extension.png
210522 MRC Sample A9Data.csv,22.05.2021,A,9,91.1,M,18wks,oim Wt,4.664317804,-0.008440097219,False,0.1200228026,45.44212557,117.398,10824.58557,0.010824586,14,0.396,36.58338527,13.44285714,1.882,683.7108787,6.836289166,0.01357142857,784.34,0.062,0.19,0.9040508026,-2.572087757,181,73.67232973,52.86455223,255.3914556,True,True,True,0.02266041948,0.024703724,0.01880437116,True,True,True,0.163,0.138,0.431,True,True,True,True,True,True,results/plots/210522_Sample_A9_force_time.png,results/plots/210522_Sample_A9_force_extension.png
210522 MRC Sample B1Data.csv,22.05.2021,B,1,91.2,M,18wks,oim Wt,42.17569451,-0.04333891758,False,0.09312698032,50.78683204,119.816,11275.07696,0.011275077,14,0.356,31.57406375,13.01428571,1.822,704.04226,6.119692132,0.02671428571,786.7,0.057,0.374,0.9310538448,-12.47647978,181,11.20840454,46.69786249,170.9984066,True,True,True,0.02374468514,0.03477727653,0.01536053022,True,True,True,0.129,0.089,0.361,True,True,True,True,True,True,results/plots/210522_Sample_B1_force_time.png,results/plots/210522_Sample_B1_force_extension.png
210522 MRC Sample B10Data.csv,22.05.2021,B,10,91.2,M,18wks,oim Wt,26.60665615,-0.03353062408,False,0.06615092908,43.39308117,134.3176667,14169.5533,0.014169553,14,0.43,30.34675829,13.4,1.876,587.4313838,5.222465381,0.02214285714,785.89,0.062,0.31,0.9399657585,-7.989152877,181,21.18663924,74.35404682,272.2563232,True,True,True,0.01988230941,0.02106362461,0.01175008338,True,True,True,0.148,0.124,0.435,True,True,True,True,True,True,results/plots/210522_Sample_B10_force_time.png,results/plots/210522_Sample_B10_force_extension.png
210522 MRC Sample B2Data.csv,22.05.2021,B,2,91.2,M,18wks,oim Wt,28.23074927,-0.02816761203,False,0.0691495724,46.66772572,152.8893333,18358.79849,0.018358798,14,0.208,11.32971777,7.064285714,0.989,291.9882804,4.303113962,0.01871428571,785.27,0.067,0.262,0.8686352887,-0.8234804068,180,8.51176091,45.19305429,33.29651918,True,True,True,0.029876953,0.03955003855,0.01289168464,True,True,True,0.143,0.119,2.644,True,True,True,True,True,True,results/plots/210522_Sample_B2_force_time.png,results/plots/210522_Sample_B2_force_extension.png
210522 MRC Sample B3Data.csv,22.05.2021,B,3,91.2,M,18wks,oim Wt,23.00508344,-0.05535606317,False,0.1153671988,38.62642904,115.0076667,10388.27568,0.010388276,14,0.47,45.24331082,15.87857143,2.223,787.2774188,6.642103079,0.01,783.67,0.062,0.14,0.9470646872,-1.486263201,181,70.52475903,32.20274646,117.4010443,True,True,True,0.01978457074,0.02673373483,0.0233979483,True,True,True,0.198,0.158,0.485,True,True,True,True,True,True,results/plots/210522_Sample_B3_force_time.png,results/plots/210522_Sample_B3_force_extension.png
210522 MRC Sample B4Data.csv,22.05.2021,B,4,91.2,M,18wks,oim Wt,31.80074387,-0.05335682466,False,0.1006250926,49.40987167,119.4546667,11207.17422,0.011207174,14,0.277,24.71631118,8.078571429,1.131,649.6216432,6.156770654,0.02007142857,785.52,0.057,0.281,0.9277783849,-6.920767256,179,13.08734989,74.18570492,146.4633194,True,True,True,0.02034316247,0.02127294438,0.01457706898,True,True,True,0.143,0.124,0.287,True,True,True,True,True,True,results/plots/210522_Sample_B4_force_time.png,results/plots/210522_Sample_B4_force_extension.png
210522 MRC Sample B5Data.csv,22.05.2021,B,5,91.2,M,18wks,oim Wt,7.463140722,-0.009043808791,False,0.1607429156,48.70421849,97.48633333,7464.098351,0.007464098,14.001,0.104,13.93336475,4.728233698,0.662,578.8079121,0.6698733055,0,781.45,-0.007,0,0.7859346578,0.9457752265,101,11.22363199,6.656311699,24.97564321,True,True,True,0.04732964579,0.06389655025,0.03478096433,True,True,True,0.114,0.074,0.104,True,True,True,True,True,True,results/plots/210522_Sample_B5_force_time.png,results/plots/210522_Sample_B5_force_extension.png
210522 MRC Sample B6Data.csv,22.05.2021,B,6,91.2,M,18wks,oim Wt,26.70666833,-0.01935045423,False,0.06760122342,55.54522514,143.6256667,16201.45417,0.016201454,14,0.292,18.02307373,11.42142857,1.599,442.332142,4.567491288,0.02614285714,786.6,0.062,0.366,0.9223427549,-6.936134239,181,13.5259369,49.16914882,196.1611991,True,True,True,0.02224450319,0.04592704278,0.01580743661,True,True,True,0.124,0.089,0.297,True,True,True,True,True,True,results/plots/210522_Sample_B6_force_time.png,results/plots/210522_Sample_B6_force_extension.png
210522 MRC Sample B7Data.csv,22.05.2021,B,7,91.2,M,18wks,oim Wt,18.51743996,-0.01214122469,False,0.06459578147,36.64465909,138.1516667,14990.01746,0.014990017,14.001,0.119,7.938616747,6.099564317,0.854,275.1962508,0.667110651,0,781.48,-0.002,0,0.6482573396,0.8038178506,96,1.49609368,8.877670175,16.08624617,False,True,True,0.04223771397,0.05676240753,0.0358225457,True,True,True,0.124,0.079,0.124,True,True,True,True,True,True,results/plots/210522_Sample_B7_force_time.png,results/plots/210522_Sample_B7_force_extension.png
210522 MRC Sample B8Data.csv,22.05.2021,B,8,91.2,M,18wks,oim Wt,9.262742273,-0.002885101127,False,0.08448730884,71.70019203,118.5523333,11038.5008,0.011038501,14,0.034,3.080128362,2.835714286,0.397,151.89116,0.4529600532,0.01664285714,784.89,-0.002,0.233,0.3838997883,-1.731311024,52,19.69797042,3.655353609,8.612961461,True,True,True,0.05915886336,0.1313502705,0.06247928354,True,False,True,0.074,0.039,0.044,True,True,True,True,False,True,results/plots/210522_Sample_B8_force_time.png,results/plots/210522_Sample_B8_force_extension.png
210522 MRC Sample B9Data.csv,22.05.2021,B,9,91.2,M,18wks,oim Wt,100,-0.001150374461,True,0.150669377,89.72838628,157.3743333,19451.7056,0.019451706,14.001,0,0,0,0,,,,,,,,,0,0.2573916731,0.9348077991,0.2196149833,False,False,False,0.01257116778,0.1023094966,0.246439914,True,False,False,0.173,0.02,0.01,True,True,False,True,False,False,results/plots/210522_Sample_B9_force_time.png,results/plots/210522_Sample_B9_force_extension.png
210522 MRC Sample C1Data.csv,22.05.2021,C,1,96.3,M,18wks,oim Het,81.73277976,-0.07528493829,False,0.07024021275,37.15317741,75.03366667,4421.83182,0.004421832,14,0.178,40.25480841,10.4,1.456,872.5912549,9.950626799,0.03807142857,788.73,0.032,0.533,0.7916561087,-21.72438152,179,7.700619815,15.60573376,89.44202345,True,True,True,0.05420252869,0.06677184664,0.02324298091,True,True,True,0.054,0.054,0.193,True,True,True,True,True,True,results/plots/210522_Sample_C1_force_time.png,results/plots/210522_Sample_C1_force_extension.png
210522 MRC Sample C10Data.csv,22.05.2021,C,10,96.3,M,18wks,oim Het,3.474608715,-0.003819521473,False,0.04007880882,35.59631942,109.3826667,9396.949556,0.00939695,14.001,0.277,29.47764966,12.78480109,1.79,457.9001002,5.746545422,0.0224269695,785.94,0.042,0.314,0.8525965827,-4.272641707,180,10.62457696,12.17952246,46.86891468,True,True,True,0.05925143511,0.07003719966,0.0227424778,True,True,True,0.079,0.074,0.292,True,True,True,True,True,True,results/plots/210522_Sample_C10_force_time.png,results/plots/210522_Sample_C10_force_extension.png
210522 MRC Sample C2Data.csv,22.05.2021,C,2,96.3,M,18wks,oim Het,15.2220407,-0.01906562703,False,0.05074591365,26.26667799,74.54233333,4364.111593,0.004364112,14,0.119,27.26786114,6.792857143,0.951,724.7804426,11.22794282,0.03371428571,787.96,0.037,0.472,0.7630797843,-12.57643253,140,4.324082229,23.14660916,58.5193887,True,True,True,0.04952972063,0.08713913408,0.03407599392,True,False,True,0.054,0.044,0.124,True,True,True,True,False,True,results/plots/210522_Sample_C2_force_time.png,results/plots/210522_Sample_C2_force_extension.png
210522 MRC Sample C3Data.csv,22.05.2021,C,3,96.3,M,18wks,oim Het,91.51566776,-0.07749222428,False,0.06755002939,39.01625797,85.511,5742.934353,0.005742934,14,0.119,20.72111572,10.07857143,1.411,497.5429409,2.611905343,0.02407142857,786.23,0.003,0.337,0.619945291,-8.996342144,99,6.740758967,15.91538938,60.66311629,True,True,True,0.04739486258,0.06600078487,0.03236784602,True,True,True,0.059,0.054,0.129,True,True,True,True,True,True,results/plots/210522_Sample_C3_force_time.png,results/plots/210522_Sample_C3_force_extension.png
210522 MRC Sample C5Data.csv,22.05.2021,C,5,96.3,M,18wks,oim Het,42.34568754,-0.06399845727,False,0.05294874858,33.66068683,87.664,6035.76674,0.006035767,14,0.222,36.78074386,11.80714286,1.653,711.985924,9.775062556,0.02664285714,786.68,0.062,0.373,0.8027802089,-11.64245013,180,24.39894701,8.243423367,41.21598262,True,True,True,0.06478128481,0.0539085958,0.02087189697,True,True,True,0.074,0.074,0.237,True,True,True,True,True,True,results/plots/210522_Sample_C5_force_time.png,results/plots/210522_Sample_C5_force_extension.png
210522 MRC Sample C6Data.csv,22.05.2021,C,6,96.3,M,18wks,oim Het,3.877412974,-0.009827907092,False,0.09162210458,33.28311597,73.494,4242.224535,0.004242225,14,0.331,78.02509296,15.76428571,2.207,1088.308946,33.70872596,0.05692857143,792.12,0.136,0.797,0.807359989,-28.87899234,180,11.34597109,16.59570915,93.68487987,True,True,True,0.0531362267,0.0654997123,0.02732665631,True,True,True,0.079,0.074,0.336,True,True,True,True,True,True,results/plots/210522_Sample_C6_force_time.png,results/plots/210522_Sample_C6_force_extension.png
210522 MRC Sample C7Data.csv,22.05.2021,C,7,96.3,M,18wks,oim Het,8.939637366,-0.02168502015,False,0.09067889333,21.61862399,75.39333333,4464.32467,0.004464325,14,0.173,38.75165899,7.064285714,0.989,1009.214244,12.09589356,0.01507142857,784.61,0.047,0.211,0.8125971478,-3.367462853,178,47.98922844,13.3054699,37.26150583,True,True,True,0.04858135573,0.03908522623,0.02435664293,True,True,True,0.114,0.094,0.198,True,True,True,True,True,True,results/plots/210522_Sample_C7_force_time.png,results/plots/210522_Sample_C7_force_extension.png
210522 MRC Sample C8Data.csv,22.05.2021,C,8,96.3,M,18wks,oim Het,100,-0.006137285522,True,-0.005558382836,-9.935751761,85.69633333,5767.855371,0.005767855,14,0.074,12.82972613,17.93571429,2.511,363.8878427,3.467493548,0.1182857143,803.14,0.008,1.656,0.5750058068,-39.37580699,181,3.754117791,2.036536186,37.28166451,True,False,True,0.07051636155,0.06356063378,0.03992208545,True,True,True,0.035,0.03,0.084,True,True,True,True,True,True,results/plots/210522_Sample_C8_force_time.png,results/plots/210522_Sample_C8_force_extension.png
210522 MRC Sample C9Data.csv,22.05.2021,C,9,96.3,M,18wks,oim Het,100,-0.001198557987,True,9.889512484e-05,0.19346575,91.51633333,6577.897538,0.006577898,14,0.183,27.82043747,13.77857143,1.929,608.2002108,7.449188175,0.07057142857,794.58,0.037,0.988,0.762715982,-34.61017477,180,0.7273020082,0.5373258035,122.7972868,False,False,True,0.1191587678,0.1638492568,0.01748803421,False,False,True,0.015,0.01,0.198,True,False,True,False,False,True,results/plots/210522_Sample_C9_force_time.png,results/plots/210522_Sample_C9_force_extension.png
210522 MRC Sample D10Data.csv,22.05.2021,D,10,85.3,F,18wks,oim Hom,56.16025006,-0.003472426742,False,0.0004061694403,0.5866002484,92.35333333,6698.76946,0.006698769,8,0.025,3.732028974,8.0125,0.641,35.88342025,0.7464057949,0.072375,794.89,-0.012,0.579,0.1768955596,-1.746168755,151,0.890778343,0.770670708,3.552495621,False,False,True,0.08942990089,0.1424088558,0.1011438493,False,False,False,0.025,0.015,0.035,True,True,True,False,False,False,results/plots/210522_Sample_D10_force_time.png,results/plots/210522_Sample_D10_force_extension.png
210522 MRC Sample D2Data.csv,22.05.2021,D,2,85.3,F,18wks,oim Hom,100,-0.01215802939,True,0.05949048351,60.41428878,61.67033333,2987.049867,0.00298705,8,0.024,8.034683048,8.5375,0.683,140.3638451,1.673892302,0.0595,792.57,-0.002,0.476,0.284008102,-6.380511168,27,5.177117555,1.903047324,4.689111942,True,False,True,0.1041240126,0.1978513841,0.1418835975,False,False,False,0.039,0.02,0.029,True,True,True,False,False,False,results/plots/210522_Sample_D2_force_time.png,results/plots/210522_Sample_D2_force_extension.png
210522 MRC Sample D3Data.csv,22.05.2021,D,3,85.3,F,18wks,oim Hom,24.90157293,-0.001576673722,False,0.002193636412,1.978807845,62.984,3115.662149,0.003115662,8,0,0,0,0,,,,,,,,,0,0.8098332335,1.117080603,0.5623202826,False,False,False,0.1116583638,0.1166691133,0.1426355524,False,False,False,0.015,0.015,0.02,True,True,True,False,False,False,results/plots/210522_Sample_D3_force_time.png,results/plots/210522_Sample_D3_force_extension.png
210522 MRC Sample D4Data.csv,22.05.2021,D,4,85.3,F,18wks,oim Hom,100,-0.006238718671,False,0.003783759143,3.557241568,68.194,3652.432612,0.003652433,8,0.015,4.106851515,2.1375,0.171,6.024893601e-14,1.368950505,0.019625,785.41,-0.007,0.157,,1.368950505,12,0.7330541451,2.982455883,2.403173259,False,False,False,0.04599636812,0.06446425397,0.08819397493,True,True,False,0.04,0.025,0.03,True,True,True,True,True,False,results/plots/210522_Sample_D4_force_time.png,results/plots/210522_Sample_D4_force_extension.png
210522 MRC Sample D6Data.csv,22.05.2021,D,6,85.3,F,18wks,oim Hom,100,-0.002353621667,False,0.0005234667591,0.4192494952,77.546,4722.89927,0.004722899,7.001,0,0,0,0,,,,,,,,,0,0.7394600599,0.7194716829,0.5889595337,False,False,False,0.07623478536,0.1705094392,0.1625552271,True,False,False,0.025,0.01,0.015,True,False,True,True,False,False,results/plots/210522_Sample_D6_force_time.png,results/plots/210522_Sample_D6_force_extension.png
210522 MRC Sample E10Data.csv,22.05.2021,E,10,95.3,F,18wks,oim Hom,-48.10242707,0.002828155993,False,-0.001834771479,-10.21611308,79.95166667,5020.476335,0.005020476,10.001,0.015,2.987764507,0.1799820018,0.018,1.184461607e-13,0.9959215023,0,781.5,-0.007,0,0.3571428571,0.9959215023,35,1.518222211,1.425780473,1.562890573,False,False,False,0.1849537981,0.1856478295,0.2287363131,False,False,False,0.02,0.02,0.015,True,True,True,False,False,False,results/plots/210522_Sample_E10_force_time.png,results/plots/210522_Sample_E10_force_extension.png
210522 MRC Sample E2Data.csv,22.05.2021,E,2,95.3,F,18wks,oim Hom,100,-0.005977220196,True,-0.0008224180238,-1.774264489,80.66666667,5110.673116,0.005110673,10,0.02,3.913378923,2.69,0.269,1.305783322e-13,0.9783447307,0,781.52,-0.007,0,-9.146341463,0.9783447307,41,0.9040072252,0.5631846423,0.4210183963,False,False,False,0.1841537888,0.1911418572,0.188209747,False,False,False,0.025,0.025,0.02,True,True,True,False,False,False,results/plots/210522_Sample_E2_force_time.png,results/plots/210522_Sample_E2_force_extension.png
210522 MRC Sample E3Data.csv,22.05.2021,E,3,95.3,F,18wks,oim Hom,63.23141512,-0.01234537508,False,0.03041305861,22.60878364,65.344,3353.523187,0.003353523,10.001,0.015,4.472908043,9.9890011,0.999,6.494139222e-14,1.490969348,0.09659034097,799.24,-0.007,0.966,-0.2941176471,1.490969348,34,0.6932119069,2.353751379,4.09641653,False,False,True,0.06119337785,0.06517124448,0.1276724793,True,True,False,0.035,0.03,0.025,True,True,True,True,True,False,results/plots/210522_Sample_E3_force_time.png,results/plots/210522_Sample_E3_force_extension.png
210522 MRC Sample E4Data.csv,22.05.2021,E,4,95.3,F,18wks,oim Hom,100,-0.02282034128,True,-0.001839126899,-6.920208707,73.94233333,4294.139843,0.00429414,10.001,0.01,2.328755001,2.939706029,0.294,,,,,,,,,0,0.544300696,0.353794436,0.5441645526,False,False,False,0.2345384635,0.2419216433,0.1832533331,False,False,False,0.02,0.02,0.02,True,True,True,False,False,False,results/plots/210522_Sample_E4_force_time.png,results/plots/210522_Sample_E4_force_extension.png
210522 MRC Sample E5Data.csv,22.05.2021,E,5,95.3,F,18wks,oim Hom,38.28923658,-0.008354492923,False,0.00234888513,2.518246274,70.90833333,3948.975475,0.003948975,10,0.015,3.798454029,0,0,,,,,,,,,0,0.744281236,1.267840445,0.7170896724,False,False,False,0.1235033298,0.1914665889,0.1425415479,False,False,False,0.035,0.025,0.025,True,True,True,False,False,False,results/plots/210522_Sample_E5_force_time.png,results/plots/210522_Sample_E5_force_extension.png
210522 MRC Sample E7Data.csv,22.05.2021,E,7,95.3,F,18wks,oim Hom,1.586408767,-0.0001445230288,False,0.01859286493,21.74262511,70.74833333,3931.174373,0.003931174,10,0.02,5.087538735,12.1,1.21,1.490912349e-13,1.271884684,0.0036,782.53,-0.007,0.036,0.6587301587,1.271884684,70,2.2730835,0.8172073088,0.6067520376,False,False,False,0.1183089882,0.1942995223,0.176420941,False,False,False,0.035,0.025,0.02,True,True,True,False,False,False,results/plots/210522_Sample_E7_force_time.png,results/plots/210522_Sample_E7_force_extension.png
210522 MRC Sample E8Data.csv,22.05.2021,E,8,95.3,F,18wks,oim Hom,100,-0.009707251953,True,-0.00010436217,-0.1259046349,60.87,2910.023424,0.002910023,10.001,0.015,5.154598434,1.449855014,0.145,2.12716674e-13,1.718199478,0.002399760024,782.33,-0.002,0.024,-8.344827586,1.718199478,29,1.199922386,0.6069628833,0.6581761933,False,False,False,0.1749762088,0.1896321058,0.1264907728,False,False,False,0.025,0.025,0.025,True,True,True,False,False,False,results/plots/210522_Sample_E8_force_time.png,results/plots/210522_Sample_E8_force_extension.png
210523 MRC Sample A1Data.csv,23.05.2021,A,1,58.5,F,18wks,oim Wt,10.28479121,-0.02400262225,False,0.1085899396,41.77294802,104.041,8501.565731,0.008501566,14.001,0.395,46.46202829,7.828012285,1.096,966.1886116,27.28909003,0.04313977573,789.66,0.233,0.604,0.7560586718,-13.82527377,91,25.78420018,61.23473733,226.8354555,True,True,True,0.03290720129,0.03024714973,0.02771447535,True,True,True,0.158,0.129,0.41,True,True,True,True,True,True,results/plots/210523_Sample_A1_force_time.png,results/plots/210523_Sample_A1_force_extension.png
210523 MRC Sample A10Data.csv,23.05.2021,A,10,58.5,F,18wks,oim Wt,11.8690463,-0.02733646116,False,0.1720999094,42.9125203,110.2353333,9544.023949,0.009544024,14.001,0.331,34.68138806,7.79230055,1.091,769.0435846,6.705766876,0.01192771945,784.05,0.07,0.167,0.8952768015,-1.947052832,181,52.56463284,30.86130636,59.59759658,True,True,True,0.02322852951,0.03048253774,0.0177469833,True,True,True,0.198,0.143,0.37,True,True,True,True,True,True,results/plots/210523_Sample_A10_force_time.png,results/plots/210523_Sample_A10_force_extension.png
210523 MRC Sample A2Data.csv,23.05.2021,A,2,58.5,F,18wks,oim Wt,30.96427499,-0.05031667459,False,0.1130642359,42.86388576,123.179,11916.8982,0.011916898,14.001,0.277,23.24430401,9.18505821,1.286,495.4126132,5.790097389,0.0162845511,784.83,0.07,0.228,0.8639617985,-1.949681999,181,82.25050813,57.33349722,154.9838864,True,True,True,0.02330054308,0.031587968,0.02401678214,True,True,True,0.168,0.129,0.316,True,True,True,True,True,True,results/plots/210523_Sample_A2_force_time.png,results/plots/210523_Sample_A2_force_extension.png
210523 MRC Sample A3Data.csv,23.05.2021,A,3,58.5,F,18wks,oim Wt,5.905470622,-0.009197938915,False,0.1351363604,46.49426857,104.2563333,8536.793472,0.008536793,14,0.134,15.69676107,3.5,0.49,669.0781444,7.49696051,0.01971428571,785.45,0.065,0.276,0.8473212791,-5.173421145,123,16.19526257,55.94311549,87.44767264,True,True,True,0.02185743499,0.02786965068,0.03526877145,True,True,True,0.144,0.094,0.173,True,True,True,True,True,True,results/plots/210523_Sample_A3_force_time.png,results/plots/210523_Sample_A3_force_extension.png
210523 MRC Sample A4Data.csv,23.05.2021,A,4,58.5,F,18wks,oim Wt,3.462200475,-0.003508329057,False,0.1026988236,39.39638888,138.742,15118.3983,0.015118398,14,0.291,19.24807112,9.892857143,1.385,355.7781421,7.2097586,0.02964285714,787.23,0.13,0.415,0.8447488572,-2.478843423,180,36.77426987,15.09899244,42.17637107,True,True,True,0.02591372119,0.0354035159,0.0232130488,True,True,True,0.198,0.134,0.326,True,True,True,True,True,True,results/plots/210523_Sample_A4_force_time.png,results/plots/210523_Sample_A4_force_extension.png
210523 MRC Sample A5Data.csv,23.05.2021,A,5,58.5,F,18wks,oim Wt,3.619093818,-0.007230029216,False,0.08697180825,38.65908974,112.7643333,9986.961933,0.009986962,14.001,0.395,39.55156733,9.956431683,1.394,825.3256974,6.408355214,0.01614170416,784.81,0.065,0.226,0.9421260709,-6.782942863,180,29.83755485,84.54135052,280.1827613,True,True,True,0.02013438665,0.02126472537,0.0146647887,True,True,True,0.144,0.149,0.41,True,True,True,True,True,True,results/plots/210523_Sample_A5_force_time.png,results/plots/210523_Sample_A5_force_extension.png
210523 MRC Sample A6Data.csv,23.05.2021,A,6,58.5,F,18wks,oim Wt,7.662200987,-0.01563273205,False,0.1472086874,37.098451,120.5733333,11418.0625,0.011418063,14,0.271,23.73432341,4.75,0.665,661.129132,12.08611303,0.0235,786.12,0.174,0.329,0.882351329,-4.193449048,155,12.10320849,21.8083221,37.46326039,True,True,True,0.02073257715,0.0268211767,0.01521760967,True,True,True,0.237,0.178,0.321,True,True,True,True,True,True,results/plots/210523_Sample_A6_force_time.png,results/plots/210523_Sample_A6_force_extension.png
210523 MRC Sample A7Data.csv,23.05.2021,A,7,58.5,F,18wks,oim Wt,10.86775919,-0.02691816385,False,0.1700673185,38.93696028,99.172,7724.458155,0.007724458,14,0.301,38.9671353,8.407142857,1.177,782.4233553,8.285370961,0.01178571429,784.02,0.07,0.165,0.8701723644,-0.9622261238,179,10.92691103,28.15160051,139.1535789,True,True,True,0.02788460746,0.03149863669,0.02386340014,True,True,True,0.178,0.129,0.316,True,True,True,True,True,True,results/plots/210523_Sample_A7_force_time.png,results/plots/210523_Sample_A7_force_extension.png
210523 MRC Sample A8Data.csv,23.05.2021,A,8,58.5,F,18wks,oim Wt,4.9296901,-0.007985789109,False,0.0544591181,23.01341137,90.62033333,6449.724914,0.006449725,14,0.213,33.02466384,8.028571429,1.124,883.1323028,12.40362961,0.02478571429,786.37,0.051,0.347,0.9135079788,-8.940981897,180,11.57533871,5.779292221,45.15304877,True,True,True,0.04550915234,0.05159584495,0.02181815121,True,True,True,0.113,0.089,0.222,True,True,True,True,True,True,results/plots/210523_Sample_A8_force_time.png,results/plots/210523_Sample_A8_force_extension.png
210523 MRC Sample A9Data.csv,23.05.2021,A,9,58.5,F,18wks,oim Wt,10.36180685,-0.02251796088,False,0.1705944214,39.25421884,106.3096667,8876.36995,0.00887637,14,0.311,35.03684502,7.471428571,1.046,645.4356142,17.23677584,0.02978571429,787.26,0.154,0.417,0.8388213343,-2.717800401,179,13.38847255,33.44932897,119.6557224,True,True,True,0.02352085316,0.02990975734,0.01923462166,True,True,True,0.188,0.134,0.35,True,True,True,True,True,True,results/plots/210523_Sample_A9_force_time.png,results/plots/210523_Sample_A9_force_extension.png
210523 MRC Sample B1Data.csv,23.05.2021,B,1,60.1,F,18wks,oim Wt,3.971654845,-0.007371391654,False,0.06596981243,31.47956467,131.178,13514.8706,0.013514871,14,0.356,26.34135391,7.521428571,1.053,573.3192083,4.809516865,0.01121428571,783.92,0.036,0.157,0.9652800363,-1.477564473,179,90.1305762,23.41008628,55.72020569,True,True,True,0.02854443107,0.02861642763,0.01544442999,True,True,True,0.182,0.168,0.365,True,True,True,True,True,True,results/plots/210523_Sample_B1_force_time.png,results/plots/210523_Sample_B1_force_extension.png
210523 MRC Sample B10Data.csv,23.05.2021,B,10,60.1,F,18wks,oim Wt,8.535067464,-0.01748979238,False,0.07359517411,35.30221287,124.041,12084.26941,0.012084269,14,0.228,18.86750452,3.792857143,0.531,699.0332072,9.019991197,0.01992857143,785.49,0.08,0.279,0.9255073598,-5.297905058,140,34.42387519,23.27994985,35.05150818,True,True,True,0.03051849941,0.03452819885,0.02102204782,True,True,True,0.173,0.158,0.237,True,True,True,True,True,True,results/plots/210523_Sample_B10_force_time.png,results/plots/210523_Sample_B10_force_extension.png
210523 MRC Sample B2Data.csv,23.05.2021,B,2,60.1,F,18wks,oim Wt,8.127684709,-0.005069495427,False,0.01652411568,15.93505163,128.095,12887.07148,0.012887071,14,0.198,15.36423599,6.435714286,0.901,472.1339155,5.742189207,0.02642857143,786.67,0.055,0.37,0.9369345085,-6.664787603,181,29.37914853,7.736714183,27.86910519,True,True,True,0.04847753571,0.04626943101,0.01912747294,True,True,True,0.089,0.079,0.212,True,True,True,True,True,True,results/plots/210523_Sample_B2_force_time.png,results/plots/210523_Sample_B2_force_extension.png
210523 MRC Sample B3Data.csv,23.05.2021,B,3,60.1,F,18wks,oim Wt,30.93469938,-0.02316125273,False,0.008108107664,18.54469366,106.1793333,8854.618808,0.008854619,14.001,0.159,17.9567297,5.385329619,0.754,737.8399284,10.05125122,0.0363545461,788.44,0.065,0.509,0.7355031095,-16.15349959,68,6.419826093,5.226333924,24.09410059,True,True,True,0.09369654291,0.08695397839,0.03076722388,False,False,True,0.059,0.054,0.173,True,True,True,False,False,True,results/plots/210523_Sample_B3_force_time.png,results/plots/210523_Sample_B3_force_extension.png
210523 MRC Sample B4Data.csv,23.05.2021,B,4,60.1,F,18wks,oim Wt,5.527911511,-0.01006905967,False,0.0796793964,35.84963628,119.1663333,11153.13693,0.011153137,14,0.306,27.43622714,7.278571429,1.019,639.1152466,6.634904601,0.01492857143,784.58,0.075,0.209,0.9554494352,-2.897513552,180,24.90021543,36.07844065,168.4170362,True,True,True,0.01955501762,0.02369595573,0.01699387361,True,True,True,0.158,0.139,0.34,True,True,True,True,True,True,results/plots/210523_Sample_B4_force_time.png,results/plots/210523_Sample_B4_force_extension.png
210523 MRC Sample B5Data.csv,23.05.2021,B,5,60.1,F,18wks,oim Wt,31.81581105,-0.02813354691,False,0.0206467057,23.57695943,141.3023333,15681.53415,0.015681534,14,0.341,21.7453216,8.471428571,1.186,558.1136611,4.400079737,0.02571428571,786.52,0.065,0.36,0.962022189,-9.945687067,181,37.14538302,21.56200511,69.13873895,True,True,True,0.04399628975,0.039329057,0.01380201052,True,True,True,0.118,0.108,0.356,True,True,True,True,True,True,results/plots/210523_Sample_B5_force_time.png,results/plots/210523_Sample_B5_force_extension.png
210523 MRC Sample B6Data.csv,23.05.2021,B,6,60.1,F,18wks,oim Wt,14.59735152,-0.03967435445,False,0.1044012139,30.7438389,91.818,6621.334657,0.006621335,14.001,0.228,34.43414357,7.370902078,1.032,833.279557,11.32702091,0.01871294908,785.22,0.046,0.262,0.8874392057,-3.432245337,181,32.47019817,16.94275933,32.81756049,True,True,True,0.03317024787,0.04373516524,0.02433223469,True,True,True,0.153,0.118,0.237,True,True,True,True,True,True,results/plots/210523_Sample_B6_force_time.png,results/plots/210523_Sample_B6_force_extension.png
210523 MRC Sample B7Data.csv,23.05.2021,B,7,60.1,F,18wks,oim Wt,18.12806123,-0.02943982319,False,0.07886738652,33.06728238,134.5173333,14211.7114,0.014211711,14.001,0.316,22.23518336,5.585315335,0.782,721.9643466,12.17305925,0.02806942361,786.94,0.174,0.393,0.9349189797,-8.238905542,113,20.40082342,40.6065666,134.0162602,True,True,True,0.01879795344,0.0228881538,0.01293810964,True,True,True,0.217,0.158,0.346,True,True,True,True,True,True,results/plots/210523_Sample_B7_force_time.png,results/plots/210523_Sample_B7_force_extension.png
210523 MRC Sample B8Data.csv,23.05.2021,B,8,60.1,F,18wks,oim Wt,25.01466524,-0.04731201528,False,0.09057533836,34.80192581,114.0786667,10221.1263,0.010221126,14,0.376,36.78655365,8.014285714,1.122,830.8614198,9.196638413,0.02178571429,785.82,0.075,0.305,0.9311773711,-9.121140294,181,84.89935582,22.74818346,80.62083978,True,True,True,0.03019507002,0.02851670146,0.01271810219,True,True,True,0.173,0.153,0.381,True,True,True,True,True,True,results/plots/210523_Sample_B8_force_time.png,results/plots/210523_Sample_B8_force_extension.png
210523 MRC Sample B9Data.csv,23.05.2021,B,9,60.1,F,18wks,oim Wt,11.01420444,-0.007175306667,False,0.1139516044,60.84785213,111.423,9750.784902,0.009750785,14.001,0.06,6.15335073,3.056924505,0.428,285.7242722,0.5127792275,0.01171344904,784,-0.014,0.164,0.6805252197,-2.731069313,80,1.965607247,5.405771696,9.435288534,False,True,True,0.06266004677,0.08848015161,0.06698109138,True,False,True,0.084,0.059,0.079,True,True,True,True,False,True,results/plots/210523_Sample_B9_force_time.png,results/plots/210523_Sample_B9_force_extension.png
210523 MRC Sample C1Data.csv,23.05.2021,C,1,77.1,F,18wks,oim Het,10.2649351,-0.003792590042,False,0.03767002482,41.04621329,131.404,13561.4789,0.013561479,14.001,0.425,31.33876475,11.34918934,1.589,466.1288675,18.58204404,0.07335190344,795.07,0.223,1.027,0.7999664549,-15.31761943,70,21.49956077,3.843134532,57.91225902,True,True,True,0.06663559932,0.0851061106,0.01049649879,True,False,True,0.079,0.059,0.434,True,True,True,True,False,True,results/plots/210523_Sample_C1_force_time.png,results/plots/210523_Sample_C1_force_extension.png
210523 MRC Sample C10Data.csv,23.05.2021,C,10,77.1,F,18wks,oim Het,22.43802982,-0.000980722359,False,0.04062934343,29.71222215,108.7683333,9291.6925,0.009291693,14,0.074,7.96410299,7.578571429,1.061,354.3116272,1.614345201,0.039,788.92,0.016,0.546,0.6914830967,-12.0868739,147,21.85889198,1.140680068,17.68289538,True,False,True,0.04969848523,0.08896099723,0.0408312368,True,False,True,0.074,0.034,0.094,True,True,True,True,False,True,results/plots/210523_Sample_C10_force_time.png,results/plots/210523_Sample_C10_force_extension.png
210523 MRC Sample C2Data.csv,23.05.2021,C,2,77.1,F,18wks,oim Het,6.446717325,-0.005053542342,False,0.09664918177,56.8087929,102.8426667,8306.853284,0.008306853,14.001,0.148,17.81661479,6.863795443,0.961,465.3144389,5.898744085,0.02864081137,787.05,0.011,0.401,0.7667364431,-6.756552381,181,5.347240383,6.218225907,19.40220861,True,True,True,0.06742088459,0.08968774501,0.03428182893,True,False,True,0.079,0.059,0.148,True,True,True,True,False,True,results/plots/210523_Sample_C2_force_time.png,results/plots/210523_Sample_C2_force_extension.png
210523 MRC Sample C3Data.csv,23.05.2021,C,3,77.1,F,18wks,oim Het,29.42465421,-0.05114593341,False,0.06650245873,37.56090529,116.226,10609.5378,0.010609538,14.001,0.282,26.57985673,8.656524534,1.212,542.0450704,6.974856021,0.01985572459,785.47,0.075,0.278,0.8571533371,-4.220896426,181,9.961114347,54.83371676,130.5658945,True,True,True,0.02764241925,0.02137220934,0.01419039161,True,True,True,0.124,0.124,0.287,True,True,True,True,True,True,results/plots/210523_Sample_C3_force_time.png,results/plots/210523_Sample_C3_force_extension.png
210523 MRC Sample C4Data.csv,23.05.2021,C,4,77.1,F,18wks,oim Het,-5.140447305,0.003267033953,False,0.05098767768,38.8353666,104.5026667,8577.182033,0.008577182,14,0.182,21.21909037,10.15714286,1.422,490.4582395,8.044600196,0.02828571429,786.98,0.036,0.396,0.8147396466,-7.411826025,180,3.949232695,6.579418548,27.71422962,True,True,True,0.06783204612,0.08044223211,0.025911898,True,False,True,0.079,0.059,0.187,True,True,True,True,False,True,results/plots/210523_Sample_C4_force_time.png,results/plots/210523_Sample_C4_force_extension.png
210523 MRC Sample C5Data.csv,23.05.2021,C,5,77.1,F,18wks,oim Het,100,-0.001575788824,True,0.01639028062,14.93835461,90.19333333,6389.086336,0.006389086,14,0.114,17.84292777,9.75,1.365,469.9040539,7.043260961,0.06642857143,793.83,0.046,0.93,0.8154163905,-23.43301061,149,6.046474291,0.8795432632,57.28376363,True,False,True,0.06361744612,0.1414976864,0.02924882335,True,False,True,0.045,0.015,0.129,True,True,True,True,False,True,results/plots/210523_Sample_C5_force_time.png,results/plots/210523_Sample_C5_force_extension.png
210523 MRC Sample C6Data.csv,23.05.2021,C,6,77.1,F,18wks,oim Het,100,-0.002394867852,True,0.0004543440497,2.311813753,115.9976667,10567.89253,0.010567893,14,0.177,16.74884483,11.75714286,1.646,364.5705368,3.690423436,0.05021428571,790.92,0.006,0.703,0.7673959865,-13.69024543,180,0.5422156159,0.8451582749,27.24452545,False,False,True,0.1938064771,0.2363205107,0.02906040026,False,False,True,0.029,0.024,0.182,True,True,True,False,False,True,results/plots/210523_Sample_C6_force_time.png,results/plots/210523_Sample_C6_force_extension.png
210523 MRC Sample C7Data.csv,23.05.2021,C,7,77.1,F,18wks,oim Het,9.653468504,-0.0138950856,False,0.05722604945,30.3167352,112.5556667,9950.035057,0.009950035,14,0.143,14.37180874,5.114285714,0.716,418.8224495,5.427116588,0.01507142857,784.62,0.065,0.211,0.815313086,-1.62063603,179,47.06696748,43.25405746,46.96077547,True,True,True,0.03241451145,0.02618661098,0.03060832921,True,True,True,0.114,0.109,0.173,True,True,True,True,True,True,results/plots/210523_Sample_C7_force_time.png,results/plots/210523_Sample_C7_force_extension.png
210523 MRC Sample C8Data.csv,23.05.2021,C,8,77.1,F,18wks,oim Het,2.764218278,-0.001904318665,False,0.1961763923,41.67913685,112.255,9896.947575,0.009896948,14.001,0.104,10.50829003,3.621169916,0.507,444.7313208,5.961433767,0.02849796443,787.02,0.06,0.399,0.7572304853,-6.875052045,76,10.83420493,21.50166663,49.38670216,True,True,True,0.01505128019,0.04454436637,0.03338380063,True,True,True,0.223,0.055,0.114,True,True,True,True,True,True,results/plots/210523_Sample_C8_force_time.png,results/plots/210523_Sample_C8_force_extension.png
210523 MRC Sample D1Data.csv,23.05.2021,D,1,77.2,F,18wks,oim Het,39.88943413,-0.01789232156,False,0.04182861054,44.98638202,106.157,8850.894316,0.008850894,14,0.113,12.76707189,10.77857143,1.509,327.8438331,7.230907974,0.06392857143,793.33,0.026,0.895,0.7795611154,-14.7960717,162,1.887683007,3.509112876,14.74436604,False,True,True,0.1385761122,0.1400362981,0.03661993312,False,False,True,0.039,0.039,0.113,True,True,True,False,False,True,results/plots/210523_Sample_D1_force_time.png,results/plots/210523_Sample_D1_force_extension.png
210523 MRC Sample D10Data.csv,23.05.2021,D,10,77.2,F,18wks,oim Het,14.34030302,-0.03410462222,False,0.07669457968,29.35755864,131.0856667,13495.85165,0.013495852,14,0.435,32.23212584,6.192857143,0.867,740.9103665,17.93143553,0.0315,787.56,0.243,0.441,0.9336573154,-4.956757965,100,18.89859862,52.35282404,131.2415608,True,True,True,0.02252104836,0.02333310955,0.01127197132,True,True,True,0.208,0.198,0.474,True,True,True,True,True,True,results/plots/210523_Sample_D10_force_time.png,results/plots/210523_Sample_D10_force_extension.png
210523 MRC Sample D2Data.csv,23.05.2021,D,2,77.2,F,18wks,oim Het,19.37049335,-0.009672334663,False,0.05182228344,41.79870397,119.9046667,11291.77079,0.011291771,14,0.223,19.74889501,9.064285714,1.269,387.1649396,8.767446665,0.04457142857,789.91,0.075,0.624,0.7913016328,-9.858912305,181,15.41909011,5.042497791,34.35535604,True,True,True,0.04775644607,0.07813418752,0.01999086196,True,True,True,0.113,0.059,0.237,True,True,True,True,True,True,results/plots/210523_Sample_D2_force_time.png,results/plots/210523_Sample_D2_force_extension.png
210523 MRC Sample D3Data.csv,23.05.2021,D,3,77.2,F,18wks,oim Het,60.9378586,-0.01495530017,False,0.04929003635,68.65510307,87.98666667,6080.28045,0.00608028,14.001,0.074,12.17049215,8.935076066,1.251,466.7701951,3.947186643,0.04028283694,789.14,-0.009,0.564,0.7707054968,-15.36747939,169,5.823181465,1.696047751,20.61339309,True,False,True,0.1095224708,0.2314151155,0.05619702283,False,False,True,0.039,0.019,0.079,True,True,True,False,False,True,results/plots/210523_Sample_D3_force_time.png,results/plots/210523_Sample_D3_force_extension.png
210523 MRC Sample D4Data.csv,23.05.2021,D,4,77.2,F,18wks,oim Het,1.686948438,-0.004828438068,False,0.09445556149,27.28314034,91.659,6598.42236,0.006598422,14.001,0.237,35.9176785,6.785229626,0.95,785.9789,6.819812373,0.0101421327,783.72,0.046,0.142,0.866787458,-0.1004766803,181,57.63500764,31.34450602,81.44773199,True,True,True,0.03029069859,0.03077475161,0.01719379209,True,True,True,0.134,0.119,0.276,True,True,True,True,True,True,results/plots/210523_Sample_D4_force_time.png,results/plots/210523_Sample_D4_force_extension.png
210523 MRC Sample D5Data.csv,23.05.2021,D,5,77.2,F,18wks,oim Het,-12.17909507,0.009328642117,False,0.1245280061,48.20807654,94.318,6986.811838,0.006986812,14,0.429,61.40139451,12.24285714,1.714,756.065709,25.33344249,0.05978571429,792.65,0.144,0.837,0.8778183105,-19.66283087,180,11.47250743,6.442157683,64.84714118,True,True,True,0.0473232364,0.08522012419,0.01096921969,True,False,True,0.113,0.059,0.434,True,True,True,True,False,True,results/plots/210523_Sample_D5_force_time.png,results/plots/210523_Sample_D5_force_extension.png
210523 MRC Sample D6Data.csv,23.05.2021,D,6,77.2,F,18wks,oim Het,35.95536953,-0.007705781291,False,0.06037673263,67.342712,103.389,8395.345059,0.008395345,14,0.212,25.2520891,11.2,1.568,480.3360318,11.07756739,0.06028571429,792.74,0.055,0.844,0.8111166404,-17.80450864,179,5.975702423,7.479341082,140.9470728,True,True,True,0.045656498,0.1384766866,0.02116319582,True,False,True,0.049,0.024,0.212,True,True,True,True,False,True,results/plots/210523_Sample_D6_force_time.png,results/plots/210523_Sample_D6_force_extension.png
210523 MRC Sample D7Data.csv,23.05.2021,D,7,77.2,F,18wks,oim Het,75.54863896,-0.0513054661,False,0.03593600327,54.44703267,109.636,9440.527154,0.009440527,14.001,0.316,33.47270761,12.32769088,1.726,460.713246,10.38077641,0.05113920434,791.09,0.06,0.716,0.7846757793,-13.22654269,180,3.682529199,26.94392946,216.5837793,True,True,True,0.06102344327,0.1024259953,0.01509043936,True,False,True,0.044,0.039,0.316,True,True,True,True,False,True,results/plots/210523_Sample_D7_force_time.png,results/plots/210523_Sample_D7_force_extension.png
210523 MRC Sample E1Data.csv,23.05.2021,E,1,102.3,F,18wks,oim Hom,100,-0.003199094845,True,0.0637561328,40.85308801,64.44,3261.376555,0.003261377,14,0.03,9.19856858,6.457142857,0.904,235.4955912,4.59928429,0.05435714286,791.67,-0.014,0.761,0.2826864402,-8.898101955,93,4.392704196,0.8936251446,4.362113467,True,False,True,0.1479216198,0.2421218903,0.1234223001,False,False,False,0.039,0.024,0.039,True,True,True,False,False,False,results/plots/210523_Sample_E1_force_time.png,results/plots/210523_Sample_E1_force_extension.png
210523 MRC Sample E10Data.csv,23.05.2021,E,10,102.3,F,18wks,oim Hom,35.92161515,-0.008182464118,False,0.01257114414,35.99431917,89.97666667,6358.426879,0.006358427,14,0.024,3.774518446,14.89285714,2.085,56.05231811,0.7863580096,0.01821428571,785.18,-0.033,0.255,0.2192853155,-0.002378496708,78,1.345398817,6.83793855,5.142882338,False,True,True,0.1012929512,0.1981814769,0.1445162942,False,False,False,0.034,0.019,0.024,True,True,True,False,False,False,results/plots/210523_Sample_E10_force_time.png,results/plots/210523_Sample_E10_force_extension.png
210523 MRC Sample E2Data.csv,23.05.2021,E,2,102.3,F,18wks,oim Hom,60.76576432,-0.01504848365,False,0.01317059917,18.02299987,61.57433333,2977.757438,0.002977757,14.001,0.014,4.701525343,0,0,,,,,,,,,0,1.139538949,0.805660778,0.7346283713,False,False,False,0.1917158354,0.2879613985,0.2947678318,False,False,False,0.029,0.019,0.019,True,True,True,False,False,False,results/plots/210523_Sample_E2_force_time.png,results/plots/210523_Sample_E2_force_extension.png
210523 MRC Sample E3Data.csv,23.05.2021,E,3,102.3,F,18wks,oim Hom,63.01029534,-0.01025992174,False,0.01239886327,22.92095883,70.59866667,3914.559327,0.003914559,14.001,0.014,3.576392641,0,0,,,,,,,,,0,0.7577093018,1.068072752,0.9986220711,False,False,False,0.2874996787,0.2948626494,0.3030734391,False,False,False,0.019,0.019,0.019,True,True,True,False,False,False,results/plots/210523_Sample_E3_force_time.png,results/plots/210523_Sample_E3_force_extension.png
210523 MRC Sample E4Data.csv,23.05.2021,E,4,102.3,F,18wks,oim Hom,100,0.005068910867,True,-0.001480298422,-4.017710357,70.636,3918.700544,0.003918701,14.001,0.019,4.848545475,5.728162274,0.802,1.224505861e-13,1.27593302,0.000571387758,782.01,-0.033,0.008,,1.27593302,32,0.5217435579,0.9540364383,3.482298783,False,False,True,0.2235874167,0.2186631485,0.1873382593,False,False,False,0.019,0.019,0.019,True,True,True,False,False,False,results/plots/210523_Sample_E4_force_time.png,results/plots/210523_Sample_E4_force_extension.png
210523 MRC Sample E5Data.csv,23.05.2021,E,5,102.3,F,18wks,oim Hom,100,-0.00898156535,False,0.02270550352,33.69388185,62.38333333,3056.518542,0.003056519,14,0.019,6.216221787,3.971428571,0.556,7.949120809e-14,1.635847839,0.03942857143,788.93,-0.033,0.552,,1.635847839,19,3.122767477,1.830401106,5.805651424,True,False,True,0.04375480442,0.09555906428,0.2281761425,True,False,False,0.024,0.009,0.019,True,False,True,True,False,False,results/plots/210523_Sample_E5_force_time.png,results/plots/210523_Sample_E5_force_extension.png
210523 MRC Sample E6Data.csv,23.05.2021,E,6,102.3,F,18wks,oim Hom,83.97996903,-0.003799836957,False,0.001195597739,3.316718168,88.00966667,6083.459675,0.00608346,14.001,0.019,3.12322264,0.1714163274,0.024,-1.632283425e-13,0.8219006947,0,781.55,-0.033,0,0.7333333333,0.8219006947,15,0.7633645489,0.5363588554,1.635817366,False,False,False,0.1923559118,0.2856904741,0.3002684506,False,False,False,0.029,0.019,0.019,True,True,True,False,False,False,results/plots/210523_Sample_E6_force_time.png,results/plots/210523_Sample_E6_force_extension.png
210523 MRC Sample E8Data.csv,23.05.2021,E,8,102.3,F,18wks,oim Hom,100,-0.002128476699,True,-0.00216592172,-1.699452069,60.86,2909.067359,0.002909067,14,0.009,3.093775427,37.31428571,5.224,,,,,,,,,0,1.563643315,1.009244173,2.040308314,False,False,False,0.04822468219,0.05603181343,0.06472044791,True,True,True,0.024,0.02,0.014,True,True,True,True,True,False,results/plots/210523_Sample_E8_force_time.png,results/plots/210523_Sample_E8_force_extension.png
210524 MRC Sample A1Data.csv,24.05.2021,A,1,87.2,F,18wks,oim Wt,6.518284677,-0.01563259562,False,0.2121658811,59.64888033,117.913,10919.76418,0.010919764,14.001,0.384,35.16559515,26.16955932,3.664,794.525339,17.58279758,0.02714091851,786.79,0.725,0.38,0.9312742078,-4.447905884,180,3.129764058,23.07227839,60.09896928,True,True,True,0.02978870227,0.02579358308,0.02328824036,True,True,True,0.182,0.182,0.394,True,True,True,True,True,True,results/plots/210524_Sample_A1_force_time.png,results/plots/210524_Sample_A1_force_extension.png
210524 MRC Sample A10Data.csv,24.05.2021,A,10,87.2,F,18wks,oim Wt,17.19458198,-0.03744165546,False,0.07440709617,37.43085624,131.2426667,13528.19871,0.013528199,14.001,0.555,41.02541661,8.606528105,1.205,691.2964117,18.55383706,0.03228340833,787.7,0.286,0.452,0.9509993073,-3.842148531,180,53.95278168,28.75522419,81.78475543,True,True,True,0.02020891207,0.02900883741,0.02152819909,True,True,True,0.207,0.197,0.57,True,True,True,True,True,True,results/plots/210524_Sample_A10_force_time.png,results/plots/210524_Sample_A10_force_extension.png
210524 MRC Sample A2Data.csv,24.05.2021,A,2,87.2,F,18wks,oim Wt,18.2027971,-0.04450722458,False,0.07274050522,35.1839113,89.93166667,6352.068394,0.006352068,14,0.236,37.15325466,7.207142857,1.009,809.6984671,13.22403979,0.0225,785.95,0.104,0.315,0.9021306815,-3.92971455,181,72.94655392,68.33836307,160.6076372,True,True,True,0.02229590002,0.02085818008,0.01494927421,True,True,True,0.122,0.118,0.241,True,True,True,True,True,True,results/plots/210524_Sample_A2_force_time.png,results/plots/210524_Sample_A2_force_extension.png
210524 MRC Sample A3Data.csv,24.05.2021,A,3,87.2,F,18wks,oim Wt,78.44552924,-0.06050281927,False,0.1165467393,69.78929396,101.4886667,8089.561396,0.008089561,14.001,0.069,8.529511058,5.121062781,0.717,499.0134041,4.32656358,0.02699807157,786.76,0.055,0.378,0.652051083,-9.256877328,96,9.584781802,17.22355441,16.41375372,True,True,True,0.04989498977,0.127302849,0.0701851904,True,False,True,0.079,0.04,0.069,True,True,True,True,False,True,results/plots/210524_Sample_A3_force_time.png,results/plots/210524_Sample_A3_force_extension.png
210524 MRC Sample A4Data.csv,24.05.2021,A,4,87.2,F,18wks,oim Wt,15.39794228,-0.02849311452,False,0.09821060117,38.26333305,147.9,17180.12144,0.017180121,14,0.466,27.12437241,7.564285714,1.059,567.4301817,4.249096965,0.008214285714,783.38,0.133,0.115,0.96235307,-0.6475544829,171,19.51284384,50.47925966,106.1736495,True,True,True,0.01823650211,0.0193849812,0.007700065682,True,True,True,0.24,0.211,0.511,True,True,True,True,True,True,results/plots/210524_Sample_A4_force_time.png,results/plots/210524_Sample_A4_force_extension.png
210524 MRC Sample A5Data.csv,24.05.2021,A,5,87.2,F,18wks,oim Wt,51.47049765,-0.01754828968,False,0.009288724808,30.03392074,114.88,10365.22503,0.010365225,14.001,0.201,19.39176429,10.21355617,1.43,452.6972528,11.38421983,0.06463824013,793.52,0.153,0.905,0.5284095617,-16.89428697,36,5.094426863,3.697977512,34.96904941,True,True,True,0.1361814088,0.1414382097,0.02457032396,False,False,True,0.04,0.04,0.216,True,True,True,False,False,True,results/plots/210524_Sample_A5_force_time.png,results/plots/210524_Sample_A5_force_extension.png
210524 MRC Sample A6Data.csv,24.05.2021,A,6,87.2,F,18wks,oim Wt,2.321984676,-0.004963459807,False,0.114742224,35.33264529,100.463,7926.877869,0.007926878,14.001,0.162,20.43679744,5.33533319,0.747,770.6610115,11.73223557,0.02178415827,785.82,0.133,0.305,0.7242008994,-5.49176523,110,21.08501583,16.58813611,31.99461776,True,True,True,0.0360243643,0.03418204475,0.03735731429,True,True,True,0.153,0.123,0.182,True,True,True,True,True,True,results/plots/210524_Sample_A6_force_time.png,results/plots/210524_Sample_A6_force_extension.png
210524 MRC Sample A7Data.csv,24.05.2021,A,7,87.2,F,18wks,oim Wt,25.48380545,-0.02989203252,False,0.03836129021,35.85734349,135.8666667,14498.25463,0.014498255,14,0.305,21.03701445,8.314285714,1.164,464.3216571,7.449172331,0.02492857143,786.38,0.133,0.349,0.9058152643,-4.214470101,181,14.2256391,18.48705613,55.36087281,True,True,True,0.04026267367,0.04468710361,0.0183752737,True,True,True,0.118,0.113,0.31,True,True,True,True,True,True,results/plots/210524_Sample_A7_force_time.png,results/plots/210524_Sample_A7_force_extension.png
210524 MRC Sample A8Data.csv,24.05.2021,A,8,87.2,F,18wks,oim Wt,8.798999923,-0.02050802301,False,0.02012814475,10.79883552,111.1873333,9709.581467,0.009709581,14.001,0.476,49.02374263,9.249339333,1.295,871.6449746,7.003391804,0.01649882151,784.89,0.123,0.231,0.9515844665,-7.112704666,180,27.65266837,29.98911204,99.21542857,True,True,True,0.02484383513,0.02984857718,0.01106455983,True,True,True,0.177,0.157,0.496,True,True,True,True,True,True,results/plots/210524_Sample_A8_force_time.png,results/plots/210524_Sample_A8_force_extension.png
210524 MRC Sample A9Data.csv,24.05.2021,A,9,87.2,F,18wks,oim Wt,12.17781448,-0.02672189756,False,0.09849278257,37.65501054,105.1353333,8681.350146,0.00868135,14,0.27,31.10115362,9.114285714,1.276,611.6579729,8.408830424,0.01842857143,785.22,0.138,0.258,0.8670669372,-2.094022586,181,23.86593996,38.64360074,72.73469383,True,True,True,0.03050582653,0.04014197184,0.02014885996,True,True,True,0.137,0.117,0.29,True,True,True,True,True,True,results/plots/210524_Sample_A9_force_time.png,results/plots/210524_Sample_A9_force_extension.png
210524 MRC Sample B1Data.csv,24.05.2021,B,1,87.4,F,18wks,oim Wt,19.88357166,-0.05871206702,False,0.1063229173,34.26994144,98.76566667,7661.289624,0.00766129,14.001,0.339,44.24842292,9.120777087,1.277,917.773673,12.79157949,0.01907006642,785.33,0.128,0.267,0.9252815765,-4.674269973,181,23.64640867,20.04741815,47.49413901,True,True,True,0.03484265704,0.03128204907,0.01657764417,True,True,True,0.157,0.153,0.349,True,True,True,True,True,True,results/plots/210524_Sample_B1_force_time.png,results/plots/210524_Sample_B1_force_extension.png
210524 MRC Sample B10Data.csv,24.05.2021,B,10,87.4,F,18wks,oim Wt,19.47025644,-0.03790096803,False,0.04604989292,39.62961179,125.1313333,12297.64708,0.012297647,14,0.536,43.58557373,9.407142857,1.317,1039.490767,17.97091753,0.03364285714,787.94,0.241,0.471,0.9680120392,-16.35403583,180,17.86777731,40.13057875,362.9578622,True,True,True,0.02146745797,0.02476947342,0.0109531882,True,True,True,0.157,0.153,0.536,True,True,True,True,True,True,results/plots/210524_Sample_B10_force_time.png,results/plots/210524_Sample_B10_force_extension.png
210524 MRC Sample B2Data.csv,24.05.2021,B,2,87.4,F,18wks,oim Wt,28.18322479,-0.02301466383,False,0.07096005955,43.55306397,102.3386667,8225.634167,0.008225634,14.001,0.073,8.874695859,2.914077566,0.408,465.6073115,1.701996466,0.01949860724,785.41,0.074,0.273,0.7241620586,-6.650927465,143,43.4266281,21.67200088,29.03432609,True,True,True,0.02955713505,0.06569816112,0.03484969456,True,True,True,0.093,0.054,0.098,True,True,True,True,True,True,results/plots/210524_Sample_B2_force_time.png,results/plots/210524_Sample_B2_force_extension.png
210524 MRC Sample B3Data.csv,24.05.2021,B,3,87.4,F,18wks,oim Wt,8.420393007,-0.0115508462,False,0.07510994406,31.40665425,105.1483333,8683.49718,0.008683497,14.001,0.275,31.66926873,8.892221984,1.245,825.6816127,8.406751335,0.02485536747,786.37,0.133,0.348,0.9432973564,-12.44693857,181,37.03444882,23.60971845,116.4791617,True,True,True,0.02806959171,0.04035375298,0.0203061379,True,True,True,0.153,0.103,0.295,True,True,True,True,True,True,results/plots/210524_Sample_B3_force_time.png,results/plots/210524_Sample_B3_force_extension.png
210524 MRC Sample B4Data.csv,24.05.2021,B,4,87.4,F,18wks,oim Wt,12.27046262,-0.02378226283,False,0.07990177342,33.5901208,108.6943333,9279.053687,0.009279054,14,0.29,31.25318594,7.492857143,1.049,784.5892049,10.02257342,0.02357142857,786.13,0.133,0.33,0.9278122516,-8.312821697,180,16.59709065,15.6684341,50.63453216,True,True,True,0.03550716124,0.04240065134,0.02002882333,True,True,True,0.153,0.118,0.31,True,True,True,True,True,True,results/plots/210524_Sample_B4_force_time.png,results/plots/210524_Sample_B4_force_extension.png
210524 MRC Sample B5Data.csv,24.05.2021,B,5,87.4,F,18wks,oim Wt,-1.463455605,0.001101201583,False,0.02770445172,28.9513946,100.126,7873.786137,0.007873786,14,0.261,33.14796719,9.178571429,1.285,712.8843678,11.93834834,0.03314285714,787.86,0.114,0.464,0.9079153105,-11.86496781,179,8.816771455,5.439722882,33.81778691,True,True,True,0.07248695898,0.08385439368,0.02052556904,True,False,True,0.079,0.059,0.261,True,True,True,True,False,True,results/plots/210524_Sample_B5_force_time.png,results/plots/210524_Sample_B5_force_extension.png
210524 MRC Sample B6Data.csv,24.05.2021,B,6,87.4,F,18wks,oim Wt,23.10555734,-0.04322081156,False,0.1102712533,46.45472443,136.7646667,14690.53811,0.014690538,14,0.589,40.09383455,10.46428571,1.465,770.7074562,15.04369683,0.0305,787.39,0.281,0.427,0.9577258298,-8.293810917,180,14.67250887,114.6077231,406.0157704,True,True,True,0.01485112887,0.02041594901,0.0175072623,True,True,True,0.211,0.186,0.599,True,True,True,True,True,True,results/plots/210524_Sample_B6_force_time.png,results/plots/210524_Sample_B6_force_extension.png
210524 MRC Sample B7Data.csv,24.05.2021,B,7,87.4,F,18wks,oim Wt,6.901978082,-0.009648394932,False,0.05823228259,35.41394903,124.78,12228.68742,0.012228687,14,0.236,19.29888303,5.85,0.819,544.4687785,9.240566874,0.02521428571,786.43,0.133,0.353,0.9196993104,-4.83215159,155,33.00236338,15.54025239,28.41548961,True,True,True,0.03515191161,0.04897579778,0.02086836289,True,True,True,0.153,0.113,0.236,True,True,True,True,True,True,results/plots/210524_Sample_B7_force_time.png,results/plots/210524_Sample_B7_force_extension.png
210524 MRC Sample B8Data.csv,24.05.2021,B,8,87.4,F,18wks,oim Wt,10.15733782,-0.01340284255,False,0.06639589089,41.66807828,138.8823333,15148.99736,0.015148997,14.001,0.471,31.09116729,8.520819941,1.193,658.7907307,12.27804059,0.03342618384,787.91,0.246,0.468,0.9390574489,-10.34555878,181,87.37389402,35.35867391,138.0310981,True,True,True,0.02127158829,0.03117308655,0.01063918915,True,True,True,0.162,0.137,0.486,True,True,True,True,True,True,results/plots/210524_Sample_B8_force_time.png,results/plots/210524_Sample_B8_force_extension.png
210524 MRC Sample B9Data.csv,24.05.2021,B,9,87.4,F,18wks,oim Wt,1.194673729,-0.001312404615,False,0.05763502246,42.81795427,119.8283333,11277.39829,0.011277398,14,0.27,23.94169293,7.021428571,0.983,637.5392414,10.02004186,0.02814285714,786.96,0.133,0.394,0.9142385713,-7.988152166,179,11.69325519,11.98472157,44.53653707,True,True,True,0.04728402733,0.05322575411,0.01942543599,True,True,True,0.113,0.084,0.27,True,True,True,True,True,True,results/plots/210524_Sample_B9_force_time.png,results/plots/210524_Sample_B9_force_extension.png
210524 MRC Sample C1Data.csv,24.05.2021,C,1,77.4,F,18wks,oim Het,16.26439371,-0.009545876476,False,0.02998231537,49.51597834,123.2706667,11934.64131,0.011934641,14.001,0.595,49.85487205,14.94893222,2.093,606.979105,8.295180391,0.03571173488,788.32,0.119,0.5,0.9277125509,-12.64915923,181,11.89709449,6.822273401,409.1221876,True,True,True,0.05431055748,0.06142388889,0.005631605892,True,True,True,0.064,0.059,0.595,True,True,True,True,True,True,results/plots/210524_Sample_C1_force_time.png,results/plots/210524_Sample_C1_force_extension.png
210524 MRC Sample C10Data.csv,24.05.2021,C,10,77.4,F,18wks,oim Het,4.555698202,-0.005132103258,False,0.07821510535,44.85650049,78.98066667,4899.271102,0.004899271,14,0.192,39.18950391,9.892857143,1.385,767.9603397,10.00148798,0.03578571429,788.33,0.074,0.501,0.7261272886,-16.86301822,180,8.00853796,6.021873907,28.40048732,True,True,True,0.07527862989,0.1202375121,0.02594488943,True,False,True,0.074,0.04,0.197,True,True,True,True,False,True,results/plots/210524_Sample_C10_force_time.png,results/plots/210524_Sample_C10_force_extension.png
210524 MRC Sample C2Data.csv,24.05.2021,C,2,77.4,F,18wks,oim Het,88.57475161,-0.06160299662,False,0.04478709601,49.62944645,95.211,7119.740004,0.00711974,14.001,0.157,22.05136704,8.385115349,1.174,509.7477648,4.915909851,0.02506963788,786.41,0.055,0.351,0.6955207639,-9.162315902,154,8.518983106,4.726928178,25.55289353,True,True,True,0.083727658,0.139145393,0.0300543345,False,False,True,0.059,0.04,0.157,True,True,True,False,False,True,results/plots/210524_Sample_C2_force_time.png,results/plots/210524_Sample_C2_force_extension.png
210524 MRC Sample C3Data.csv,24.05.2021,C,3,77.4,F,18wks,oim Het,15.61538469,-0.01905300236,False,0.06516448609,41.82732197,82.61266667,5360.226772,0.005360227,14.001,0.231,43.09518981,9.377901578,1.313,784.7795944,20.14840043,0.04378258696,789.76,0.133,0.613,0.8394774173,-16.82715827,180,5.97348467,6.767132655,31.95201403,True,True,True,0.09620786861,0.08356001426,0.02110109532,False,False,True,0.059,0.059,0.236,True,True,True,False,False,True,results/plots/210524_Sample_C3_force_time.png,results/plots/210524_Sample_C3_force_extension.png
210524 MRC Sample C5Data.csv,24.05.2021,C,5,77.4,F,18wks,oim Het,19.14685872,-0.01347730567,False,0.1037933364,62.83955884,97.72166667,7500.178718,0.007500179,14,0.197,26.26603978,9.735714286,1.363,535.0627928,11.1997327,0.05171428571,791.2,0.104,0.724,0.776102375,-15.35245809,179,5.301852296,4.775334789,28.83307022,True,True,True,0.07353791856,0.1341946304,0.02484784368,True,False,True,0.079,0.04,0.197,True,True,True,True,False,True,results/plots/210524_Sample_C5_force_time.png,results/plots/210524_Sample_C5_force_extension.png
210524 MRC Sample C6Data.csv,24.05.2021,C,6,77.4,F,18wks,oim Het,1.555510646,-0.0007684866964,False,0.06088096281,23.43713623,68.61133333,3697.273683,0.003697274,14,0.079,21.3670937,6.035714286,0.845,1056.235511,9.466433919,0.03635714286,788.44,0.05,0.509,0.6784142393,-31.28398049,136,1.622437122,2.229397523,16.50318906,False,False,True,0.1008679682,0.08669569506,0.05148060744,False,False,True,0.054,0.039,0.098,True,True,True,False,False,True,results/plots/210524_Sample_C6_force_time.png,results/plots/210524_Sample_C6_force_extension.png
210524 MRC Sample C8Data.csv,24.05.2021,C,8,77.4,F,18wks,oim Het,19.72358797,-0.01831793528,False,0.1085061736,43.95632771,93.30033333,6836.85347,0.006836853,14,0.133,19.45339471,6.028571429,0.844,666.3230689,10.8236933,0.04535714286,790.05,0.114,0.635,0.7247470479,-18.67645813,55,15.47346562,5.436477574,22.00919214,True,True,True,0.04651381295,0.07961614276,0.03325960151,True,True,True,0.118,0.059,0.153,True,True,True,True,True,True,results/plots/210524_Sample_C8_force_time.png,results/plots/210524_Sample_C8_force_extension.png
210524 MRC Sample C9Data.csv,24.05.2021,C,9,77.4,F,18wks,oim Het,5.336904951,-0.002608525704,False,0.03426997105,58.86016461,111.7113333,9801.315109,0.009801315,14,0.098,9.998658343,6.371428571,0.892,388.1178573,3.468922282,0.0275,786.84,0.069,0.385,0.7522584187,-7.732941954,164,5.052081628,3.944693875,14.59489812,True,True,True,0.1084337758,0.1234124792,0.05470491121,False,False,True,0.054,0.04,0.113,True,True,True,False,False,True,results/plots/210524_Sample_C9_force_time.png,results/plots/210524_Sample_C9_force_extension.png
210524 MRC Sample D1Data.csv,24.05.2021,D,1,85.2,F,18wks,oim Het,59.60061037,-0.07148465035,False,0.1361459049,34.47347206,76.25133333,4566.513708,0.004566514,14.001,0.094,20.58462976,4.878222984,0.683,824.4167097,5.474635575,0.001571316335,782.19,0.045,0.022,0.7450920487,3.092647707,154,7.838419188,5.643015674,9.438584264,True,True,True,0.0485640953,0.06036239225,0.0429483213,True,True,True,0.094,0.079,0.094,True,True,True,True,True,True,results/plots/210524_Sample_D1_force_time.png,results/plots/210524_Sample_D1_force_extension.png
210524 MRC Sample D10Data.csv,24.05.2021,D,10,85.2,F,18wks,oim Het,8.962847364,-0.0243364932,False,0.06802774425,20.37767586,94.75466667,7051.655671,0.007051656,14.001,0.393,55.73158986,9.79930005,1.372,952.5551448,10.35217827,0.01828440826,785.19,0.133,0.256,0.9087882149,-6.850378198,180,20.42284774,79.6131254,162.8501444,True,True,True,0.02375503402,0.03019766129,0.01463016473,True,True,True,0.157,0.157,0.428,True,True,True,True,True,True,results/plots/210524_Sample_D10_force_time.png,results/plots/210524_Sample_D10_force_extension.png
210524 MRC Sample D2Data.csv,24.05.2021,D,2,85.2,F,18wks,oim Het,18.52969739,-0.03551555486,False,0.0943587834,36.8752682,67.77833333,3608.042562,0.003608043,14,0.157,43.51389382,7.907142857,1.107,1042.614789,6.928963984,0.01785714286,785.12,0.045,0.25,0.812674915,-11.60649245,143,6.775385754,6.579421074,27.99765439,True,True,True,0.0680433019,0.0790741039,0.03006321251,True,True,True,0.079,0.059,0.157,True,True,True,True,True,True,results/plots/210524_Sample_D2_force_time.png,results/plots/210524_Sample_D2_force_extension.png
210524 MRC Sample D3Data.csv,24.05.2021,D,3,85.2,F,18wks,oim Het,9.526879519,-0.02370627256,False,0.05658654801,19.82223136,105.3686667,8719.92703,0.008719927,14,0.501,57.45460943,9.45,1.323,927.2336776,28.09656549,0.04157142857,789.39,0.295,0.582,0.9383344843,-10.02541152,179,22.48367338,17.93232578,120.1702344,True,True,True,0.02697010958,0.02914696053,0.0345106647,True,True,True,0.177,0.172,0.531,True,True,True,True,True,True,results/plots/210524_Sample_D3_force_time.png,results/plots/210524_Sample_D3_force_extension.png
210524 MRC Sample D4Data.csv,24.05.2021,D,4,85.2,F,18wks,oim Het,10.06602944,-0.0013664054,False,0.000701130672,0.7296434105,102.158,8196.617052,0.008196617,14,0.181,22.08228102,11.81428571,1.654,489.6942413,6.58808384,0.061,792.86,0.109,0.854,0.7767511893,-22.73875211,181,0.4070840345,1.748719051,46.8223658,False,False,True,0.09198393314,0.1001801769,0.02178850724,False,False,True,0.035,0.025,0.196,True,True,True,False,False,True,results/plots/210524_Sample_D4_force_time.png,results/plots/210524_Sample_D4_force_extension.png
210524 MRC Sample D5Data.csv,24.05.2021,D,5,85.2,F,18wks,oim Het,34.73948973,-0.01638618841,False,0.02252591535,13.75506767,89.38933333,6275.687043,0.006275687,14.001,0.132,21.03355378,8.935076066,1.251,599.8081832,3.824282505,0.03171202057,787.6,0.069,0.444,0.8153171302,-14.39362695,181,2.982544546,3.264066154,26.05824284,False,True,True,0.07700390656,0.07424268947,0.02659555776,True,True,True,0.059,0.049,0.142,True,True,True,True,True,True,results/plots/210524_Sample_D5_force_time.png,results/plots/210524_Sample_D5_force_extension.png
210524 MRC Sample D7Data.csv,24.05.2021,D,7,85.2,F,18wks,oim Het,27.82314283,-0.005863302475,False,0.02337529883,21.22676143,97.94233333,7534.089479,0.007534089,14,0.117,15.5294157,7.907142857,1.107,403.0045999,7.831072874,0.04992857143,790.87,0.119,0.699,0.731930239,-13.0403172,121,7.911228014,6.599920877,60.15772781,True,True,True,0.03855296961,0.1004120674,0.02257963749,True,False,True,0.064,0.034,0.132,True,True,True,True,False,True,results/plots/210524_Sample_D7_force_time.png,results/plots/210524_Sample_D7_force_extension.png
210524 MRC Sample D8Data.csv,24.05.2021,D,8,85.2,F,18wks,oim Het,100,-0.0003442000304,True,-6.671853676e-05,-0.1789035477,86.47933333,5873.737683,0.005873738,14.001,0.03,5.107480109,6.335261767,0.887,229.5060305,2.553740054,0.06292407685,793.21,0.045,0.881,0.2166367516,-12.03307619,64,0.8725157632,0.9152099033,4.586912685,False,False,True,0.2465759922,0.2469996471,0.1425566035,False,False,False,0.025,0.025,0.04,True,True,True,False,False,False,results/plots/210524_Sample_D8_force_time.png,results/plots/210524_Sample_D8_force_extension.png
210524 MRC Sample D9Data.csv,24.05.2021,D,9,85.2,F,18wks,oim Het,-10.81691915,0.01074094824,False,0.0722708701,33.32350316,78.80333333,4877.295376,0.004877295,14.001,0.182,37.31576622,14.11327762,1.976,811.3004938,7.996235618,0.02828369402,787,0.069,0.396,0.7721123163,-13.43124736,180,5.735140379,5.112804153,25.16566625,True,True,True,0.06834028985,0.08490368975,0.02388465939,True,False,True,0.079,0.059,0.192,True,True,True,True,False,True,results/plots/210524_Sample_D9_force_time.png,results/plots/210524_Sample_D9_force_extension.png
210524 MRC Sample E1Data.csv,24.05.2021,E,1,147.2,F,18wks,oim Hom,23.47009224,-0.02784055187,False,0.01540279981,4.888491646,64.68566667,3286.290855,0.003286291,10.001,0.049,14.91042637,6.919308069,0.692,647.2498168,5.7815939,0.0395960404,789.01,0.074,0.396,0.688621865,-19.65959409,112,5.239933277,2.630974006,13.82305126,True,False,True,0.07020852465,0.07962184239,0.05076817586,True,True,True,0.059,0.054,0.064,True,True,True,True,True,True,results/plots/210524_Sample_E1_force_time.png,results/plots/210524_Sample_E1_force_extension.png
210524 MRC Sample E10Data.csv,24.05.2021,E,10,147.2,F,18wks,oim Hom,16.08053154,-0.01144714833,False,0.07400515925,48.91734347,90.34333333,6410.355311,0.006410355,10,0.034,5.303918426,5.24,0.524,298.4597123,0.7799880038,0.024,786.2,0.045,0.24,0.7086165951,-5.698397593,84,1.229547551,4.453661216,5.354745464,False,True,True,0.104480872,0.1268948089,0.07923285659,False,False,True,0.054,0.04,0.054,True,True,True,False,False,True,results/plots/210524_Sample_E10_force_time.png,results/plots/210524_Sample_E10_force_extension.png
210524 MRC Sample E3Data.csv,24.05.2021,E,3,147.2,F,18wks,oim Hom,42.76038298,-0.03162774313,False,0.04001351059,11.12405944,56.14233333,2475.544845,0.002475545,10,0.054,21.81337847,18.89,1.889,820.2835141,9.694834875,0.0417,789.4,0.074,0.417,0.7139674397,-26.57843943,163,2.370495654,3.156566121,15.40612771,False,True,True,0.06440018465,0.09897317799,0.0521971572,True,False,True,0.054,0.034,0.069,True,True,True,True,False,True,results/plots/210524_Sample_E3_force_time.png,results/plots/210524_Sample_E3_force_extension.png
210524 MRC Sample E4Data.csv,24.05.2021,E,4,147.2,F,18wks,oim Hom,1.375874378,-0.001936748354,False,0.05133403059,20.87664211,63.80133333,3197.049724,0.00319705,10.001,0.157,49.10777123,13.03869613,1.304,1117.790753,10.63480396,0.0399960004,789.08,0.069,0.4,0.7528249895,-32.64851072,181,2.427899903,3.385185241,27.26274803,False,True,True,0.09962057789,0.1131999216,0.03026066073,False,False,True,0.054,0.04,0.172,True,True,True,False,False,True,results/plots/210524_Sample_E4_force_time.png,results/plots/210524_Sample_E4_force_extension.png
210524 MRC Sample E5Data.csv,24.05.2021,E,5,147.2,F,18wks,oim Hom,9.74670171,-0.005654992992,False,0.09897946078,51.95307676,82.04666667,5287.029875,0.00528703,10,0.044,8.322252758,18.69,1.869,223.5963121,3.593700055,0.1864,815.44,0.074,1.864,0.342968095,-37.93231826,50,1.931873819,2.43078098,15.97332848,False,False,True,0.09181634079,0.1081120554,0.05886331105,False,False,True,0.059,0.04,0.079,True,True,True,False,False,True,results/plots/210524_Sample_E5_force_time.png,results/plots/210524_Sample_E5_force_extension.png
210524 MRC Sample E6Data.csv,24.05.2021,E,6,147.2,F,18wks,oim Hom,100,-0.001094072007,True,0.04746452,35.18135817,88.52666667,6155.142404,0.006155142,14,0.009,1.462192099,5.464285714,0.765,,,,,,,,,0,1.227569498,0.537769791,1.61451823,False,False,False,0.07068143318,0.1550155282,0.1035520867,True,False,False,0.035,0.01,0.024,True,False,True,True,False,False,results/plots/210524_Sample_E6_force_time.png,results/plots/210524_Sample_E6_force_extension.png
210524 MRC Sample E7Data.csv,24.05.2021,E,7,147.2,F,18wks,oim Hom,46.71365635,-0.006913974593,False,0.02335681685,28.68533136,75.39266667,4464.24572,0.004464246,10.001,0.108,24.19221521,7.939206079,0.794,617.2232076,5.600049818,0.02649735026,786.65,0.045,0.265,0.7050293484,-11.16570772,153,3.043723451,0.8744464151,12.0542099,True,False,True,0.1528207956,0.2055220588,0.04615168636,False,False,True,0.04,0.03,0.108,True,True,True,False,False,True,results/plots/210524_Sample_E7_force_time.png,results/plots/210524_Sample_E7_force_extension.png
210524 MRC Sample E9Data.csv,24.05.2021,E,9,147.2,F,18wks,oim Hom,3.704347656,-0.004513819084,False,0.07270868396,38.08072991,72.23,4097.558014,0.004097558,10.001,0.098,23.91668403,8.369163084,0.837,771.0192536,10.73810304,0.04369563044,789.67,0.079,0.437,0.724920318,-24.19349694,159,5.514543116,4.422770025,15.83710077,True,True,True,0.09657483125,0.1222861616,0.04744633722,False,False,True,0.059,0.04,0.113,True,True,True,False,False,True,results/plots/210524_Sample_E9_force_time.png,results/plots/210524_Sample_E9_force_extension.png
